0;2023.04.24 11:30;4;22,5625;22,8125;23,25;389;202;0;0,0
1;2023.04.24 11:45;4;22,5;22,75;23;389;202;0;0,0
2;2023.04.24 12:00;4;22,375;22,75;22,875;388;202;0;0,0
3;2023.04.24 12:15;4;22,3125;22,625;22,875;388;202;0;0,0
4;2023.04.24 12:30;4;22,25;22,5625;22,8125;387;202;0;0,0
5;2023.04.24 12:45;4;22,125;22,4375;22,75;387;202;0;0,0
6;2023.04.24 13:00;4;22,125;22,375;22,6875;386;202;0;0,0
7;2023.04.24 13:15;4;22,125;22,375;22,5625;387;202;0;0,0
8;2023.04.24 13:30;4;22;22,3125;22,5;386;202;0;0,0
9;2023.04.24 13:45;4;22,125;22,3125;22,625;387;202;0;0,0
10;2023.04.24 14:00;4;22,125;22,25;22,5;386;202;0;0,0
11;2023.04.24 14:15;4;21,9375;22,25;22,375;386;202;0;0,0
12;2023.04.24 14:30;4;21,875;22,125;22,25;386;202;0;0,0
13;2023.04.24 14:45;4;21,75;22;22,1875;385;202;0;0,0
14;2023.04.24 15:00;4;21,4375;21,875;22,125;384;202;0;0,0
15;2023.04.24 15:15;4;21,5625;21,875;22,0625;384;202;0;0,0
16;2023.04.24 15:30;4;21,625;21,875;22,0625;385;202;0;0,0
17;2023.04.24 15:45;4;21,625;21,875;22;385;202;0;0,0
18;2023.04.24 16:00;4;21,625;21,875;22;385;202;0;0,0
19;2023.04.24 16:15;4;21,625;21,875;22;384;202;0;0,0
20;2023.04.24 16:30;4;21,625;21,875;22;384;202;0;0,0
21;2023.04.24 16:45;4;21,625;21,875;22;384;202;0;0,0
22;2023.04.24 17:00;4;21,625;21,875;21,9375;384;202;0;0,0
23;2023.04.24 17:15;4;21,625;21,8125;21,9375;384;202;0;0,0
24;2023.04.24 17:30;4;21,625;21,8125;21,875;384;202;0;0,0
25;2023.04.24 17:45;4;21,625;21,75;21,875;384;202;0;0,0
26;2023.04.24 18:00;4;21,625;21,75;21,875;384;202;0;0,0
27;2023.04.24 18:15;4;21,625;21,75;21,875;384;202;0;0,0
28;2023.04.24 18:30;4;21,625;21,75;21,875;384;202;0;0,0
29;2023.04.24 18:45;4;21,5625;21,75;21,875;384;202;0;0,0
30;2023.04.24 19:00;4;21,5625;21,75;21,875;384;202;0;0,0
31;2023.04.24 19:15;4;21,5625;21,75;21,8125;384;202;0;0,0
32;2023.04.24 19:30;4;21,5;21,75;21,8125;384;202;0;0,0
33;2023.04.24 19:45;4;21,5;21,6875;21,75;384;202;0;0,0
34;2023.04.24 20:00;4;21,5;21,6875;21,75;384;202;0;0,0
35;2023.04.24 20:15;4;21,5;21,6875;21,75;384;202;0;0,0
36;2023.04.24 20:30;4;21,5;21,6875;21,75;384;202;0;0,0
37;2023.04.24 20:45;4;21,5;21,625;21,75;384;202;0;0,0
38;2023.04.24 21:00;4;21,5;21,625;21,75;384;202;0;0,0
39;2023.04.24 21:15;4;21,5;21,625;21,75;384;202;0;0,0
40;2023.04.24 21:30;4;21,5;21,625;21,75;383;202;0;0,0
41;2023.04.24 21:45;4;21,5;21,625;21,75;383;202;0;0,0
42;2023.04.24 22:00;4;21,4375;21,625;21,75;383;202;0;0,0
43;2023.04.24 22:15;4;21,4375;21,625;21,6875;383;202;0;0,0
44;2023.04.24 22:30;4;21,4375;21,625;21,75;383;202;0;0,0
45;2023.04.24 22:45;4;21,4375;21,625;21,6875;383;202;0;0,0
46;2023.04.24 23:00;4;21,375;21,625;21,6875;383;202;0;0,0
47;2023.04.24 23:15;4;21,375;21,625;21,625;383;202;0;0,0
48;2023.04.24 23:30;4;21,375;21,5625;21,625;383;202;0;0,0
49;2023.04.24 23:45;4;21,375;21,5625;21,6875;383;202;0;0,0
50;2023.04.25 00:00;4;21,375;21,5625;21,625;383;202;0;0,0
51;2023.04.25 00:15;4;21,375;21,5625;21,625;383;202;0;0,0
52;2023.04.25 00:30;4;21,375;21,5;21,625;383;202;0;0,0
53;2023.04.25 00:45;4;21,375;21,5;21,625;383;202;0;0,0
54;2023.04.25 01:00;4;21,375;21,5;21,625;383;202;0;0,0
55;2023.04.25 01:15;4;21,375;21,5;21,625;383;202;0;0,0
56;2023.04.25 01:30;4;21,3125;21,5;21,625;383;202;0;0,0
57;2023.04.25 01:45;4;21,375;21,5;21,625;383;202;0;0,0
58;2023.04.25 02:00;4;21,375;21,5;21,625;383;202;0;0,0
59;2023.04.25 02:15;4;21,3125;21,5;21,625;383;202;0;0,0
60;2023.04.25 02:30;4;21,3125;21,5;21,5625;383;202;0;0,0
61;2023.04.25 02:45;4;21,3125;21,5;21,625;383;202;0;0,0
62;2023.04.25 03:00;4;21,3125;21,5;21,625;383;202;0;0,0
63;2023.04.25 03:15;4;21,25;21,5;21,5625;383;202;0;0,0
64;2023.04.25 03:30;4;21,25;21,5;21,5;383;202;0;0,0
65;2023.04.25 03:45;4;21,25;21,5;21,5;383;202;0;0,0
66;2023.04.25 04:00;4;21,25;21,5;21,5625;383;202;0;0,0
67;2023.04.25 04:15;4;21,25;21,5;21,5625;383;202;0;0,0
68;2023.04.25 04:30;4;21,25;21,4375;21,5;383;202;0;0,0
69;2023.04.25 04:45;4;21,25;21,4375;21,5;383;202;0;0,0
70;2023.04.25 05:00;4;21,25;21,4375;21,5625;383;202;0;0,0
71;2023.04.25 05:15;4;21,25;21,4375;21,5;383;202;0;0,0
72;2023.04.25 05:30;4;21,125;21,375;21,5;382;202;0;0,0
73;2023.04.25 05:45;4;21,125;21,375;21,4375;382;202;0;0,0
74;2023.04.25 06:00;4;21,125;21,375;21,5;382;202;0;0,0
75;2023.04.25 06:15;4;21,125;21,375;21,5625;382;202;0;0,0
76;2023.04.25 06:30;4;21,25;21,375;21,625;382;202;0;0,0
77;2023.04.25 06:45;4;21,1875;21,375;21,5;382;202;0;0,0
78;2023.04.25 07:00;4;21,125;21,375;21,5;382;202;0;0,0
79;2023.04.25 07:15;4;21,125;21,375;21,5;382;202;0;0,0
80;2023.04.25 07:30;4;21,125;21,375;21,5;382;202;0;0,0
81;2023.04.25 07:45;4;21;21,375;21,5;382;202;0;0,0
82;2023.04.25 08:00;4;21,0625;21,3125;21,4375;382;202;0;0,0
83;2023.04.25 08:15;4;21;21,25;21,4375;381;202;0;0,0
84;2023.04.25 08:30;4;20,875;21,25;21,4375;381;202;0;0,0
85;2023.04.25 08:45;4;21,0625;21,3125;21,75;382;202;0;0,0
86;2023.04.25 09:00;4;21,125;21,5;22,375;382;202;0;0,0
87;2023.04.25 09:15;4;21,3125;21,625;22,125;382;202;0;0,0
88;2023.04.25 09:30;4;21,75;21,75;22,125;505;202;0;0,0
89;2023.04.25 09:45;4;21,75;21,875;21,9375;505;202;0;0,0
90;2023.04.25 10:00;4;21,75;21,875;21,875;505;202;0;0,0
91;2023.04.25 10:15;4;21,75;21,875;21,75;505;202;0;0,0
92;2023.04.25 10:30;4;21,6875;21,875;21,75;505;202;0;0,0
93;2023.04.25 10:45;4;21,6875;21,875;21,75;504;202;0;0,0
94;2023.04.25 11:00;4;21,625;21,875;21,75;509;202;0;0,0
95;2023.04.25 11:15;4;21,6875;21,8125;21,875;510;202;0;0,0
96;2023.04.25 11:30;4;21,6875;21,8125;21,875;510;202;0;0,0
97;2023.04.25 11:45;4;21,6875;21,8125;21,875;510;202;0;0,0
98;2023.04.25 12:00;4;21,625;21,75;21,875;511;202;0;0,0
99;2023.04.25 12:15;4;21,625;21,75;21,875;511;202;0;0,0
100;2023.04.25 12:30;4;21,625;21,75;21,875;511;202;0;0,0
101;2023.04.25 12:45;4;21,625;21,75;21,75;511;202;0;0,0
102;2023.04.25 13:00;4;21,625;21,75;21,75;511;202;0;0,0
103;2023.04.25 13:15;4;21,625;21,75;21,8125;511;202;0;0,0
104;2023.04.25 13:30;4;21,625;21,75;21,875;511;202;0;0,0
105;2023.04.25 13:45;4;21,625;21,75;21,875;511;202;0;0,0
106;2023.04.25 14:00;4;21,625;21,75;21,75;511;202;0;0,0
107;2023.04.25 14:15;4;21,5625;21,75;21,5625;510;202;0;0,0
108;2023.04.25 14:30;4;21,5;21,6875;21,375;510;202;0;0,0
109;2023.04.25 14:45;4;21,375;21,625;21,125;509;202;0;0,0
110;2023.04.25 15:00;4;21,125;21,5;20,5;508;202;0;0,0
111;2023.04.25 15:15;4;20,875;21,25;20;507;202;0;0,0
112;2023.04.25 15:30;4;20,625;21;19,625;505;202;0;0,0
113;2023.04.25 15:45;4;20,375;20,75;19,25;504;202;0;0,0
114;2023.04.25 16:00;4;20,0625;20,4375;18,8125;502;202;0;0,0
115;2023.04.25 16:15;4;19,75;20,125;18;506;202;0;0,0
116;2023.04.25 16:30;4;19,375;19,75;17,5;504;202;0;0,0
117;2023.04.25 16:45;4;19;19,375;17,3125;502;202;0;0,0
118;2023.04.25 17:00;4;18,6875;19,125;17,375;501;202;0;0,0
119;2023.04.25 17:15;4;18,5;18,875;17,25;499;202;0;0,0
120;2023.04.25 17:30;4;18,25;18,625;17,375;493;202;0;0,0
121;2023.04.25 17:45;4;18,125;18,4375;17,75;493;202;0;0,0
122;2023.04.25 18:00;4;18,125;18,375;18,125;492;202;0;0,0
123;2023.04.25 18:15;4;18,0625;18,25;18,375;492;202;0;0,0
124;2023.04.25 18:30;4;18;18,25;18,625;492;202;0;0,0
125;2023.04.25 18:45;4;18;18,25;18,4375;492;202;0;0,0
126;2023.04.25 19:00;4;17,9375;18,1875;18,125;492;202;0;0,0
127;2023.04.25 19:15;4;17,875;18,125;18;492;202;0;0,0
128;2023.04.25 19:30;4;17,75;18;17,8125;491;202;0;0,0
129;2023.04.25 19:45;4;17,625;17,9375;17,5;490;202;0;0,0
130;2023.04.25 20:00;4;17,5;17,8125;17,25;489;202;0;0,0
131;2023.04.25 20:15;4;17,25;17,625;16,875;489;202;0;0,0
132;2023.04.25 20:30;4;17;17,4375;16,625;488;202;0;0,0
133;2023.04.25 20:45;4;16,75;17,25;16,375;486;202;0;0,0
134;2023.04.25 21:00;4;16,5;17;16,0625;485;202;0;0,0
135;2023.04.25 21:15;4;16,25;16,75;15,9375;484;202;0;0,0
136;2023.04.25 21:30;4;16,0625;16,5;15,875;483;202;0;0,0
137;2023.04.25 21:45;4;15,875;16,3125;15,875;482;202;0;0,0
138;2023.04.25 22:00;4;15,75;16,125;16;481;202;0;0,0
139;2023.04.25 22:15;4;15,6875;16;16;481;202;0;0,0
140;2023.04.25 22:30;4;15,625;15,875;16;480;202;0;0,0
141;2023.04.25 22:45;4;15,5;15,75;15,8125;480;202;0;0,0
142;2023.04.25 23:00;4;15,4375;15,6875;15,625;479;202;0;0,0
143;2023.04.25 23:15;4;15,375;15,625;15,375;475;202;0;0,0
144;2023.04.25 23:30;4;15,1875;15,5;15;475;202;0;0,0
145;2023.04.25 23:45;4;15;15,3125;14,625;474;202;0;0,0
146;2023.04.26 00:00;4;14,875;15,125;14,375;473;202;0;0,0
147;2023.04.26 00:15;4;14,625;14,875;14,125;472;202;0;0,0
148;2023.04.26 00:30;4;14,4375;14,75;13,875;471;202;0;0,0
149;2023.04.26 00:45;4;14,25;14,5;13,5;470;202;0;0,0
150;2023.04.26 01:00;4;13,9375;14,25;13,25;467;202;0;0,0
151;2023.04.26 01:15;4;13,75;14;13;466;202;0;0,0
152;2023.04.26 01:30;4;13,5;13,8125;12,9375;465;202;0;0,0
153;2023.04.26 01:45;4;13,375;13,625;12,9375;464;202;0;0,0
154;2023.04.26 02:00;4;13,1875;13,4375;12,8125;464;202;0;0,0
155;2023.04.26 02:15;4;13;13,25;12,375;463;202;0;0,0
156;2023.04.26 02:30;4;12,75;13;12,125;461;202;0;0,0
157;2023.04.26 02:45;4;12,5;12,8125;11,9375;465;202;0;0,0
158;2023.04.26 03:00;4;12,25;12,5625;11,5625;464;202;0;0,0
159;2023.04.26 03:15;4;12,125;12,375;11,375;463;202;0;0,0
160;2023.04.26 03:30;4;12;12,25;11,375;458;202;0;0,0
161;2023.04.26 03:45;4;11,875;12,0625;11,25;457;202;0;0,0
162;2023.04.26 04:00;4;11,75;11,9375;11,125;456;202;0;0,0
163;2023.04.26 04:15;4;11,625;11,8125;11;456;202;0;0,0
164;2023.04.26 04:30;4;11,4375;11,625;10,875;455;202;0;0,0
165;2023.04.26 04:45;4;11,25;11,5;10,625;454;202;0;0,0
166;2023.04.26 05:00;4;11,125;11,375;10,375;454;202;0;0,0
167;2023.04.26 05:15;4;10,875;11,25;10,125;453;202;0;0,0
168;2023.04.26 05:30;4;10,75;11;10,125;452;202;0;0,0
169;2023.04.26 05:45;4;10,5625;10,875;10,125;451;202;0;0,0
170;2023.04.26 06:00;4;10,4375;10,75;10,125;451;202;0;0,0
171;2023.04.26 06:15;4;10,375;10,625;10,125;450;202;0;0,0
172;2023.04.26 06:30;4;10,25;10,5;10,125;450;202;0;0,0
173;2023.04.26 06:45;4;10,25;10,4375;10,25;449;202;0;0,0
174;2023.04.26 07:00;4;10,25;10,375;10,25;449;202;0;0,0
175;2023.04.26 07:15;4;10,1875;10,375;10,25;449;202;0;0,0
176;2023.04.26 07:30;4;10,1875;10,3125;10,25;449;202;0;0,0
177;2023.04.26 07:45;4;10,125;10,25;10,25;449;202;0;0,0
178;2023.04.26 08:00;4;10,125;10,25;10,3125;449;202;0;0,0
179;2023.04.26 08:15;4;10,125;10,25;10,375;449;202;0;0,0
180;2023.04.26 08:30;4;10,1875;10,25;10,5;449;202;0;0,0
181;2023.04.26 08:45;4;10,25;10,25;10,5625;449;202;0;0,0
182;2023.04.26 09:00;4;10,25;10,3125;10,625;449;202;0;0,0
183;2023.04.26 09:15;4;10,25;10,375;10,75;450;202;0;0,0
184;2023.04.26 09:30;4;10,375;10,375;10,875;450;202;0;0,0
185;2023.04.26 09:45;4;10,375;10,4375;10,9375;450;202;0;0,0
186;2023.04.26 10:00;4;10,5;10,5;11;450;202;0;0,0
187;2023.04.26 10:15;4;10,5;10,5625;11,125;451;202;0;0,0
188;2023.04.26 10:30;4;10,625;10,625;11,25;451;202;0;0,0
189;2023.04.26 10:45;4;10,625;10,6875;11,3125;451;202;0;0,0
190;2023.04.26 11:00;4;10,75;10,75;11,375;452;202;0;0,0
191;2023.04.26 11:15;4;10,8125;10,875;11,5;452;202;0;0,0
192;2023.04.26 11:30;4;10,875;10,9375;11,5625;453;202;0;0,0
193;2023.04.26 11:45;4;11;11;11,625;453;202;0;0,0
194;2023.04.26 12:00;4;11,0625;11,125;11,75;453;202;0;0,0
195;2023.04.26 12:15;4;11,125;11,125;11,8125;454;202;0;0,0
196;2023.04.26 12:30;4;11,25;11,25;11,875;454;202;0;0,0
197;2023.04.26 12:45;4;11,25;11,3125;12;455;202;0;0,0
198;2023.04.26 13:00;4;11,375;11,375;12,0625;455;202;0;0,0
199;2023.04.26 13:15;4;11,4375;11,5;12,125;455;202;0;0,0
200;2023.04.26 13:30;4;11,5;11,5625;12,1875;456;202;0;0,0
201;2023.04.26 13:45;4;11,5625;11,625;12,25;456;202;0;0,0
202;2023.04.26 14:00;4;11,625;11,75;12,375;457;202;0;0,0
203;2023.04.26 14:15;4;11,75;11,75;12,5;457;202;0;0,0
204;2023.04.26 14:30;4;11,875;11,875;12,5625;457;202;0;0,0
205;2023.04.26 14:45;4;11,875;11,9375;12,625;458;202;0;0,0
206;2023.04.26 15:00;4;12;12;12,75;458;202;0;0,0
207;2023.04.26 15:15;4;12,0625;12,125;12,75;459;202;0;0,0
208;2023.04.26 15:30;4;12,125;12,1875;12,8125;459;202;0;0,0
209;2023.04.26 15:45;4;12,1875;12,25;12,875;459;202;0;0,0
210;2023.04.26 16:00;4;12,25;12,375;12,875;460;202;0;0,0
211;2023.04.26 16:15;4;12,3125;12,375;12,875;460;202;0;0,0
212;2023.04.26 16:30;4;12,375;12,4375;12,9375;460;202;0;0,0
213;2023.04.26 16:45;4;12,4375;12,5;12,9375;460;202;0;0,0
214;2023.04.26 17:00;4;12,5;12,5;12,9375;461;202;0;0,0
215;2023.04.26 17:15;4;12,5;12,625;12,875;461;202;0;0,0
216;2023.04.26 17:30;4;12,5;12,625;12,875;461;202;0;0,0
217;2023.04.26 17:45;4;12,5;12,625;12,875;461;202;0;0,0
218;2023.04.26 18:00;4;12,5625;12,625;12,875;461;202;0;0,0
219;2023.04.26 18:15;4;12,5625;12,625;12,875;461;202;0;0,0
220;2023.04.26 18:30;4;12,5625;12,6875;12,875;461;202;0;0,0
221;2023.04.26 18:45;4;12,625;12,6875;12,875;461;202;0;0,0
222;2023.04.26 19:00;4;12,625;12,6875;12,875;461;202;0;0,0
223;2023.04.26 19:15;4;12,625;12,6875;12,875;461;202;0;0,0
224;2023.04.26 19:30;4;12,625;12,6875;12,8125;461;202;0;0,0
225;2023.04.26 19:45;4;12,5625;12,6875;12,75;461;202;0;0,0
226;2023.04.26 20:00;4;12,5625;12,6875;12,6875;461;202;0;0,0
227;2023.04.26 20:15;4;12,5;12,625;12,625;461;202;0;0,0
228;2023.04.26 20:30;4;12,5;12,625;12,5;461;202;0;0,0
229;2023.04.26 20:45;4;12,4375;12,625;12,5;461;202;0;0,0
230;2023.04.26 21:00;4;12,375;12,5625;12,375;460;202;0;0,0
231;2023.04.26 21:15;4;12,375;12,5;12,375;460;202;0;0,0
232;2023.04.26 21:30;4;12,25;12,5;12,25;460;202;0;0,0
233;2023.04.26 21:45;4;12,25;12,375;12,25;460;202;0;0,0
234;2023.04.26 22:00;4;12,1875;12,375;12,125;459;202;0;0,0
235;2023.04.26 22:15;4;12,125;12,25;12,0625;459;202;0;0,0
236;2023.04.26 22:30;4;12,0625;12,25;12;459;202;0;0,0
237;2023.04.26 22:45;4;12;12,1875;11,9375;459;202;0;0,0
238;2023.04.26 23:00;4;11,9375;12,125;11,875;458;202;0;0,0
239;2023.04.26 23:15;4;11,875;12,0625;11,8125;458;202;0;0,0
240;2023.04.26 23:30;4;11,875;12;11,75;458;202;0;0,0
241;2023.04.26 23:45;4;11,75;11,9375;11,75;458;202;0;0,0
242;2023.04.27 00:00;4;11,75;11,875;11,6875;457;202;0;0,0
243;2023.04.27 00:15;4;11,6875;11,875;11,625;457;202;0;0,0
244;2023.04.27 00:30;4;11,625;11,75;11,5625;457;202;0;0,0
245;2023.04.27 00:45;4;11,625;11,75;11,5;456;202;0;0,0
246;2023.04.27 01:00;4;11,5625;11,6875;11,5625;459;202;0;0,0
247;2023.04.27 01:15;4;11,5;11,625;11,5625;458;202;0;0,0
248;2023.04.27 01:30;4;11,5;11,625;11,5625;458;202;0;0,0
249;2023.04.27 01:45;4;11,5;11,625;11,5;458;202;0;0,0
250;2023.04.27 02:00;4;11,4375;11,5625;11,5;458;202;0;0,0
251;2023.04.27 02:15;4;11,4375;11,5;11,5;458;202;0;0,0
252;2023.04.27 02:30;4;11,375;11,5;11,4375;458;202;0;0,0
253;2023.04.27 02:45;4;11,375;11,5;11,4375;458;202;0;0,0
254;2023.04.27 03:00;4;11,375;11,5;11,375;458;202;0;0,0
255;2023.04.27 03:15;4;11,3125;11,4375;11,375;457;202;0;0,0
256;2023.04.27 03:30;4;11,25;11,375;11,3125;457;202;0;0,0
257;2023.04.27 03:45;4;11,25;11,375;11,25;457;202;0;0,0
258;2023.04.27 04:00;4;11,25;11,375;11,25;457;202;0;0,0
259;2023.04.27 04:15;4;11,25;11,3125;11,1875;457;202;0;0,0
260;2023.04.27 04:30;4;11,1875;11,3125;11,125;457;202;0;0,0
261;2023.04.27 04:45;4;11,125;11,25;11,125;457;202;0;0,0
262;2023.04.27 05:00;4;11,125;11,25;11,125;457;202;0;0,0
263;2023.04.27 05:15;4;11,125;11,25;11,0625;456;202;0;0,0
264;2023.04.27 05:30;4;11,0625;11,1875;11;456;202;0;0,0
265;2023.04.27 05:45;4;11;11,125;11;456;202;0;0,0
266;2023.04.27 06:00;4;11;11,125;11;456;202;0;0,0
267;2023.04.27 06:15;4;11;11,125;11;456;202;0;0,0
268;2023.04.27 06:30;4;10,9375;11,0625;11;456;202;0;0,0
269;2023.04.27 06:45;4;10,875;11;11;456;202;0;0,0
270;2023.04.27 07:00;4;10,875;11;11;456;202;0;0,0
271;2023.04.27 07:15;4;10,875;11;11;455;202;0;0,0
272;2023.04.27 07:30;4;10,875;11;11;455;202;0;0,0
273;2023.04.27 07:45;4;10,875;11;11;455;202;0;0,0
274;2023.04.27 08:00;4;10,875;11;11;455;202;0;0,0
275;2023.04.27 08:15;4;10,875;11;11;455;202;0;0,0
276;2023.04.27 08:30;4;10,875;10,9375;11;455;202;0;0,0
277;2023.04.27 08:45;4;10,875;10,9375;11;455;202;0;0,0
278;2023.04.27 09:00;4;10,875;10,9375;11;455;202;0;0,0
279;2023.04.27 09:15;4;10,875;10,9375;11,0625;455;202;0;0,0
280;2023.04.27 09:30;4;10,875;10,9375;11,125;455;202;0;0,0
281;2023.04.27 09:45;4;10,875;10,9375;11,125;455;202;0;0,0
282;2023.04.27 10:00;4;10,875;11;11,125;455;202;0;0,0
283;2023.04.27 10:15;4;10,875;11;11,125;455;202;0;0,0
284;2023.04.27 10:30;4;10,875;11;11,1875;455;202;0;0,0
285;2023.04.27 10:45;4;10,9375;11;11,1875;456;202;0;0,0
286;2023.04.27 11:00;4;10,9375;11;11,25;456;202;0;0,0
287;2023.04.27 11:15;4;11;11;11,25;456;202;0;0,0
288;2023.04.27 11:30;4;11;11;11,25;456;202;0;0,0
289;2023.04.27 11:45;4;11;11,0625;11,25;456;202;0;0,0
290;2023.04.27 12:00;4;11;11,0625;11,25;456;202;0;0,0
291;2023.04.27 12:15;4;11,0625;11,125;11,3125;456;202;0;0,0
292;2023.04.27 12:30;4;11,0625;11,125;11,3125;456;202;0;0,0
293;2023.04.27 12:45;4;11,125;11,125;11,375;456;202;0;0,0
294;2023.04.27 13:00;4;11,125;11,125;11,375;456;202;0;0,0
295;2023.04.27 13:15;4;11,125;11,125;11,375;457;202;0;0,0
296;2023.04.27 13:30;4;11,125;11,1875;11,375;457;202;0;0,0
297;2023.04.27 13:45;4;11,125;11,1875;11,375;457;202;0;0,0
298;2023.04.27 14:00;4;11,1875;11,25;11,4375;457;202;0;0,0
299;2023.04.27 14:15;4;11,1875;11,25;11,4375;457;202;0;0,0
300;2023.04.27 14:30;4;11,25;11,25;11,5;457;202;0;0,0
301;2023.04.27 14:45;4;11,25;11,25;11,5;457;202;0;0,0
302;2023.04.27 15:00;4;11,25;11,25;11,5;457;202;0;0,0
303;2023.04.27 15:15;4;11,25;11,3125;11,5;457;202;0;0,0
304;2023.04.27 15:30;4;11,3125;11,375;11,5;457;202;0;0,0
305;2023.04.27 15:45;4;11,3125;11,375;11,5;457;202;0;0,0
306;2023.04.27 16:00;4;11,375;11,375;11,5625;458;202;0;0,0
307;2023.04.27 16:15;4;11,375;11,375;11,5625;458;202;0;0,0
308;2023.04.27 16:30;4;11,375;11,375;11,625;458;202;0;0,0
309;2023.04.27 16:45;4;11,375;11,375;11,625;458;202;0;0,0
310;2023.04.27 17:00;4;11,375;11,4375;11,625;458;202;0;0,0
311;2023.04.27 17:15;4;11,375;11,5;11,625;458;202;0;0,0
312;2023.04.27 17:30;4;11,4375;11,5;11,625;458;202;0;0,0
313;2023.04.27 17:45;4;11,4375;11,5;11,625;458;202;0;0,0
314;2023.04.27 18:00;4;11,5;11,5;11,6875;458;202;0;0,0
315;2023.04.27 18:15;4;11,5;11,5;11,6875;458;202;0;0,0
316;2023.04.27 18:30;4;11,5;11,5;11,6875;458;202;0;0,0
317;2023.04.27 18:45;4;11,5;11,5625;11,75;459;202;0;0,0
318;2023.04.27 19:00;4;11,5;11,5625;11,75;459;202;0;0,0
319;2023.04.27 19:15;4;11,5;11,625;11,75;459;202;0;0,0
320;2023.04.27 19:30;4;11,5;11,625;11,75;459;202;0;0,0
321;2023.04.27 19:45;4;11,5625;11,625;11,75;459;202;0;0,0
322;2023.04.27 20:00;4;11,5625;11,625;11,75;459;202;0;0,0
323;2023.04.27 20:15;4;11,625;11,625;11,75;459;202;0;0,0
324;2023.04.27 20:30;4;11,5625;11,625;11,75;459;202;0;0,0
325;2023.04.27 20:45;4;11,625;11,625;11,75;459;202;0;0,0
326;2023.04.27 21:00;4;11,625;11,625;11,75;459;202;0;0,0
327;2023.04.27 21:15;4;11,625;11,6875;11,75;459;202;0;0,0
328;2023.04.27 21:30;4;11,625;11,6875;11,75;459;202;0;0,0
329;2023.04.27 21:45;4;11,625;11,6875;11,75;459;202;0;0,0
330;2023.04.27 22:00;4;11,625;11,6875;11,75;459;202;0;0,0
331;2023.04.27 22:15;4;11,625;11,6875;11,75;459;202;0;0,0
332;2023.04.27 22:30;4;11,625;11,6875;11,75;459;202;0;0,0
333;2023.04.27 22:45;4;11,625;11,6875;11,75;459;202;0;0,0
334;2023.04.27 23:00;4;11,625;11,6875;11,75;459;202;0;0,0
335;2023.04.27 23:15;4;11,625;11,6875;11,75;459;202;0;0,0
336;2023.04.27 23:30;4;11,625;11,6875;11,75;459;202;0;0,0
337;2023.04.27 23:45;4;11,625;11,6875;11,75;459;202;0;0,0
338;2023.04.28 00:00;4;11,625;11,6875;11,75;459;202;0;0,0
339;2023.04.28 00:15;4;11,5625;11,6875;11,75;459;202;0;0,0
340;2023.04.28 00:30;4;11,5625;11,625;11,75;459;202;0;0,0
341;2023.04.28 00:45;4;11,5625;11,6875;11,75;459;202;0;0,0
342;2023.04.28 01:00;4;11,5625;11,625;11,75;454;202;0;0,0
343;2023.04.28 01:15;4;11,5625;11,625;11,8125;455;202;0;0,0
344;2023.04.28 01:30;4;11,625;11,625;11,8125;455;202;0;0,0
345;2023.04.28 01:45;4;11,625;11,6875;11,8125;455;202;0;0,0
346;2023.04.28 02:00;4;11,625;11,6875;11,8125;455;202;0;0,0
347;2023.04.28 02:15;4;11,625;11,6875;11,8125;455;202;0;0,0
348;2023.04.28 02:30;4;11,625;11,6875;11,8125;455;202;0;0,0
349;2023.04.28 02:45;4;11,625;11,6875;11,8125;455;202;0;0,0
350;2023.04.28 03:00;4;11,625;11,6875;11,75;455;202;0;0,0
351;2023.04.28 03:15;4;11,625;11,6875;11,75;455;202;0;0,0
352;2023.04.28 03:30;4;11,5625;11,6875;11,75;455;202;0;0,0
353;2023.04.28 03:45;4;11,5625;11,625;11,75;455;202;0;0,0
354;2023.04.28 04:00;4;11,5625;11,625;11,75;455;202;0;0,0
355;2023.04.28 04:15;4;11,5;11,625;11,75;455;202;0;0,0
356;2023.04.28 04:30;4;11,5;11,625;11,75;455;202;0;0,0
357;2023.04.28 04:45;4;11,5;11,625;11,75;455;202;0;0,0
358;2023.04.28 05:00;4;11,5;11,625;11,75;455;202;0;0,0
359;2023.04.28 05:15;4;11,5;11,625;11,75;455;202;0;0,0
360;2023.04.28 05:30;4;11,5;11,625;11,75;455;202;0;0,0
361;2023.04.28 05:45;4;11,5;11,625;11,6875;455;202;0;0,0
362;2023.04.28 06:00;4;11,5;11,625;11,75;455;202;0;0,0
363;2023.04.28 06:15;4;11,5;11,625;11,75;455;202;0;0,0
364;2023.04.28 06:30;4;11,5;11,625;11,75;455;202;0;0,0
365;2023.04.28 06:45;4;11,5;11,625;11,75;455;202;0;0,0
366;2023.04.28 07:00;4;11,5;11,625;11,75;455;202;0;0,0
367;2023.04.28 07:15;4;11,5;11,625;11,75;455;202;0;0,0
368;2023.04.28 07:30;4;11,5;11,625;11,75;455;202;0;0,0
369;2023.04.28 07:45;4;11,5;11,625;11,75;455;202;0;0,0
370;2023.04.28 08:00;4;11,5;11,625;11,75;455;202;0;0,0
371;2023.04.28 08:15;4;11,5;11,625;11,75;455;202;0;0,0
372;2023.04.28 08:30;4;11,5;11,625;11,75;455;202;0;0,0
373;2023.04.28 08:45;4;11,5;11,625;11,875;455;202;0;0,0
374;2023.04.28 09:00;4;11,5625;11,625;11,875;455;202;0;0,0
375;2023.04.28 09:15;4;11,625;11,6875;11,875;455;202;0;0,0
376;2023.04.28 09:30;4;11,625;11,75;12;456;202;0;0,0
377;2023.04.28 09:45;4;11,6875;11,75;12;456;202;0;0,0
378;2023.04.28 10:00;4;11,75;11,75;12,0625;456;202;0;0,0
379;2023.04.28 10:15;4;11,75;11,875;12,125;456;202;0;0,0
380;2023.04.28 10:30;4;11,8125;11,875;12,125;456;202;0;0,0
381;2023.04.28 10:45;4;11,875;11,875;12,25;457;202;0;0,0
382;2023.04.28 11:00;4;11,9375;12;12,25;457;202;0;0,0
383;2023.04.28 11:15;4;12;12;12,3125;457;202;0;0,0
384;2023.04.28 11:30;4;12;12,0625;12,375;457;202;0;0,0
385;2023.04.28 11:45;4;12,0625;12,125;12,4375;458;202;0;0,0
386;2023.04.28 12:00;4;12,125;12,125;12,5;458;202;0;0,0
387;2023.04.28 12:15;4;12,1875;12,25;12,5625;458;202;0;0,0
388;2023.04.28 12:30;4;12,25;12,25;12,625;458;202;0;0,0
389;2023.04.28 12:45;4;12,25;12,375;12,6875;459;202;0;0,0
390;2023.04.28 13:00;4;12,375;12,375;12,75;459;202;0;0,0
391;2023.04.28 13:15;4;12,4375;12,5;12,875;459;202;0;0,0
392;2023.04.28 13:30;4;12,5;12,5;12,9375;460;202;0;0,0
393;2023.04.28 13:45;4;12,5625;12,625;13;460;202;0;0,0
394;2023.04.28 14:00;4;12,625;12,625;13;460;202;0;0,0
395;2023.04.28 14:15;4;12,6875;12,75;13;461;202;0;0,0
396;2023.04.28 14:30;4;12,75;12,75;13,125;461;202;0;0,0
397;2023.04.28 14:45;4;12,75;12,8125;13,125;461;202;0;0,0
398;2023.04.28 15:00;4;12,8125;12,875;13,125;461;202;0;0,0
399;2023.04.28 15:15;4;12,875;12,875;13,1875;461;202;0;0,0
400;2023.04.28 15:30;4;12,875;12,9375;13,25;462;202;0;0,0
401;2023.04.28 15:45;4;12,9375;13;13,25;462;202;0;0,0
402;2023.04.28 16:00;4;13;13;13,25;462;202;0;0,0
403;2023.04.28 16:15;4;13;13;13,25;462;202;0;0,0
404;2023.04.28 16:30;4;13;13,125;13,3125;462;202;0;0,0
405;2023.04.28 16:45;4;13;13,125;13,375;462;202;0;0,0
406;2023.04.28 17:00;4;13,0625;13,125;13,375;462;202;0;0,0
407;2023.04.28 17:15;4;13,125;13,125;13,375;463;202;0;0,0
408;2023.04.28 17:30;4;13,125;13,125;13,375;463;202;0;0,0
409;2023.04.28 17:45;4;13,125;13,1875;13,375;463;202;0;0,0
410;2023.04.28 18:00;4;13,125;13,1875;13,375;463;202;0;0,0
411;2023.04.28 18:15;4;13,125;13,1875;13,375;463;202;0;0,0
412;2023.04.28 18:30;4;13,125;13,25;13,375;463;202;0;0,0
413;2023.04.28 18:45;4;13,125;13,25;13,375;463;202;0;0,0
414;2023.04.28 19:00;4;13,125;13,25;13,375;463;202;0;0,0
415;2023.04.28 19:15;4;13,125;13,25;13,375;463;202;0;0,0
416;2023.04.28 19:30;4;13,125;13,25;13,375;463;202;0;0,0
417;2023.04.28 19:45;4;13,125;13,25;13,375;463;202;0;0,0
418;2023.04.28 20:00;4;13,125;13,25;13,375;463;202;0;0,0
419;2023.04.28 20:15;4;13,125;13,25;13,3125;463;202;0;0,0
420;2023.04.28 20:30;4;13,125;13,25;13,3125;463;202;0;0,0
421;2023.04.28 20:45;4;13,125;13,25;13,25;463;202;0;0,0
422;2023.04.28 21:00;4;13,125;13,1875;13,25;463;202;0;0,0
423;2023.04.28 21:15;4;13,0625;13,1875;13,25;462;202;0;0,0
424;2023.04.28 21:30;4;13;13,125;13,125;462;202;0;0,0
425;2023.04.28 21:45;4;13;13,125;13,125;462;202;0;0,0
426;2023.04.28 22:00;4;12,9375;13,125;13,125;462;202;0;0,0
427;2023.04.28 22:15;4;12,875;13,0625;13,0625;463;202;0;0,0
428;2023.04.28 22:30;4;12,875;13;13;463;202;0;0,0
429;2023.04.28 22:45;4;12,875;13;13;463;202;0;0,0
430;2023.04.28 23:00;4;12,8125;13;12,9375;463;202;0;0,0
431;2023.04.28 23:15;4;12,8125;12,9375;12,875;463;202;0;0,0
432;2023.04.28 23:30;4;12,75;12,875;12,875;463;202;0;0,0
433;2023.04.28 23:45;4;12,75;12,875;12,875;462;202;0;0,0
434;2023.04.29 00:00;4;12,75;12,875;12,875;462;202;0;0,0
435;2023.04.29 00:15;4;12,75;12,875;12,875;462;202;0;0,0
436;2023.04.29 00:30;4;12,75;12,875;12,875;462;202;0;0,0
437;2023.04.29 00:45;4;12,6875;12,8125;12,875;462;202;0;0,0
438;2023.04.29 01:00;4;12,6875;12,8125;12,8125;462;202;0;0,0
439;2023.04.29 01:15;4;12,625;12,75;12,8125;462;202;0;0,0
440;2023.04.29 01:30;4;12,625;12,75;12,8125;462;202;0;0,0
441;2023.04.29 01:45;4;12,625;12,75;12,75;462;202;0;0,0
442;2023.04.29 02:00;4;12,625;12,75;12,75;462;202;0;0,0
443;2023.04.29 02:15;4;12,625;12,75;12,75;462;202;0;0,0
444;2023.04.29 02:30;4;12,625;12,75;12,75;462;202;0;0,0
445;2023.04.29 02:45;4;12,625;12,75;12,75;462;202;0;0,0
446;2023.04.29 03:00;4;12,625;12,6875;12,75;462;202;0;0,0
447;2023.04.29 03:15;4;12,625;12,6875;12,75;461;202;0;0,0
448;2023.04.29 03:30;4;12,5625;12,6875;12,75;461;202;0;0,0
449;2023.04.29 03:45;4;12,5625;12,6875;12,75;461;202;0;0,0
450;2023.04.29 04:00;4;12,5625;12,625;12,75;461;202;0;0,0
451;2023.04.29 04:15;4;12,5;12,625;12,6875;461;202;0;0,0
452;2023.04.29 04:30;4;12,5;12,625;12,625;461;202;0;0,0
453;2023.04.29 04:45;4;12,5;12,625;12,625;461;202;0;0,0
454;2023.04.29 05:00;4;12,5;12,625;12,625;461;202;0;0,0
455;2023.04.29 05:15;4;12,5;12,625;12,625;461;202;0;0,0
456;2023.04.29 05:30;4;12,5;12,625;12,625;461;202;0;0,0
457;2023.04.29 05:45;4;12,5;12,625;12,625;461;202;0;0,0
458;2023.04.29 06:00;4;12,4375;12,5625;12,5625;461;202;0;0,0
459;2023.04.29 06:15;4;12,375;12,5;12,5;461;202;0;0,0
460;2023.04.29 06:30;4;12,375;12,5;12,5;461;202;0;0,0
461;2023.04.29 06:45;4;12,375;12,5;12,5;461;202;0;0,0
462;2023.04.29 07:00;4;12,375;12,5;12,5;460;202;0;0,0
463;2023.04.29 07:15;4;12,375;12,5;12,5;460;202;0;0,0
464;2023.04.29 07:30;4;12,375;12,5;12,5;460;202;0;0,0
465;2023.04.29 07:45;4;12,375;12,4375;12,5625;460;202;0;0,0
466;2023.04.29 08:00;4;12,375;12,4375;12,625;460;202;0;0,0
467;2023.04.29 08:15;4;12,375;12,5;12,6875;460;202;0;0,0
468;2023.04.29 08:30;4;12,375;12,5;12,75;460;202;0;0,0
469;2023.04.29 08:45;4;12,375;12,5;12,75;461;202;0;0,0
470;2023.04.29 09:00;4;12,4375;12,5;12,875;461;202;0;0,0
471;2023.04.29 09:15;4;12,5;12,5625;12,9375;461;202;0;0,0
472;2023.04.29 09:30;4;12,5625;12,625;13;461;202;0;0,0
473;2023.04.29 09:45;4;12,625;12,625;13,0625;461;202;0;0,0
474;2023.04.29 10:00;4;12,625;12,6875;13,125;462;202;0;0,0
475;2023.04.29 10:15;4;12,75;12,75;13,1875;462;202;0;0,0
476;2023.04.29 10:30;4;12,75;12,8125;13,25;462;202;0;0,0
477;2023.04.29 10:45;4;12,875;12,875;13,375;463;202;0;0,0
478;2023.04.29 11:00;4;12,875;12,875;13,375;463;202;0;0,0
479;2023.04.29 11:15;4;13;13;13,5;463;202;0;0,0
480;2023.04.29 11:30;4;13;13,0625;13,5;464;202;0;0,0
481;2023.04.29 11:45;4;13,125;13,125;13,625;464;202;0;0,0
482;2023.04.29 12:00;4;13,125;13,1875;13,6875;464;202;0;0,0
483;2023.04.29 12:15;4;13,25;13,25;13,75;465;202;0;0,0
484;2023.04.29 12:30;4;13,25;13,3125;13,8125;465;202;0;0,0
485;2023.04.29 12:45;4;13,375;13,375;13,875;465;202;0;0,0
486;2023.04.29 13:00;4;13,4375;13,4375;13,9375;466;202;0;0,0
487;2023.04.29 13:15;4;13,5;13,5;14;466;202;0;0,0
488;2023.04.29 13:30;4;13,5625;13,625;14,125;466;202;0;0,0
489;2023.04.29 13:45;4;13,625;13,625;14,1875;467;202;0;0,0
490;2023.04.29 14:00;4;13,75;13,75;14,25;467;202;0;0,0
491;2023.04.29 14:15;4;13,75;13,75;14,375;467;202;0;0,0
492;2023.04.29 14:30;4;13,875;13,875;14,375;468;202;0;0,0
493;2023.04.29 14:45;4;13,9375;13,9375;14,5;468;202;0;0,0
494;2023.04.29 15:00;4;14;14;14,5625;468;202;0;0,0
495;2023.04.29 15:15;4;14,125;14,125;14,625;469;202;0;0,0
496;2023.04.29 15:30;4;14,125;14,125;14,75;469;202;0;0,0
497;2023.04.29 15:45;4;14,25;14,25;14,75;469;202;0;0,0
498;2023.04.29 16:00;4;14,3125;14,3125;14,875;470;202;0;0,0
499;2023.04.29 16:15;4;14,375;14,375;14,875;470;202;0;0,0
500;2023.04.29 16:30;4;14,4375;14,5;14,9375;471;202;0;0,0
501;2023.04.29 16:45;4;14,5;14,5;15;471;202;0;0,0
502;2023.04.29 17:00;4;14,5625;14,5625;15;471;202;0;0,0
503;2023.04.29 17:15;4;14,625;14,625;15;471;202;0;0,0
504;2023.04.29 17:30;4;14,625;14,6875;15;472;202;0;0,0
505;2023.04.29 17:45;4;14,6875;14,75;15,0625;472;202;0;0,0
506;2023.04.29 18:00;4;14,75;14,75;15,0625;472;202;0;0,0
507;2023.04.29 18:15;4;14,75;14,8125;15,125;472;202;0;0,0
508;2023.04.29 18:30;4;14,75;14,875;15,125;472;202;0;0,0
509;2023.04.29 18:45;4;14,75;14,875;15,125;472;202;0;0,0
510;2023.04.29 19:00;4;14,8125;14,875;15,125;472;202;0;0,0
511;2023.04.29 19:15;4;14,875;14,875;15,125;473;202;0;0,0
512;2023.04.29 19:30;4;14,875;14,9375;15,125;473;202;0;0,0
513;2023.04.29 19:45;4;14,875;14,9375;15,125;473;202;0;0,0
514;2023.04.29 20:00;4;14,875;15;15,0625;473;202;0;0,0
515;2023.04.29 20:15;4;14,875;15;15,0625;473;202;0;0,0
516;2023.04.29 20:30;4;14,875;15;15;473;202;0;0,0
517;2023.04.29 20:45;4;14,875;14,9375;15;473;202;0;0,0
518;2023.04.29 21:00;4;14,875;14,9375;15;473;202;0;0,0
519;2023.04.29 21:15;4;14,8125;14,9375;15;472;202;0;0,0
520;2023.04.29 21:30;4;14,8125;14,9375;14,9375;472;202;0;0,0
521;2023.04.29 21:45;4;14,75;14,875;14,875;472;202;0;0,0
522;2023.04.29 22:00;4;14,75;14,875;14,875;472;202;0;0,0
523;2023.04.29 22:15;4;14,75;14,875;14,875;472;202;0;0,0
524;2023.04.29 22:30;4;14,75;14,875;14,875;472;202;0;0,0
525;2023.04.29 22:45;4;14,75;14,875;14,875;472;202;0;0,0
526;2023.04.29 23:00;4;14,6875;14,875;14,8125;472;202;0;0,0
527;2023.04.29 23:15;4;14,6875;14,8125;14,75;472;202;0;0,0
528;2023.04.29 23:30;4;14,625;14,75;14,75;472;202;0;0,0
529;2023.04.29 23:45;4;14,625;14,75;14,75;471;202;0;0,0
530;2023.04.30 00:00;4;14,625;14,75;14,75;471;202;0;0,0
531;2023.04.30 00:15;4;14,625;14,75;14,6875;471;202;0;0,0
532;2023.04.30 00:30;4;14,5625;14,75;14,6875;471;202;0;0,0
533;2023.04.30 00:45;4;14,5625;14,6875;14,625;471;202;0;0,0
534;2023.04.30 01:00;4;14,5;14,625;14,625;471;202;0;0,0
535;2023.04.30 01:15;4;14,5;14,625;14,625;471;202;0;0,0
536;2023.04.30 01:30;4;14,5;14,625;14,625;471;202;0;0,0
537;2023.04.30 01:45;4;14,5;14,625;14,5625;471;202;0;0,0
538;2023.04.30 02:00;4;14,4375;14,5625;14,5;470;202;0;0,0
539;2023.04.30 02:15;4;14,4375;14,5625;14,5;470;202;0;0,0
540;2023.04.30 02:30;4;14,375;14,5;14,5;470;202;0;0,0
541;2023.04.30 02:45;4;14,375;14,5;14,5;470;202;0;0,0
542;2023.04.30 03:00;4;14,375;14,5;14,5;470;202;0;0,0
543;2023.04.30 03:15;4;14,3125;14,5;14,4375;470;202;0;0,0
544;2023.04.30 03:30;4;14,3125;14,4375;14,375;470;202;0;0,0
545;2023.04.30 03:45;4;14,25;14,375;14,375;470;202;0;0,0
546;2023.04.30 04:00;4;14,25;14,375;14,375;470;202;0;0,0
547;2023.04.30 04:15;4;14,25;14,375;14,375;469;202;0;0,0
548;2023.04.30 04:30;4;14,25;14,375;14,3125;469;202;0;0,0
549;2023.04.30 04:45;4;14,1875;14,375;14,3125;469;202;0;0,0
550;2023.04.30 05:00;4;14,1875;14,3125;14,25;469;202;0;0,0
551;2023.04.30 05:15;4;14,125;14,25;14,25;469;202;0;0,0
552;2023.04.30 05:30;4;14,125;14,25;14,25;469;202;0;0,0
553;2023.04.30 05:45;4;14,125;14,25;14,1875;469;202;0;0,0
554;2023.04.30 06:00;4;14,0625;14,25;14,125;469;202;0;0,0
555;2023.04.30 06:15;4;14,0625;14,1875;14,125;469;202;0;0,0
556;2023.04.30 06:30;4;14;14,125;14,125;468;202;0;0,0
557;2023.04.30 06:45;4;14;14,125;14,125;468;202;0;0,0
558;2023.04.30 07:00;4;14;14,125;14,0625;468;202;0;0,0
559;2023.04.30 07:15;4;13,9375;14,0625;14;468;202;0;0,0
560;2023.04.30 07:30;4;13,875;14,0625;14;468;202;0;0,0
561;2023.04.30 07:45;4;13,875;14;14;468;202;0;0,0
562;2023.04.30 08:00;4;13,875;14;14;468;202;0;0,0
563;2023.04.30 08:15;4;13,875;14;14;468;202;0;0,0
564;2023.04.30 08:30;4;13,8125;14;14;467;202;0;0,0
565;2023.04.30 08:45;4;13,8125;13,9375;14;467;202;0;0,0
566;2023.04.30 09:00;4;13,8125;13,875;14;467;202;0;0,0
567;2023.04.30 09:15;4;13,75;13,875;14;467;202;0;0,0
568;2023.04.30 09:30;4;13,75;13,875;14;467;202;0;0,0
569;2023.04.30 09:45;4;13,75;13,875;14;467;202;0;0,0
570;2023.04.30 10:00;4;13,75;13,875;14;467;202;0;0,0
571;2023.04.30 10:15;4;13,75;13,875;14;467;202;0;0,0
572;2023.04.30 10:30;4;13,75;13,875;14;467;202;0;0,0
573;2023.04.30 10:45;4;13,8125;13,875;14,0625;467;202;0;0,0
574;2023.04.30 11:00;4;13,8125;13,875;14,0625;467;202;0;0,0
575;2023.04.30 11:15;4;13,875;13,9375;14,125;467;202;0;0,0
576;2023.04.30 11:30;4;13,875;13,9375;14,125;468;202;0;0,0
577;2023.04.30 11:45;4;13,875;13,9375;14,125;468;202;0;0,0
578;2023.04.30 12:00;4;13,875;14;14,1875;468;202;0;0,0
579;2023.04.30 12:15;4;13,875;14;14,25;468;202;0;0,0
580;2023.04.30 12:30;4;13,9375;14;14,25;468;202;0;0,0
581;2023.04.30 12:45;4;14;14;14,25;468;202;0;0,0
582;2023.04.30 13:00;4;14;14,0625;14,3125;468;202;0;0,0
583;2023.04.30 13:15;4;14;14,125;14,375;468;202;0;0,0
584;2023.04.30 13:30;4;14,0625;14,125;14,375;469;202;0;0,0
585;2023.04.30 13:45;4;14,125;14,125;14,5;469;202;0;0,0
586;2023.04.30 14:00;4;14,125;14,1875;14,5;469;202;0;0,0
587;2023.04.30 14:15;4;14,1875;14,25;14,5625;469;202;0;0,0
588;2023.04.30 14:30;4;14,25;14,25;14,625;469;202;0;0,0
589;2023.04.30 14:45;4;14,25;14,3125;14,625;469;202;0;0,0
590;2023.04.30 15:00;4;14,3125;14,375;14,75;470;202;0;0,0
591;2023.04.30 15:15;4;14,375;14,375;14,75;470;202;0;0,0
592;2023.04.30 15:30;4;14,375;14,4375;14,75;470;202;0;0,0
593;2023.04.30 15:45;4;14,4375;14,5;14,8125;470;202;0;0,0
594;2023.04.30 16:00;4;14,5;14,5;14,8125;471;202;0;0,0
595;2023.04.30 16:15;4;14,5;14,5625;14,8125;471;202;0;0,0
596;2023.04.30 16:30;4;14,5;14,625;14,875;471;202;0;0,0
597;2023.04.30 16:45;4;14,5625;14,625;14,875;471;202;0;0,0
598;2023.04.30 17:00;4;14,5625;14,625;14,875;471;202;0;0,0
599;2023.04.30 17:15;4;14,625;14,625;14,875;471;202;0;0,0
600;2023.04.30 17:30;4;14,625;14,6875;14,875;471;202;0;0,0
601;2023.04.30 17:45;4;14,625;14,6875;14,875;471;202;0;0,0
602;2023.04.30 18:00;4;14,625;14,75;14,875;471;202;0;0,0
603;2023.04.30 18:15;4;14,625;14,75;14,875;471;202;0;0,0
604;2023.04.30 18:30;4;14,625;14,75;14,875;471;202;0;0,0
605;2023.04.30 18:45;4;14,625;14,75;14,875;471;202;0;0,0
606;2023.04.30 19:00;4;14,625;14,75;14,875;471;202;0;0,0
607;2023.04.30 19:15;4;14,625;14,75;14,8125;471;202;0;0,0
608;2023.04.30 19:30;4;14,625;14,75;14,8125;471;202;0;0,0
609;2023.04.30 19:45;4;14,625;14,75;14,75;471;202;0;0,0
610;2023.04.30 20:00;4;14,625;14,75;14,75;471;202;0;0,0
611;2023.04.30 20:15;4;14,625;14,75;14,75;471;202;0;0,0
612;2023.04.30 20:30;4;14,625;14,6875;14,75;471;202;0;0,0
613;2023.04.30 20:45;4;14,5625;14,6875;14,75;471;202;0;0,0
614;2023.04.30 21:00;4;14,5625;14,6875;14,6875;471;202;0;0,0
615;2023.04.30 21:15;4;14,5;14,625;14,6875;471;202;0;0,0
616;2023.04.30 21:30;4;14,5;14,625;14,625;471;202;0;0,0
617;2023.04.30 21:45;4;14,5;14,625;14,625;471;202;0;0,0
618;2023.04.30 22:00;4;14,5;14,625;14,625;471;202;0;0,0
619;2023.04.30 22:15;4;14,5;14,625;14,625;471;202;0;0,0
620;2023.04.30 22:30;4;14,4375;14,625;14,5625;471;202;0;0,0
621;2023.04.30 22:45;4;14,375;14,5625;14,5;470;202;0;0,0
622;2023.04.30 23:00;4;14,375;14,5;14,5;470;202;0;0,0
623;2023.04.30 23:15;4;14,375;14,5;14,5;470;202;0;0,0
624;2023.04.30 23:30;4;14,375;14,5;14,5;470;202;0;0,0
625;2023.04.30 23:45;4;14,375;14,5;14,4375;470;202;0;0,0
626;2023.05.01 00:00;4;14,3125;14,4375;14,375;470;202;0;0,0
627;2023.05.01 00:15;4;14,25;14,4375;14,375;470;202;0;0,0
628;2023.05.01 00:30;4;14,25;14,375;14,375;470;202;0;0,0
629;2023.05.01 00:45;4;14,25;14,375;14,375;469;202;0;0,0
630;2023.05.01 01:00;4;14,25;14,375;14,3125;469;202;0;0,0
631;2023.05.01 01:15;4;14,1875;14,375;14,3125;469;202;0;0,0
632;2023.05.01 01:30;4;14,1875;14,3125;14,25;469;202;0;0,0
633;2023.05.01 01:45;4;14,125;14,25;14,25;469;202;0;0,0
634;2023.05.01 02:00;4;14,125;14,25;14,25;469;202;0;0,0
635;2023.05.01 02:15;4;14,125;14,25;14,25;469;202;0;0,0
636;2023.05.01 02:30;4;14,125;14,25;14,1875;469;202;0;0,0
637;2023.05.01 02:45;4;14,0625;14,1875;14,125;469;202;0;0,0
638;2023.05.01 03:00;4;14;14,125;14,125;469;202;0;0,0
639;2023.05.01 03:15;4;14;14,125;14,125;468;202;0;0,0
640;2023.05.01 03:30;4;14;14,125;14,125;468;202;0;0,0
641;2023.05.01 03:45;4;14;14,125;14,0625;468;202;0;0,0
642;2023.05.01 04:00;4;13,9375;14,0625;14;468;202;0;0,0
643;2023.05.01 04:15;4;13,875;14,0625;14;468;202;0;0,0
644;2023.05.01 04:30;4;13,875;14;14;468;202;0;0,0
645;2023.05.01 04:45;4;13,875;14;14;468;202;0;0,0
646;2023.05.01 05:00;4;13,875;14;13,9375;468;202;0;0,0
647;2023.05.01 05:15;4;13,8125;13,9375;13,875;467;202;0;0,0
648;2023.05.01 05:30;4;13,75;13,875;13,875;467;202;0;0,0
649;2023.05.01 05:45;4;13,75;13,875;13,875;467;202;0;0,0
650;2023.05.01 06:00;4;13,75;13,875;13,875;467;202;0;0,0
651;2023.05.01 06:15;4;13,75;13,875;13,875;467;202;0;0,0
652;2023.05.01 06:30;4;13,6875;13,8125;13,8125;467;202;0;0,0
653;2023.05.01 06:45;4;13,625;13,8125;13,75;467;202;0;0,0
654;2023.05.01 07:00;4;13,625;13,75;13,75;467;202;0;0,0
655;2023.05.01 07:15;4;13,625;13,75;13,75;467;202;0;0,0
656;2023.05.01 07:30;4;13,625;13,75;13,75;466;202;0;0,0
657;2023.05.01 07:45;4;13,625;13,75;13,75;466;202;0;0,0
658;2023.05.01 08:00;4;13,625;13,75;13,75;466;202;0;0,0
659;2023.05.01 08:15;4;13,5625;13,6875;13,75;466;202;0;0,0
660;2023.05.01 08:30;4;13,5625;13,6875;13,75;466;202;0;0,0
661;2023.05.01 08:45;4;13,5625;13,625;13,75;466;202;0;0,0
662;2023.05.01 09:00;4;13,5;13,625;13,75;466;202;0;0,0
663;2023.05.01 09:15;4;13,5;13,625;13,75;466;202;0;0,0
664;2023.05.01 09:30;4;13,5;13,625;13,75;466;202;0;0,0
665;2023.05.01 09:45;4;13,5;13,625;13,75;466;202;0;0,0
666;2023.05.01 10:00;4;13,5;13,625;13,75;466;202;0;0,0
667;2023.05.01 10:15;4;13,5;13,625;13,75;466;202;0;0,0
668;2023.05.01 10:30;4;13,5625;13,625;13,875;466;202;0;0,0
669;2023.05.01 10:45;4;13,5625;13,625;13,875;466;202;0;0,0
670;2023.05.01 11:00;4;13,625;13,6875;13,875;466;202;0;0,0
671;2023.05.01 11:15;4;13,625;13,6875;13,9375;466;202;0;0,0
672;2023.05.01 11:30;4;13,625;13,75;14;467;202;0;0,0
673;2023.05.01 11:45;4;13,625;13,75;14;467;202;0;0,0
674;2023.05.01 12:00;4;13,6875;13,75;14;467;202;0;0,0
675;2023.05.01 12:15;4;13,75;13,75;14;467;202;0;0,0
676;2023.05.01 12:30;4;13,75;13,8125;14,0625;467;202;0;0,0
677;2023.05.01 12:45;4;13,75;13,875;14,125;467;202;0;0,0
678;2023.05.01 13:00;4;13,8125;13,875;14,125;467;202;0;0,0
679;2023.05.01 13:15;4;13,875;13,875;14,125;467;202;0;0,0
680;2023.05.01 13:30;4;13,875;13,875;14,1875;468;202;0;0,0
681;2023.05.01 13:45;4;13,875;13,9375;14,25;468;202;0;0,0
682;2023.05.01 14:00;4;13,9375;14;14,25;468;202;0;0,0
683;2023.05.01 14:15;4;13,9375;14;14,3125;468;202;0;0,0
684;2023.05.01 14:30;4;14;14;14,375;468;202;0;0,0
685;2023.05.01 14:45;4;14;14,0625;14,375;468;202;0;0,0
686;2023.05.01 15:00;4;14,0625;14,125;14,375;469;202;0;0,0
687;2023.05.01 15:15;4;14,125;14,125;14,4375;469;202;0;0,0
688;2023.05.01 15:30;4;14,125;14,1875;14,5;469;202;0;0,0
689;2023.05.01 15:45;4;14,125;14,25;14,5;469;202;0;0,0
690;2023.05.01 16:00;4;14,1875;14,25;14,5;469;202;0;0,0
691;2023.05.01 16:15;4;14,25;14,25;14,5625;469;202;0;0,0
692;2023.05.01 16:30;4;14,25;14,3125;14,625;470;202;0;0,0
693;2023.05.01 16:45;4;14,25;14,375;14,625;470;202;0;0,0
694;2023.05.01 17:00;4;14,3125;14,375;14,625;470;202;0;0,0
695;2023.05.01 17:15;4;14,375;14,375;14,6875;470;202;0;0,0
696;2023.05.01 17:30;4;14,375;14,4375;14,75;470;202;0;0,0
697;2023.05.01 17:45;4;14,375;14,5;14,75;470;202;0;0,0
698;2023.05.01 18:00;4;14,4375;14,5;14,75;470;202;0;0,0
699;2023.05.01 18:15;4;14,5;14,5;14,75;471;202;0;0,0
700;2023.05.01 18:30;4;14,5;14,5;14,75;471;202;0;0,0
701;2023.05.01 18:45;4;14,5;14,5625;14,75;471;202;0;0,0
702;2023.05.01 19:00;4;14,5;14,625;14,75;471;202;0;0,0
703;2023.05.01 19:15;4;14,5;14,625;14,75;471;202;0;0,0
704;2023.05.01 19:30;4;14,5625;14,625;14,75;471;202;0;0,0
705;2023.05.01 19:45;4;14,5625;14,625;14,75;471;202;0;0,0
706;2023.05.01 20:00;4;14,5625;14,625;14,75;471;202;0;0,0
707;2023.05.01 20:15;4;14,5625;14,625;14,75;471;202;0;0,0
708;2023.05.01 20:30;4;14,5;14,625;14,6875;471;202;0;0,0
709;2023.05.01 20:45;4;14,5;14,625;14,625;471;202;0;0,0
710;2023.05.01 21:00;4;14,5;14,625;14,625;471;202;0;0,0
711;2023.05.01 21:15;4;14,5;14,625;14,5;471;202;0;0,0
712;2023.05.01 21:30;4;14,4375;14,5625;14,5;471;202;0;0,0
713;2023.05.01 21:45;4;14,375;14,5;14,4375;470;202;0;0,0
714;2023.05.01 22:00;4;14,375;14,5;14,375;470;202;0;0,0
715;2023.05.01 22:15;4;14,3125;14,5;14,375;470;202;0;0,0
716;2023.05.01 22:30;4;14,25;14,4375;14,375;470;202;0;0,0
717;2023.05.01 22:45;4;14,25;14,375;14,25;470;202;0;0,0
718;2023.05.01 23:00;4;14,25;14,375;14,25;470;202;0;0,0
719;2023.05.01 23:15;4;14,1875;14,375;14,25;469;202;0;0,0
720;2023.05.01 23:30;4;14,125;14,3125;14,1875;469;202;0;0,0
721;2023.05.01 23:45;4;14,125;14,25;14,125;469;202;0;0,0
722;2023.05.02 00:00;4;14,0625;14,25;14,0625;469;202;0;0,0
723;2023.05.02 00:15;4;14;14,1875;14;469;202;0;0,0
724;2023.05.02 00:30;4;14;14,125;13,9375;468;202;0;0,0
725;2023.05.02 00:45;4;13,875;14,125;13,9375;465;202;0;0,0
726;2023.05.02 01:00;4;13,875;14;13,875;465;202;0;0,0
727;2023.05.02 01:15;4;13,75;14;13,75;465;202;0;0,0
728;2023.05.02 01:30;4;13,75;13,875;13,625;465;202;0;0,0
729;2023.05.02 01:45;4;13,625;13,875;13,5625;464;202;0;0,0
730;2023.05.02 02:00;4;13,625;13,75;13,5;464;202;0;0,0
731;2023.05.02 02:15;4;13,5;13,6875;13,375;463;202;0;0,0
732;2023.05.02 02:30;4;13,4375;13,625;13,3125;463;202;0;0,0
733;2023.05.02 02:45;4;13,375;13,5625;13,25;463;202;0;0,0
734;2023.05.02 03:00;4;13,3125;13,5;13,25;462;202;0;0,0
735;2023.05.02 03:15;4;13,25;13,4375;13,1875;462;202;0;0,0
736;2023.05.02 03:30;4;13,25;13,375;13,125;462;202;0;0,0
737;2023.05.02 03:45;4;13,1875;13,3125;13,125;462;202;0;0,0
738;2023.05.02 04:00;4;13,125;13,25;13,125;462;202;0;0,0
739;2023.05.02 04:15;4;13,125;13,25;13,0625;461;202;0;0,0
740;2023.05.02 04:30;4;13,0625;13,1875;13;461;202;0;0,0
741;2023.05.02 04:45;4;13;13,125;13;461;202;0;0,0
742;2023.05.02 05:00;4;13;13,125;12,875;461;202;0;0,0
743;2023.05.02 05:15;4;12,9375;13,0625;12,875;461;202;0;0,0
744;2023.05.02 05:30;4;12,875;13;12,875;460;202;0;0,0
745;2023.05.02 05:45;4;12,875;13;12,875;460;202;0;0,0
746;2023.05.02 06:00;4;12,8125;12,9375;12,875;460;202;0;0,0
747;2023.05.02 06:15;4;12,8125;12,875;12,875;460;202;0;0,0
748;2023.05.02 06:30;4;12,75;12,875;12,875;460;202;0;0,0
749;2023.05.02 06:45;4;12,75;12,875;12,875;460;202;0;0,0
750;2023.05.02 07:00;4;12,75;12,875;12,875;460;202;0;0,0
751;2023.05.02 07:15;4;12,75;12,875;12,875;460;202;0;0,0
752;2023.05.02 07:30;4;12,75;12,875;12,875;460;202;0;0,0
753;2023.05.02 07:45;4;12,75;12,875;12,875;460;202;0;0,0
754;2023.05.02 08:00;4;12,75;12,875;12,875;460;202;0;0,0
755;2023.05.02 08:15;4;12,75;12,875;12,875;460;202;0;0,0
756;2023.05.02 08:30;4;12,75;12,875;12,875;460;202;0;0,0
757;2023.05.02 08:45;4;12,75;12,875;12,875;460;202;0;0,0
758;2023.05.02 09:00;4;12,75;12,875;12,9375;460;202;0;0,0
759;2023.05.02 09:15;4;12,75;12,875;12,9375;460;202;0;0,0
760;2023.05.02 09:30;4;12,75;12,875;13;460;202;0;0,0
761;2023.05.02 09:45;4;12,75;12,875;13;460;202;0;0,0
762;2023.05.02 10:00;4;12,8125;12,875;13;460;202;0;0,0
763;2023.05.02 10:15;4;12,875;12,875;13;460;202;0;0,0
764;2023.05.02 10:30;4;12,875;12,875;13,0625;460;202;0;0,0
765;2023.05.02 10:45;4;12,875;12,875;13,125;460;202;0;0,0
766;2023.05.02 11:00;4;12,875;12,9375;13,125;460;202;0;0,0
767;2023.05.02 11:15;4;12,9375;13;13,1875;461;202;0;0,0
768;2023.05.02 11:30;4;13;13;13,25;461;202;0;0,0
769;2023.05.02 11:45;4;13;13;13,25;461;202;0;0,0
770;2023.05.02 12:00;4;13,0625;13,0625;13,3125;461;202;0;0,0
771;2023.05.02 12:15;4;13,125;13,125;13,375;461;202;0;0,0
772;2023.05.02 12:30;4;13,125;13,125;13,375;461;202;0;0,0
773;2023.05.02 12:45;4;13,1875;13,1875;13,4375;462;202;0;0,0
774;2023.05.02 13:00;4;13,25;13,25;13,5;462;202;0;0,0
775;2023.05.02 13:15;4;13,25;13,25;13,5;462;202;0;0,0
776;2023.05.02 13:30;4;13,3125;13,3125;13,5625;462;202;0;0,0
777;2023.05.02 13:45;4;13,375;13,375;13,625;462;202;0;0,0
778;2023.05.02 14:00;4;13,375;13,375;13,625;463;202;0;0,0
779;2023.05.02 14:15;4;13,375;13,375;13,6875;463;202;0;0,0
780;2023.05.02 14:30;4;13,5;13,4375;13,75;463;202;0;0,0
781;2023.05.02 14:45;4;13,5;13,5;13,75;463;202;0;0,0
782;2023.05.02 15:00;4;13,5;13,5;13,8125;463;202;0;0,0
783;2023.05.02 15:15;4;13,625;13,5625;13,875;464;202;0;0,0
784;2023.05.02 15:30;4;13,625;13,625;13,875;464;202;0;0,0
785;2023.05.02 15:45;4;13,625;13,625;13,875;464;202;0;0,0
786;2023.05.02 16:00;4;13,6875;13,6875;13,9375;464;202;0;0,0
787;2023.05.02 16:15;4;13,75;13,75;14;464;202;0;0,0
788;2023.05.02 16:30;4;13,75;13,75;14;465;202;0;0,0
789;2023.05.02 16:45;4;13,75;13,75;14;465;202;0;0,0
790;2023.05.02 17:00;4;13,8125;13,8125;14,0625;465;202;0;0,0
791;2023.05.02 17:15;4;13,8125;13,875;14,0625;465;202;0;0,0
792;2023.05.02 17:30;4;13,875;13,875;14,125;465;202;0;0,0
793;2023.05.02 17:45;4;13,875;13,875;14,125;465;202;0;0,0
794;2023.05.02 18:00;4;13,875;13,875;14,125;465;202;0;0,0
795;2023.05.02 18:15;4;13,875;13,9375;14,125;465;202;0;0,0
796;2023.05.02 18:30;4;13,875;14;14,125;465;202;0;0,0
797;2023.05.02 18:45;4;13,9375;14;14,125;466;202;0;0,0
798;2023.05.02 19:00;4;13,9375;14;14,125;466;202;0;0,0
799;2023.05.02 19:15;4;13,9375;14;14,125;466;202;0;0,0
800;2023.05.02 19:30;4;13,9375;14;14,125;466;202;0;0,0
801;2023.05.02 19:45;4;13,9375;14;14,125;466;202;0;0,0
802;2023.05.02 20:00;4;13,875;14;14,0625;465;202;0;0,0
803;2023.05.02 20:15;4;13,875;14;14;465;202;0;0,0
804;2023.05.02 20:30;4;13,875;14;14;465;202;0;0,0
805;2023.05.02 20:45;4;13,875;14;13,875;465;202;0;0,0
806;2023.05.02 21:00;4;13,8125;13,9375;13,875;465;202;0;0,0
807;2023.05.02 21:15;4;13,75;13,875;13,75;465;202;0;0,0
808;2023.05.02 21:30;4;13,75;13,875;13,75;465;202;0;0,0
809;2023.05.02 21:45;4;13,6875;13,8125;13,75;464;202;0;0,0
810;2023.05.02 22:00;4;13,625;13,75;13,625;464;202;0;0,0
811;2023.05.02 22:15;4;13,625;13,75;13,625;464;202;0;0,0
812;2023.05.02 22:30;4;13,5625;13,6875;13,625;464;202;0;0,0
813;2023.05.02 22:45;4;13,5;13,625;13,5;464;202;0;0,0
814;2023.05.02 23:00;4;13,5;13,625;13,5;463;202;0;0,0
815;2023.05.02 23:15;4;13,375;13,5625;13,4375;463;202;0;0,0
816;2023.05.02 23:30;4;13,375;13,5;13,375;463;202;0;0,0
817;2023.05.02 23:45;4;13,3125;13,5;13,25;463;202;0;0,0
818;2023.05.03 00:00;4;13,25;13,4375;13,125;462;202;0;0,0
819;2023.05.03 00:15;4;13,1875;13,375;13,125;462;202;0;0,0
820;2023.05.03 00:30;4;13,125;13,25;13;462;202;0;0,0
821;2023.05.03 00:45;4;13,0625;13,25;13;464;202;0;0,0
822;2023.05.03 01:00;4;13;13,1875;13,0625;464;202;0;0,0
823;2023.05.03 01:15;4;13;13,125;13;464;202;0;0,0
824;2023.05.03 01:30;4;12,9375;13,125;13;464;202;0;0,0
825;2023.05.03 01:45;4;12,875;13,0625;13;464;202;0;0,0
826;2023.05.03 02:00;4;12,875;13;12,9375;463;202;0;0,0
827;2023.05.03 02:15;4;12,875;13;12,875;463;202;0;0,0
828;2023.05.03 02:30;4;12,8125;13;12,8125;463;202;0;0,0
829;2023.05.03 02:45;4;12,75;12,875;12,75;463;202;0;0,0
830;2023.05.03 03:00;4;12,75;12,875;12,6875;463;202;0;0,0
831;2023.05.03 03:15;4;12,625;12,8125;12,625;462;202;0;0,0
832;2023.05.03 03:30;4;12,625;12,75;12,5625;462;202;0;0,0
833;2023.05.03 03:45;4;12,5;12,75;12,5;462;202;0;0,0
834;2023.05.03 04:00;4;12,5;12,625;12,375;462;202;0;0,0
835;2023.05.03 04:15;4;12,4375;12,625;12,375;461;202;0;0,0
836;2023.05.03 04:30;4;12,375;12,5;12,25;461;202;0;0,0
837;2023.05.03 04:45;4;12,3125;12,5;12,125;461;202;0;0,0
838;2023.05.03 05:00;4;12,25;12,375;12;460;202;0;0,0
839;2023.05.03 05:15;4;12,125;12,3125;11,875;460;202;0;0,0
840;2023.05.03 05:30;4;12;12,25;11,75;459;202;0;0,0
841;2023.05.03 05:45;4;11,9375;12,125;11,625;459;202;0;0,0
842;2023.05.03 06:00;4;11,875;12;11,625;458;202;0;0,0
843;2023.05.03 06:15;4;11,75;11,9375;11,625;458;202;0;0,0
844;2023.05.03 06:30;4;11,6875;11,875;11,625;458;202;0;0,0
845;2023.05.03 06:45;4;11,625;11,8125;11,625;457;202;0;0,0
846;2023.05.03 07:00;4;11,625;11,75;11,625;457;202;0;0,0
847;2023.05.03 07:15;4;11,625;11,75;11,625;457;202;0;0,0
848;2023.05.03 07:30;4;11,5625;11,6875;11,625;457;202;0;0,0
849;2023.05.03 07:45;4;11,5625;11,625;11,625;457;202;0;0,0
850;2023.05.03 08:00;4;11,5;11,625;11,625;457;202;0;0,0
851;2023.05.03 08:15;4;11,5;11,625;11,625;457;202;0;0,0
852;2023.05.03 08:30;4;11,5;11,625;11,6875;457;202;0;0,0
853;2023.05.03 08:45;4;11,5;11,625;11,75;457;202;0;0,0
854;2023.05.03 09:00;4;11,5625;11,625;11,75;457;202;0;0,0
855;2023.05.03 09:15;4;11,625;11,625;11,875;457;202;0;0,0
856;2023.05.03 09:30;4;11,625;11,625;11,875;457;202;0;0,0
857;2023.05.03 09:45;4;11,625;11,75;12;457;202;0;0,0
858;2023.05.03 10:00;4;11,75;11,75;12,125;458;202;0;0,0
859;2023.05.03 10:15;4;11,75;11,75;12,125;458;202;0;0,0
860;2023.05.03 10:30;4;11,875;11,875;12,25;458;202;0;0,0
861;2023.05.03 10:45;4;11,875;11,875;12,375;458;202;0;0,0
862;2023.05.03 11:00;4;12;12;12,4375;459;202;0;0,0
863;2023.05.03 11:15;4;12,0625;12;12,5;459;202;0;0,0
864;2023.05.03 11:30;4;12,125;12,125;12,625;459;202;0;0,0
865;2023.05.03 11:45;4;12,25;12,1875;12,75;460;202;0;0,0
866;2023.05.03 12:00;4;12,25;12,25;12,8125;460;202;0;0,0
867;2023.05.03 12:15;4;12,375;12,375;12,875;461;202;0;0,0
868;2023.05.03 12:30;4;12,5;12,4375;12,9375;461;202;0;0,0
869;2023.05.03 12:45;4;12,5;12,5;13;462;202;0;0,0
870;2023.05.03 13:00;4;12,625;12,625;13,125;462;202;0;0,0
871;2023.05.03 13:15;4;12,6875;12,625;13,1875;462;202;0;0,0
872;2023.05.03 13:30;4;12,75;12,75;13,25;463;202;0;0,0
873;2023.05.03 13:45;4;12,875;12,8125;13,375;463;202;0;0,0
874;2023.05.03 14:00;4;12,875;12,875;13,375;464;202;0;0,0
875;2023.05.03 14:15;4;13;13;13,5;464;202;0;0,0
876;2023.05.03 14:30;4;13,0625;13,0625;13,5;464;202;0;0,0
877;2023.05.03 14:45;4;13,125;13,125;13,625;465;202;0;0,0
878;2023.05.03 15:00;4;13,25;13,1875;13,625;465;202;0;0,0
879;2023.05.03 15:15;4;13,25;13,25;13,75;465;202;0;0,0
880;2023.05.03 15:30;4;13,375;13,375;13,75;466;202;0;0,0
881;2023.05.03 15:45;4;13,375;13,375;13,875;466;202;0;0,0
882;2023.05.03 16:00;4;13,5;13,5;13,875;466;202;0;0,0
883;2023.05.03 16:15;4;13,5;13,5;13,9375;467;202;0;0,0
884;2023.05.03 16:30;4;13,625;13,625;14;467;202;0;0,0
885;2023.05.03 16:45;4;13,625;13,625;14;467;202;0;0,0
886;2023.05.03 17:00;4;13,6875;13,75;14,0625;467;202;0;0,0
887;2023.05.03 17:15;4;13,75;13,75;14,0625;468;202;0;0,0
888;2023.05.03 17:30;4;13,75;13,8125;14,125;468;202;0;0,0
889;2023.05.03 17:45;4;13,75;13,875;14,125;468;202;0;0,0
890;2023.05.03 18:00;4;13,875;13,875;14,125;468;202;0;0,0
891;2023.05.03 18:15;4;13,875;13,875;14,125;468;202;0;0,0
892;2023.05.03 18:30;4;13,875;13,875;14,125;468;202;0;0,0
893;2023.05.03 18:45;4;13,875;13,9375;14,0625;468;202;0;0,0
894;2023.05.03 19:00;4;13,875;13,9375;14,0625;468;202;0;0,0
895;2023.05.03 19:15;4;13,875;13,9375;14;468;202;0;0,0
896;2023.05.03 19:30;4;13,875;13,9375;14;468;202;0;0,0
897;2023.05.03 19:45;4;13,875;13,9375;13,875;468;202;0;0,0
898;2023.05.03 20:00;4;13,8125;13,875;13,875;468;202;0;0,0
899;2023.05.03 20:15;4;13,75;13,875;13,8125;468;202;0;0,0
900;2023.05.03 20:30;4;13,75;13,875;13,75;468;202;0;0,0
901;2023.05.03 20:45;4;13,75;13,875;13,75;468;202;0;0,0
902;2023.05.03 21:00;4;13,6875;13,8125;13,6875;468;202;0;0,0
903;2023.05.03 21:15;4;13,625;13,75;13,625;467;202;0;0,0
904;2023.05.03 21:30;4;13,625;13,75;13,625;467;202;0;0,0
905;2023.05.03 21:45;4;13,5625;13,6875;13,5;467;202;0;0,0
906;2023.05.03 22:00;4;13,5;13,625;13,5;467;202;0;0,0
907;2023.05.03 22:15;4;13,5;13,625;13,4375;466;202;0;0,0
908;2023.05.03 22:30;4;13,375;13,5625;13,375;466;202;0;0,0
909;2023.05.03 22:45;4;13,375;13,5;13,375;466;202;0;0,0
910;2023.05.03 23:00;4;13,3125;13,4375;13,3125;466;202;0;0,0
911;2023.05.03 23:15;4;13,25;13,375;13,25;465;202;0;0,0
912;2023.05.03 23:30;4;13,25;13,375;13,125;465;202;0;0,0
913;2023.05.03 23:45;4;13,125;13,3125;13,0625;465;202;0;0,0
914;2023.05.04 00:00;4;13,0625;13,25;12,9375;465;202;0;0,0
915;2023.05.04 00:15;4;13;13,125;12,875;464;202;0;0,0
916;2023.05.04 00:30;4;12,875;13,0625;12,75;464;202;0;0,0
917;2023.05.04 00:45;4;12,8125;13;12,625;464;202;0;0,0
918;2023.05.04 01:00;4;12,75;12,875;12,75;465;202;0;0,0
919;2023.05.04 01:15;4;12,6875;12,875;12,75;465;202;0;0,0
920;2023.05.04 01:30;4;12,625;12,8125;12,5;464;202;0;0,0
921;2023.05.04 01:45;4;12,5625;12,75;12,4375;464;202;0;0,0
922;2023.05.04 02:00;4;12,5;12,625;12,375;464;202;0;0,0
923;2023.05.04 02:15;4;12,375;12,625;12,3125;463;202;0;0,0
924;2023.05.04 02:30;4;12,3125;12,5;12,25;463;202;0;0,0
925;2023.05.04 02:45;4;12,1875;12,4375;12,125;460;202;0;0,0
926;2023.05.04 03:00;4;12,125;12,375;11,6875;459;202;0;0,0
927;2023.05.04 03:15;4;12;12,125;10,875;458;202;0;0,0
928;2023.05.04 03:30;4;11,75;11,875;10,125;456;202;0;0,0
929;2023.05.04 03:45;4;11,625;11,5;9,5;456;202;0;0,0
930;2023.05.04 04:00;4;11,4375;11,25;9,75;455;202;0;0,0
931;2023.05.04 04:15;4;11,375;11,0625;10,125;454;202;0;0,0
932;2023.05.04 04:30;4;11,25;11;10,4375;454;202;0;0,0
933;2023.05.04 04:45;4;11,25;11;10,5;454;202;0;0,0
934;2023.05.04 05:00;4;11,25;11;10,5;453;202;0;0,0
935;2023.05.04 05:15;4;11,125;11;10,5;453;202;0;0,0
936;2023.05.04 05:30;4;11,0625;11;10,5625;453;202;0;0,0
937;2023.05.04 05:45;4;11;11;10,625;453;202;0;0,0
938;2023.05.04 06:00;4;10,9375;10,9375;10,875;455;202;0;0,0
939;2023.05.04 06:15;4;10,9375;10,9375;10,875;455;202;0;0,0
940;2023.05.04 06:30;4;10,875;10,875;10,6875;455;202;0;0,0
941;2023.05.04 06:45;4;10,875;10,875;10,75;453;202;0;0,0
942;2023.05.04 07:00;4;10,8125;10,75;11;453;202;0;0,0
943;2023.05.04 07:15;4;10,875;10,75;11,125;453;202;0;0,0
944;2023.05.04 07:30;4;10,875;10,8125;11,3125;453;202;0;0,0
945;2023.05.04 07:45;4;11;10,875;11,4375;454;202;0;0,0
946;2023.05.04 08:00;4;11,0625;11;11,5;454;202;0;0,0
947;2023.05.04 08:15;4;11,125;11;11,625;455;202;0;0,0
948;2023.05.04 08:30;4;11,25;11,125;11,75;455;202;0;0,0
949;2023.05.04 08:45;4;11,25;11,25;11,75;453;202;0;0,0
950;2023.05.04 09:00;4;11,375;11,3125;11,75;454;202;0;0,0
951;2023.05.04 09:15;4;11,375;11,375;11,875;455;202;0;0,0
952;2023.05.04 09:30;4;11,5;11,5;11,9375;455;202;0;0,0
953;2023.05.04 09:45;4;11,5;11,5625;12,0625;455;202;0;0,0
954;2023.05.04 10:00;4;11,625;11,625;12,25;456;202;0;0,0
955;2023.05.04 10:15;4;11,75;11,75;12,3125;456;202;0;0,0
956;2023.05.04 10:30;4;11,75;11,8125;12,375;457;202;0;0,0
957;2023.05.04 10:45;4;11,875;11,875;12,5;457;202;0;0,0
958;2023.05.04 11:00;4;12;12;13,5;458;202;0;0,0
959;2023.05.04 11:15;4;12,25;12,25;14,1875;460;202;0;0,0
960;2023.05.04 11:30;4;12,625;12,5625;14,75;462;202;0;0,0
961;2023.05.04 11:45;4;13,125;12,9375;15,125;464;202;0;0,0
962;2023.05.04 12:00;4;13,5;13,375;15,5;466;202;0;0,0
963;2023.05.04 12:15;4;13,9375;13,75;15,875;468;202;0;0,0
964;2023.05.04 12:30;4;14,3125;14,125;16,125;470;202;0;0,0
965;2023.05.04 12:45;4;14,6875;14,5;16,375;472;202;0;0,0
966;2023.05.04 13:00;4;15;14,875;16,6875;473;202;0;0,0
967;2023.05.04 13:15;4;15,3125;15,125;16,875;475;202;0;0,0
968;2023.05.04 13:30;4;15,625;15,5;17,125;476;202;0;0,0
969;2023.05.04 13:45;4;15,875;15,75;17,375;478;202;0;0,0
970;2023.05.04 14:00;4;16,125;16;17,5;479;202;0;0,0
971;2023.05.04 14:15;4;16,375;16,3125;17,6875;480;202;0;0,0
972;2023.05.04 14:30;4;16,625;16,5;17,875;482;202;0;0,0
973;2023.05.04 14:45;4;16,75;16,75;18;483;202;0;0,0
974;2023.05.04 15:00;4;17;17;18,1875;484;202;0;0,0
975;2023.05.04 15:15;4;17,1875;17,125;18,3125;484;202;0;0,0
976;2023.05.04 15:30;4;17,375;17,375;18,5;485;202;0;0,0
977;2023.05.04 15:45;4;17,5;17,5;18,5625;486;202;0;0,0
978;2023.05.04 16:00;4;17,625;17,6875;18,6875;487;202;0;0,0
979;2023.05.04 16:15;4;17,8125;17,875;18,75;488;202;0;0,0
980;2023.05.04 16:30;4;18;18;18,875;488;202;0;0,0
981;2023.05.04 16:45;4;18,125;18,125;19;489;202;0;0,0
982;2023.05.04 17:00;4;18,25;18,25;19,0625;490;202;0;0,0
983;2023.05.04 17:15;4;18,375;18,375;19,125;490;202;0;0,0
984;2023.05.04 17:30;4;18,4375;18,5;19,25;491;202;0;0,0
985;2023.05.04 17:45;4;18,5625;18,625;19,3125;491;202;0;0,0
986;2023.05.04 18:00;4;18,625;18,6875;19,375;492;202;0;0,0
987;2023.05.04 18:15;4;18,75;18,75;19,375;492;202;0;0,0
988;2023.05.04 18:30;4;18,8125;18,875;19,5;492;202;0;0,0
989;2023.05.04 18:45;4;18,875;19;19,5;493;202;0;0,0
990;2023.05.04 19:00;4;19;19,0625;19,625;493;202;0;0,0
991;2023.05.04 19:15;4;19;19,125;19,625;493;202;0;0,0
992;2023.05.04 19:30;4;19,125;19,1875;19,625;494;202;0;0,0
993;2023.05.04 19:45;4;19,1875;19,25;19,6875;494;202;0;0,0
994;2023.05.04 20:00;4;19,25;19,3125;19,75;494;202;0;0,0
995;2023.05.04 20:15;4;19,25;19,375;19,75;495;202;0;0,0
996;2023.05.04 20:30;4;19,3125;19,375;19,8125;495;202;0;0,0
997;2023.05.04 20:45;4;19,375;19,5;19,875;495;202;0;0,0
998;2023.05.04 21:00;4;19,4375;19,5;19,875;495;202;0;0,0
999;2023.05.04 21:15;4;19,5;19,5625;19,875;495;202;0;0,0
1000;2023.05.04 21:30;4;19,5;19,625;19,9375;495;202;0;0,0
1001;2023.05.04 21:45;4;19,5625;19,625;19,9375;496;202;0;0,0
1002;2023.05.04 22:00;4;19,5625;19,6875;20;496;202;0;0,0
1003;2023.05.04 22:15;4;19,625;19,75;20;496;202;0;0,0
1004;2023.05.04 22:30;4;19,625;19,75;20;496;202;0;0,0
1005;2023.05.04 22:45;4;19,625;19,75;20;496;202;0;0,0
1006;2023.05.04 23:00;4;19,75;19,8125;20,0625;496;202;0;0,0
1007;2023.05.04 23:15;4;19,75;19,875;20,0625;496;202;0;0,0
1008;2023.05.04 23:30;4;19,75;19,875;20,125;497;202;0;0,0
1009;2023.05.04 23:45;4;19,75;19,875;20,125;497;202;0;0,0
1010;2023.05.05 00:00;4;19,75;19,875;20,125;497;202;0;0,0
1011;2023.05.05 00:15;4;19,8125;19,9375;20,125;497;202;0;0,0
1012;2023.05.05 00:30;4;19,875;20;20,125;497;202;0;0,0
1013;2023.05.05 00:45;4;19,875;20;20,125;497;202;0;0,0
1014;2023.05.05 01:00;4;19,875;20;20,1875;497;202;0;0,0
1015;2023.05.05 01:15;4;19,875;20;20,1875;497;202;0;0,0
1016;2023.05.05 01:30;4;19,875;20;20,1875;497;202;0;0,0
1017;2023.05.05 01:45;4;19,9375;20;20,1875;497;202;0;0,0
1018;2023.05.05 02:00;4;19,9375;20,0625;20,25;497;202;0;0,0
1019;2023.05.05 02:15;4;19,9375;20,0625;20,25;497;202;0;0,0
1020;2023.05.05 02:30;4;20;20,125;20,25;497;202;0;0,0
1021;2023.05.05 02:45;4;20;20,125;20,25;497;202;0;0,0
1022;2023.05.05 03:00;4;20;20,125;20,25;497;202;0;0,0
1023;2023.05.05 03:15;4;20;20,125;20,25;497;202;0;0,0
1024;2023.05.05 03:30;4;20;20,125;20,25;497;202;0;0,0
1025;2023.05.05 03:45;4;20;20,125;20,25;498;202;0;0,0
1026;2023.05.05 04:00;4;20;20,125;20,25;498;202;0;0,0
1027;2023.05.05 04:15;4;20;20,125;20,25;498;202;0;0,0
1028;2023.05.05 04:30;4;20;20,125;20,25;498;202;0;0,0
1029;2023.05.05 04:45;4;20,0625;20,125;20,25;498;202;0;0,0
1030;2023.05.05 05:00;4;20,0625;20,1875;20,3125;498;202;0;0,0
1031;2023.05.05 05:15;4;20,0625;20,1875;20,3125;498;202;0;0,0
1032;2023.05.05 05:30;4;20,0625;20,1875;20,3125;498;202;0;0,0
1033;2023.05.05 05:45;4;20,125;20,1875;20,3125;498;202;0;0,0
1034;2023.05.05 06:00;4;20,125;20,1875;20,25;498;202;0;0,0
1035;2023.05.05 06:15;4;20,125;20,1875;20,25;498;202;0;0,0
1036;2023.05.05 06:30;4;20,125;20,1875;20,25;498;202;0;0,0
1037;2023.05.05 06:45;4;20,125;20,1875;20,1875;498;202;0;0,0
1038;2023.05.05 07:00;4;20,0625;20,1875;20,125;498;202;0;0,0
1039;2023.05.05 07:15;4;20,0625;20,1875;20,125;498;202;0;0,0
1040;2023.05.05 07:30;4;20,0625;20,125;20,125;498;202;0;0,0
1041;2023.05.05 07:45;4;20;20,125;20,125;497;202;0;0,0
1042;2023.05.05 08:00;4;20;20,125;20,125;497;202;0;0,0
1043;2023.05.05 08:15;4;20;20,125;20,125;497;202;0;0,0
1044;2023.05.05 08:30;4;20;20,125;20,125;497;202;0;0,0
1045;2023.05.05 08:45;4;20;20,125;20,125;497;202;0;0,0
1046;2023.05.05 09:00;4;20;20,125;20,25;497;202;0;0,0
1047;2023.05.05 09:15;4;20;20,125;20,5;497;202;0;0,0
1048;2023.05.05 09:30;4;20,125;20,1875;20,75;498;202;0;0,0
1049;2023.05.05 09:45;4;20,125;20,25;21;498;202;0;0,0
1050;2023.05.05 10:00;4;20,25;20,375;21,25;499;202;0;0,0
1051;2023.05.05 10:15;4;20,375;20,5;21,375;499;202;0;0,0
1052;2023.05.05 10:30;4;20,5;20,625;21,625;500;202;0;0,0
1053;2023.05.05 10:45;4;20,6875;20,75;21,75;501;202;0;0,0
1054;2023.05.05 11:00;4;20,875;20,875;21,9375;501;202;0;0,0
1055;2023.05.05 11:15;4;21;21,0625;22,125;502;202;0;0,0
1056;2023.05.05 11:30;4;21,125;21,25;22,25;503;202;0;0,0
1057;2023.05.05 11:45;4;21,3125;21,375;22,375;504;202;0;0,0
1058;2023.05.05 12:00;4;21,5;21,5;22,5625;505;202;0;0,0
1059;2023.05.05 12:15;4;21,625;21,6875;22,6875;505;202;0;0,0
1060;2023.05.05 12:30;4;21,75;21,8125;22,625;506;202;0;0,0
1061;2023.05.05 12:45;4;21,875;21,9375;22,6875;507;202;0;0,0
1062;2023.05.05 13:00;4;22;22,0625;22,875;507;202;0;0,0
1063;2023.05.05 13:15;4;22,125;22,1875;22,875;508;202;0;0,0
1064;2023.05.05 13:30;4;22,25;22,25;22,875;508;202;0;0,0
1065;2023.05.05 13:45;4;22,25;22,375;22,9375;508;202;0;0,0
1066;2023.05.05 14:00;4;22,375;22,4375;23;511;202;0;0,0
1067;2023.05.05 14:15;4;22,375;22,5;22,625;511;202;0;0,0
1068;2023.05.05 14:30;4;22,375;22,5;22,25;511;202;0;0,0
1069;2023.05.05 14:45;4;22,25;22,4375;22;511;202;0;0,0
1070;2023.05.05 15:00;4;22,125;22,375;21,75;510;202;0;0,0
1071;2023.05.05 15:15;4;22;22,25;21,625;509;202;0;0,0
1072;2023.05.05 15:30;4;21,875;22,125;21,5625;509;202;0;0,0
1073;2023.05.05 15:45;4;21,75;22;21,5;508;202;0;0,0
1074;2023.05.05 16:00;4;21,6875;21,875;21,375;508;202;0;0,0
1075;2023.05.05 16:15;4;21,625;21,75;21,375;507;202;0;0,0
1076;2023.05.05 16:30;4;21,5;21,75;21,3125;507;202;0;0,0
1077;2023.05.05 16:45;4;21,4375;21,625;21,25;506;202;0;0,0
1078;2023.05.05 17:00;4;21,375;21,5;21,1875;506;202;0;0,0
1079;2023.05.05 17:15;4;21,3125;21,5;21,125;505;202;0;0,0
1080;2023.05.05 17:30;4;21,25;21,375;21,125;505;202;0;0,0
1081;2023.05.05 17:45;4;21,1875;21,375;21;505;202;0;0,0
1082;2023.05.05 18:00;4;21,125;21,25;21;505;202;0;0,0
1083;2023.05.05 18:15;4;21,0625;21,25;20,9375;504;202;0;0,0
1084;2023.05.05 18:30;4;21;21,125;20,875;504;202;0;0,0
1085;2023.05.05 18:45;4;20,9375;21,125;20,875;504;202;0;0,0
1086;2023.05.05 19:00;4;20,875;21;20,8125;503;202;0;0,0
1087;2023.05.05 19:15;4;20,875;21;20,75;503;202;0;0,0
1088;2023.05.05 19:30;4;20,75;20,9375;20,75;503;202;0;0,0
1089;2023.05.05 19:45;4;20,75;20,875;20,6875;503;202;0;0,0
1090;2023.05.05 20:00;4;20,75;20,875;20,625;502;202;0;0,0
1091;2023.05.05 20:15;4;20,625;20,8125;20,625;502;202;0;0,0
1092;2023.05.05 20:30;4;20,625;20,75;20,5625;502;202;0;0,0
1093;2023.05.05 20:45;4;20,625;20,75;20,5;502;202;0;0,0
1094;2023.05.05 21:00;4;20,5;20,6875;20,5;502;202;0;0,0
1095;2023.05.05 21:15;4;20,5;20,625;20,5;501;202;0;0,0
1096;2023.05.05 21:30;4;20,5;20,625;20,4375;501;202;0;0,0
1097;2023.05.05 21:45;4;20,375;20,5625;20,375;501;202;0;0,0
1098;2023.05.05 22:00;4;20,375;20,5;20,375;501;202;0;0,0
1099;2023.05.05 22:15;4;20,375;20,5;20,3125;501;202;0;0,0
1100;2023.05.05 22:30;4;20,3125;20,4375;20,3125;500;202;0;0,0
1101;2023.05.05 22:45;4;20,25;20,375;20,25;500;202;0;0,0
1102;2023.05.05 23:00;4;20,25;20,375;20,25;500;202;0;0,0
1103;2023.05.05 23:15;4;20,1875;20,375;20,25;500;202;0;0,0
1104;2023.05.05 23:30;4;20,125;20,3125;20,1875;500;202;0;0,0
1105;2023.05.05 23:45;4;20,125;20,25;20,125;500;202;0;0,0
1106;2023.05.06 00:00;4;20,125;20,25;20,125;500;202;0;0,0
1107;2023.05.06 00:15;4;20,0625;20,25;20,125;499;202;0;0,0
1108;2023.05.06 00:30;4;20,0625;20,1875;20,0625;499;202;0;0,0
1109;2023.05.06 00:45;4;20;20,125;20,0625;499;202;0;0,0
1110;2023.05.06 01:00;4;20;20,125;20;499;202;0;0,0
1111;2023.05.06 01:15;4;20;20,125;20;499;202;0;0,0
1112;2023.05.06 01:30;4;19,9375;20,125;20;499;202;0;0,0
1113;2023.05.06 01:45;4;19,875;20,0625;20;499;202;0;0,0
1114;2023.05.06 02:00;4;19,875;20;19,9375;498;202;0;0,0
1115;2023.05.06 02:15;4;19,875;20;19,9375;498;202;0;0,0
1116;2023.05.06 02:30;4;19,875;20;19,875;498;202;0;0,0
1117;2023.05.06 02:45;4;19,875;20;19,875;498;202;0;0,0
1118;2023.05.06 03:00;4;19,8125;19,9375;19,875;498;202;0;0,0
1119;2023.05.06 03:15;4;19,75;19,9375;19,875;498;202;0;0,0
1120;2023.05.06 03:30;4;19,75;19,875;19,875;498;202;0;0,0
1121;2023.05.06 03:45;4;19,75;19,875;19,8125;498;202;0;0,0
1122;2023.05.06 04:00;4;19,75;19,875;19,8125;498;202;0;0,0
1123;2023.05.06 04:15;4;19,75;19,875;19,75;498;202;0;0,0
1124;2023.05.06 04:30;4;19,6875;19,8125;19,75;498;202;0;0,0
1125;2023.05.06 04:45;4;19,6875;19,8125;19,75;498;202;0;0,0
1126;2023.05.06 05:00;4;19,625;19,75;19,75;497;202;0;0,0
1127;2023.05.06 05:15;4;19,625;19,75;19,75;497;202;0;0,0
1128;2023.05.06 05:30;4;19,625;19,75;19,75;497;202;0;0,0
1129;2023.05.06 05:45;4;19,625;19,75;19,6875;497;202;0;0,0
1130;2023.05.06 06:00;4;19,625;19,75;19,6875;497;202;0;0,0
1131;2023.05.06 06:15;4;19,625;19,6875;19,625;497;202;0;0,0
1132;2023.05.06 06:30;4;19,5625;19,6875;19,625;497;202;0;0,0
1133;2023.05.06 06:45;4;19,5625;19,6875;19,625;497;202;0;0,0
1134;2023.05.06 07:00;4;19,5;19,625;19,625;497;202;0;0,0
1135;2023.05.06 07:15;4;19,5;19,625;19,625;497;202;0;0,0
1136;2023.05.06 07:30;4;19,5;19,625;19,625;497;202;0;0,0
1137;2023.05.06 07:45;4;19,5;19,625;19,625;497;202;0;0,0
1138;2023.05.06 08:00;4;19,5;19,625;19,625;497;202;0;0,0
1139;2023.05.06 08:15;4;19,5;19,625;19,625;497;202;0;0,0
1140;2023.05.06 08:30;4;19,5;19,625;19,625;497;202;0;0,0
1141;2023.05.06 08:45;4;19,5;19,625;19,625;497;202;0;0,0
1142;2023.05.06 09:00;4;19,5;19,625;19,6875;497;202;0;0,0
1143;2023.05.06 09:15;4;19,5;19,625;19,6875;497;202;0;0,0
1144;2023.05.06 09:30;4;19,5;19,625;19,6875;497;202;0;0,0
1145;2023.05.06 09:45;4;19,5;19,625;19,6875;497;202;0;0,0
1146;2023.05.06 10:00;4;19,5;19,625;19,75;497;202;0;0,0
1147;2023.05.06 10:15;4;19,5;19,625;19,75;497;202;0;0,0
1148;2023.05.06 10:30;4;19,5;19,625;19,75;497;202;0;0,0
1149;2023.05.06 10:45;4;19,5625;19,625;19,75;497;202;0;0,0
1150;2023.05.06 11:00;4;19,5625;19,625;19,75;497;202;0;0,0
1151;2023.05.06 11:15;4;19,5625;19,625;19,75;497;202;0;0,0
1152;2023.05.06 11:30;4;19,625;19,6875;19,75;497;202;0;0,0
1153;2023.05.06 11:45;4;19,625;19,6875;19,75;497;202;0;0,0
1154;2023.05.06 12:00;4;19,625;19,6875;19,75;497;202;0;0,0
1155;2023.05.06 12:15;4;19,625;19,6875;19,75;497;202;0;0,0
1156;2023.05.06 12:30;4;19,625;19,75;19,75;497;202;0;0,0
1157;2023.05.06 12:45;4;19,625;19,75;19,75;497;202;0;0,0
1158;2023.05.06 13:00;4;19,625;19,75;19,75;497;202;0;0,0
1159;2023.05.06 13:15;4;19,625;19,75;19,75;497;202;0;0,0
1160;2023.05.06 13:30;4;19,625;19,75;19,8125;497;202;0;0,0
1161;2023.05.06 13:45;4;19,625;19,75;19,8125;498;202;0;0,0
1162;2023.05.06 14:00;4;19,625;19,75;19,8125;497;202;0;0,0
1163;2023.05.06 14:15;4;19,625;19,75;19,8125;498;202;0;0,0
1164;2023.05.06 14:30;4;19,625;19,75;19,875;498;202;0;0,0
1165;2023.05.06 14:45;4;19,625;19,75;19,875;498;202;0;0,0
1166;2023.05.06 15:00;4;19,625;19,75;19,875;498;202;0;0,0
1167;2023.05.06 15:15;4;19,6875;19,75;19,875;498;202;0;0,0
1168;2023.05.06 15:30;4;19,6875;19,75;19,875;498;202;0;0,0
1169;2023.05.06 15:45;4;19,6875;19,75;19,875;498;202;0;0,0
1170;2023.05.06 16:00;4;19,6875;19,75;19,875;498;202;0;0,0
1171;2023.05.06 16:15;4;19,6875;19,8125;19,875;498;202;0;0,0
1172;2023.05.06 16:30;4;19,75;19,8125;19,875;498;202;0;0,0
1173;2023.05.06 16:45;4;19,75;19,8125;19,875;498;202;0;0,0
1174;2023.05.06 17:00;4;19,75;19,875;19,9375;498;202;0;0,0
1175;2023.05.06 17:15;4;19,75;19,875;19,9375;498;202;0;0,0
1176;2023.05.06 17:30;4;19,75;19,875;19,9375;498;202;0;0,0
1177;2023.05.06 17:45;4;19,75;19,875;19,9375;498;202;0;0,0
1178;2023.05.06 18:00;4;19,75;19,875;19,9375;498;202;0;0,0
1179;2023.05.06 18:15;4;19,75;19,875;20;498;202;0;0,0
1180;2023.05.06 18:30;4;19,75;19,875;20;498;202;0;0,0
1181;2023.05.06 18:45;4;19,75;19,875;20;498;202;0;0,0
1182;2023.05.06 19:00;4;19,75;19,875;19,9375;498;202;0;0,0
1183;2023.05.06 19:15;4;19,75;19,875;20;498;202;0;0,0
1184;2023.05.06 19:30;4;19,75;19,875;19,9375;498;202;0;0,0
1185;2023.05.06 19:45;4;19,75;19,875;19,9375;498;202;0;0,0
1186;2023.05.06 20:00;4;19,75;19,875;19,9375;498;202;0;0,0
1187;2023.05.06 20:15;4;19,75;19,875;19,9375;498;202;0;0,0
1188;2023.05.06 20:30;4;19,75;19,875;19,9375;498;202;0;0,0
1189;2023.05.06 20:45;4;19,75;19,875;19,9375;498;202;0;0,0
1190;2023.05.06 21:00;4;19,75;19,875;19,875;498;202;0;0,0
1191;2023.05.06 21:15;4;19,75;19,875;19,875;498;202;0;0,0
1192;2023.05.06 21:30;4;19,75;19,875;19,875;498;202;0;0,0
1193;2023.05.06 21:45;4;19,75;19,875;19,875;498;202;0;0,0
1194;2023.05.06 22:00;4;19,75;19,875;19,875;498;202;0;0,0
1195;2023.05.06 22:15;4;19,75;19,875;19,8125;498;202;0;0,0
1196;2023.05.06 22:30;4;19,75;19,875;19,8125;498;202;0;0,0
1197;2023.05.06 22:45;4;19,6875;19,8125;19,75;498;202;0;0,0
1198;2023.05.06 23:00;4;19,6875;19,8125;19,75;498;202;0;0,0
1199;2023.05.06 23:15;4;19,625;19,75;19,75;498;202;0;0,0
1200;2023.05.06 23:30;4;19,625;19,75;19,75;498;202;0;0,0
1201;2023.05.06 23:45;4;19,625;19,75;19,75;497;202;0;0,0
1202;2023.05.07 00:00;4;19,625;19,75;19,75;497;202;0;0,0
1203;2023.05.07 00:15;4;19,625;19,75;19,6875;497;202;0;0,0
1204;2023.05.07 00:30;4;19,625;19,75;19,6875;497;202;0;0,0
1205;2023.05.07 00:45;4;19,5625;19,6875;19,6875;497;202;0;0,0
1206;2023.05.07 01:00;4;19,5625;19,6875;19,625;497;202;0;0,0
1207;2023.05.07 01:15;4;19,5625;19,6875;19,625;497;202;0;0,0
1208;2023.05.07 01:30;4;19,5;19,625;19,625;497;202;0;0,0
1209;2023.05.07 01:45;4;19,5;19,625;19,625;497;202;0;0,0
1210;2023.05.07 02:00;4;19,5;19,625;19,625;497;202;0;0,0
1211;2023.05.07 02:15;4;19,5;19,625;19,625;497;202;0;0,0
1212;2023.05.07 02:30;4;19,5;19,625;19,625;497;202;0;0,0
1213;2023.05.07 02:45;4;19,5;19,625;19,625;497;202;0;0,0
1214;2023.05.07 03:00;4;19,5;19,625;19,625;497;202;0;0,0
1215;2023.05.07 03:15;4;19,4375;19,625;19,5625;497;202;0;0,0
1216;2023.05.07 03:30;4;19,4375;19,5625;19,5625;497;202;0;0,0
1217;2023.05.07 03:45;4;19,4375;19,5625;19,5625;497;202;0;0,0
1218;2023.05.07 04:00;4;19,4375;19,5625;19,5625;496;202;0;0,0
1219;2023.05.07 04:15;4;19,375;19,5;19,5;497;202;0;0,0
1220;2023.05.07 04:30;4;19,375;19,5;19,5;496;202;0;0,0
1221;2023.05.07 04:45;4;19,375;19,5;19,5;496;202;0;0,0
1222;2023.05.07 05:00;4;19,375;19,5;19,5;496;202;0;0,0
1223;2023.05.07 05:15;4;19,375;19,5;19,5;496;202;0;0,0
1224;2023.05.07 05:30;4;19,375;19,5;19,5;496;202;0;0,0
1225;2023.05.07 05:45;4;19,375;19,5;19,5;496;202;0;0,0
1226;2023.05.07 06:00;4;19,375;19,5;19,5;496;202;0;0,0
1227;2023.05.07 06:15;4;19,375;19,5;19,5;496;202;0;0,0
1228;2023.05.07 06:30;4;19,375;19,5;19,5;496;202;0;0,0
1229;2023.05.07 06:45;4;19,375;19,4375;19,5;496;202;0;0,0
1230;2023.05.07 07:00;4;19,3125;19,4375;19,4375;496;202;0;0,0
1231;2023.05.07 07:15;4;19,3125;19,4375;19,4375;496;202;0;0,0
1232;2023.05.07 07:30;4;19,3125;19,4375;19,4375;496;202;0;0,0
1233;2023.05.07 07:45;4;19,3125;19,375;19,4375;496;202;0;0,0
1234;2023.05.07 08:00;4;19,25;19,375;19,4375;496;202;0;0,0
1235;2023.05.07 08:15;4;19,25;19,375;19,4375;496;202;0;0,0
1236;2023.05.07 08:30;4;19,25;19,375;19,5;496;202;0;0,0
1237;2023.05.07 08:45;4;19,3125;19,375;19,5;496;202;0;0,0
1238;2023.05.07 09:00;4;19,25;19,375;19,5;496;202;0;0,0
1239;2023.05.07 09:15;4;19,3125;19,375;19,5;496;202;0;0,0
1240;2023.05.07 09:30;4;19,3125;19,375;19,5;496;202;0;0,0
1241;2023.05.07 09:45;4;19,3125;19,375;19,5;496;202;0;0,0
1242;2023.05.07 10:00;4;19,3125;19,4375;19,5;496;202;0;0,0
1243;2023.05.07 10:15;4;19,3125;19,4375;19,5;496;202;0;0,0
1244;2023.05.07 10:30;4;19,375;19,4375;19,5;496;202;0;0,0
1245;2023.05.07 10:45;4;19,375;19,4375;19,5;496;202;0;0,0
1246;2023.05.07 11:00;4;19,375;19,4375;19,5;496;202;0;0,0
1247;2023.05.07 11:15;4;19,375;19,5;19,5;496;202;0;0,0
1248;2023.05.07 11:30;4;19,375;19,5;19,5;496;202;0;0,0
1249;2023.05.07 11:45;4;19,375;19,5;19,5625;496;202;0;0,0
1250;2023.05.07 12:00;4;19,375;19,5;19,5625;496;202;0;0,0
1251;2023.05.07 12:15;4;19,375;19,5;19,5625;496;202;0;0,0
1252;2023.05.07 12:30;4;19,375;19,5;19,625;496;202;0;0,0
1253;2023.05.07 12:45;4;19,375;19,5;19,625;496;202;0;0,0
1254;2023.05.07 13:00;4;19,375;19,5;19,625;497;202;0;0,0
1255;2023.05.07 13:15;4;19,4375;19,5;19,625;497;202;0;0,0
1256;2023.05.07 13:30;4;19,4375;19,5;19,625;497;202;0;0,0
1257;2023.05.07 13:45;4;19,4375;19,5;19,625;497;202;0;0,0
1258;2023.05.07 14:00;4;19,4375;19,5625;19,625;497;202;0;0,0
1259;2023.05.07 14:15;4;19,5;19,5625;19,6875;497;202;0;0,0
1260;2023.05.07 14:30;4;19,5;19,625;19,75;497;202;0;0,0
1261;2023.05.07 14:45;4;19,5;19,625;19,75;497;202;0;0,0
1262;2023.05.07 15:00;4;19,5;19,625;19,75;497;202;0;0,0
1263;2023.05.07 15:15;4;19,5;19,625;19,75;497;202;0;0,0
1264;2023.05.07 15:30;4;19,5625;19,625;19,8125;497;202;0;0,0
1265;2023.05.07 15:45;4;19,625;19,625;19,8125;497;202;0;0,0
1266;2023.05.07 16:00;4;19,625;19,6875;19,875;497;202;0;0,0
1267;2023.05.07 16:15;4;19,625;19,75;19,875;498;202;0;0,0
1268;2023.05.07 16:30;4;19,625;19,75;19,875;498;202;0;0,0
1269;2023.05.07 16:45;4;19,625;19,75;19,875;498;202;0;0,0
1270;2023.05.07 17:00;4;19,6875;19,75;19,9375;498;202;0;0,0
1271;2023.05.07 17:15;4;19,6875;19,75;19,9375;498;202;0;0,0
1272;2023.05.07 17:30;4;19,75;19,8125;20;498;202;0;0,0
1273;2023.05.07 17:45;4;19,75;19,8125;20;498;202;0;0,0
1274;2023.05.07 18:00;4;19,75;19,875;20;498;202;0;0,0
1275;2023.05.07 18:15;4;19,75;19,875;20;498;202;0;0,0
1276;2023.05.07 18:30;4;19,75;19,875;20;498;202;0;0,0
1277;2023.05.07 18:45;4;19,75;19,875;20;498;202;0;0,0
1278;2023.05.07 19:00;4;19,75;19,875;20;498;202;0;0,0
1279;2023.05.07 19:15;4;19,75;19,875;20;498;202;0;0,0
1280;2023.05.07 19:30;4;19,8125;19,875;20;498;202;0;0,0
1281;2023.05.07 19:45;4;19,8125;19,875;20;499;202;0;0,0
1282;2023.05.07 20:00;4;19,8125;19,875;20;499;202;0;0,0
1283;2023.05.07 20:15;4;19,8125;19,875;20;499;202;0;0,0
1284;2023.05.07 20:30;4;19,8125;19,875;20;499;202;0;0,0
1285;2023.05.07 20:45;4;19,8125;19,875;20;499;202;0;0,0
1286;2023.05.07 21:00;4;19,8125;19,875;20;499;202;0;0,0
1287;2023.05.07 21:15;4;19,8125;19,9375;20;499;202;0;0,0
1288;2023.05.07 21:30;4;19,8125;19,9375;20;499;202;0;0,0
1289;2023.05.07 21:45;4;19,8125;19,875;19,9375;499;202;0;0,0
1290;2023.05.07 22:00;4;19,75;19,875;19,9375;498;202;0;0,0
1291;2023.05.07 22:15;4;19,75;19,875;19,9375;498;202;0;0,0
1292;2023.05.07 22:30;4;19,75;19,875;19,9375;498;202;0;0,0
1293;2023.05.07 22:45;4;19,75;19,875;19,9375;498;202;0;0,0
1294;2023.05.07 23:00;4;19,75;19,875;19,875;498;202;0;0,0
1295;2023.05.07 23:15;4;19,75;19,875;19,875;498;202;0;0,0
1296;2023.05.07 23:30;4;19,75;19,875;19,875;498;202;0;0,0
1297;2023.05.07 23:45;4;19,75;19,875;19,875;498;202;0;0,0
1298;2023.05.08 00:00;4;19,75;19,875;19,875;498;202;0;0,0
1299;2023.05.08 00:15;4;19,75;19,875;19,875;498;202;0;0,0
1300;2023.05.08 00:30;4;19,6875;19,875;19,875;498;202;0;0,0
1301;2023.05.08 00:45;4;19,6875;19,8125;19,8125;498;202;0;0,0
1302;2023.05.08 01:00;4;19,6875;19,8125;19,8125;498;202;0;0,0
1303;2023.05.08 01:15;4;19,625;19,75;19,8125;498;202;0;0,0
1304;2023.05.08 01:30;4;19,625;19,75;19,75;498;202;0;0,0
1305;2023.05.08 01:45;4;19,625;19,75;19,75;498;202;0;0,0
1306;2023.05.08 02:00;4;19,625;19,75;19,75;498;202;0;0,0
1307;2023.05.08 02:15;4;19,625;19,75;19,75;498;202;0;0,0
1308;2023.05.08 02:30;4;19,625;19,75;19,75;498;202;0;0,0
1309;2023.05.08 02:45;4;19,625;19,75;19,75;497;202;0;0,0
1310;2023.05.08 03:00;4;19,5625;19,75;19,75;497;202;0;0,0
1311;2023.05.08 03:15;4;19,5625;19,6875;19,6875;497;202;0;0,0
1312;2023.05.08 03:30;4;19,5625;19,6875;19,6875;497;202;0;0,0
1313;2023.05.08 03:45;4;19,5;19,625;19,625;497;202;0;0,0
1314;2023.05.08 04:00;4;19,5;19,625;19,625;497;202;0;0,0
1315;2023.05.08 04:15;4;19,5;19,625;19,625;497;202;0;0,0
1316;2023.05.08 04:30;4;19,5;19,625;19,625;497;202;0;0,0
1317;2023.05.08 04:45;4;19,5;19,625;19,625;497;202;0;0,0
1318;2023.05.08 05:00;4;19,5;19,625;19,625;497;202;0;0,0
1319;2023.05.08 05:15;4;19,4375;19,625;19,5625;497;202;0;0,0
1320;2023.05.08 05:30;4;19,4375;19,5625;19,5625;497;202;0;0,0
1321;2023.05.08 05:45;4;19,375;19,5625;19,5;497;202;0;0,0
1322;2023.05.08 06:00;4;19,375;19,5;19,5;497;202;0;0,0
1323;2023.05.08 06:15;4;19,375;19,5;19,5;497;202;0;0,0
1324;2023.05.08 06:30;4;19,375;19,5;19,5;496;202;0;0,0
1325;2023.05.08 06:45;4;19,375;19,5;19,5;496;202;0;0,0
1326;2023.05.08 07:00;4;19,375;19,5;19,5;496;202;0;0,0
1327;2023.05.08 07:15;4;19,375;19,5;19,5;496;202;0;0,0
1328;2023.05.08 07:30;4;19,375;19,5;19,5;496;202;0;0,0
1329;2023.05.08 07:45;4;19,375;19,5;19,5;496;202;0;0,0
1330;2023.05.08 08:00;4;19,375;19,5;19,5;496;202;0;0,0
1331;2023.05.08 08:15;4;19,375;19,5;19,5;496;202;0;0,0
1332;2023.05.08 08:30;4;19,375;19,4375;19,5;496;202;0;0,0
1333;2023.05.08 08:45;4;19,375;19,5;19,5;496;202;0;0,0
1334;2023.05.08 09:00;4;19,375;19,5;19,5;496;202;0;0,0
1335;2023.05.08 09:15;4;19,375;19,5;19,5;496;202;0;0,0
1336;2023.05.08 09:30;4;19,375;19,5;19,5;496;202;0;0,0
1337;2023.05.08 09:45;4;19,375;19,5;19,5;496;202;0;0,0
1338;2023.05.08 10:00;4;19,375;19,5;19,5;496;202;0;0,0
1339;2023.05.08 10:15;4;19,375;19,5;19,5625;496;202;0;0,0
1340;2023.05.08 10:30;4;19,375;19,5;19,5625;496;202;0;0,0
1341;2023.05.08 10:45;4;19,375;19,5;19,5625;496;202;0;0,0
1342;2023.05.08 11:00;4;19,375;19,5;19,625;497;202;0;0,0
1343;2023.05.08 11:15;4;19,375;19,5;19,625;497;202;0;0,0
1344;2023.05.08 11:30;4;19,375;19,5;19,625;497;202;0;0,0
1345;2023.05.08 11:45;4;19,375;19,5;19,625;497;202;0;0,0
1346;2023.05.08 12:00;4;19,375;19,5;19,625;497;202;0;0,0
1347;2023.05.08 12:15;4;19,4375;19,5;19,625;497;202;0;0,0
1348;2023.05.08 12:30;4;19,4375;19,5;19,625;497;202;0;0,0
1349;2023.05.08 12:45;4;19,4375;19,5625;19,625;497;202;0;0,0
1350;2023.05.08 13:00;4;19,5;19,5625;19,6875;497;202;0;0,0
1351;2023.05.08 13:15;4;19,5;19,5625;19,6875;497;202;0;0,0
1352;2023.05.08 13:30;4;19,5;19,625;19,6875;497;202;0;0,0
1353;2023.05.08 13:45;4;19,5;19,625;19,75;497;202;0;0,0
1354;2023.05.08 14:00;4;19,5;19,625;19,75;497;202;0;0,0
1355;2023.05.08 14:15;4;19,5;19,625;19,75;497;202;0;0,0
1356;2023.05.08 14:30;4;19,5;19,625;19,75;497;202;0;0,0
1357;2023.05.08 14:45;4;19,5;19,625;19,75;497;202;0;0,0
1358;2023.05.08 15:00;4;19,5625;19,625;19,75;497;202;0;0,0
1359;2023.05.08 15:15;4;19,5625;19,625;19,75;497;202;0;0,0
1360;2023.05.08 15:30;4;19,625;19,6875;19,75;498;202;0;0,0
1361;2023.05.08 15:45;4;19,625;19,6875;19,75;498;202;0;0,0
1362;2023.05.08 16:00;4;19,625;19,75;19,8125;498;202;0;0,0
1363;2023.05.08 16:15;4;19,625;19,75;19,8125;498;202;0;0,0
1364;2023.05.08 16:30;4;19,625;19,75;19,875;498;202;0;0,0
1365;2023.05.08 16:45;4;19,625;19,75;19,875;498;202;0;0,0
1366;2023.05.08 17:00;4;19,625;19,75;19,875;498;202;0;0,0
1367;2023.05.08 17:15;4;19,625;19,75;19,875;498;202;0;0,0
1368;2023.05.08 17:30;4;19,625;19,75;19,875;498;202;0;0,0
1369;2023.05.08 17:45;4;19,625;19,75;19,875;498;202;0;0,0
1370;2023.05.08 18:00;4;19,6875;19,75;19,875;498;202;0;0,0
1371;2023.05.08 18:15;4;19,6875;19,75;19,875;498;202;0;0,0
1372;2023.05.08 18:30;4;19,6875;19,8125;19,875;498;202;0;0,0
1373;2023.05.08 18:45;4;19,6875;19,8125;19,875;498;202;0;0,0
1374;2023.05.08 19:00;4;19,75;19,8125;19,875;498;202;0;0,0
1375;2023.05.08 19:15;4;19,75;19,8125;19,875;498;202;0;0,0
1376;2023.05.08 19:30;4;19,75;19,8125;19,875;498;202;0;0,0
1377;2023.05.08 19:45;4;19,75;19,875;19,875;498;202;0;0,0
1378;2023.05.08 20:00;4;19,75;19,875;19,875;498;202;0;0,0
1379;2023.05.08 20:15;4;19,75;19,875;19,875;498;202;0;0,0
1380;2023.05.08 20:30;4;19,75;19,875;19,875;498;202;0;0,0
1381;2023.05.08 20:45;4;19,75;19,875;19,875;498;202;0;0,0
1382;2023.05.08 21:00;4;19,75;19,875;19,875;498;202;0;0,0
1383;2023.05.08 21:15;4;19,75;19,875;19,875;498;202;0;0,0
1384;2023.05.08 21:30;4;19,75;19,8125;19,875;498;202;0;0,0
1385;2023.05.08 21:45;4;19,75;19,875;19,875;498;202;0;0,0
1386;2023.05.08 22:00;4;19,6875;19,8125;19,875;498;202;0;0,0
1387;2023.05.08 22:15;4;19,6875;19,8125;19,875;498;202;0;0,0
1388;2023.05.08 22:30;4;19,6875;19,8125;19,875;498;202;0;0,0
1389;2023.05.08 22:45;4;19,6875;19,8125;19,8125;498;202;0;0,0
1390;2023.05.08 23:00;4;19,6875;19,8125;19,8125;498;202;0;0,0
1391;2023.05.08 23:15;4;19,625;19,8125;19,8125;498;202;0;0,0
1392;2023.05.08 23:30;4;19,625;19,75;19,8125;498;202;0;0,0
1393;2023.05.08 23:45;4;19,625;19,75;19,75;498;202;0;0,0
1394;2023.05.09 00:00;4;19,625;19,75;19,75;498;202;0;0,0
1395;2023.05.09 00:15;4;19,625;19,75;19,75;498;202;0;0,0
1396;2023.05.09 00:30;4;19,625;19,75;19,75;498;202;0;0,0
1397;2023.05.09 00:45;4;19,625;19,75;19,75;498;202;0;0,0
1398;2023.05.09 01:00;4;19,625;19,75;19,75;498;202;0;0,0
1399;2023.05.09 01:15;4;19,625;19,75;19,75;498;202;0;0,0
1400;2023.05.09 01:30;4;19,5625;19,75;19,75;498;202;0;0,0
1401;2023.05.09 01:45;4;19,5625;19,6875;19,6875;498;202;0;0,0
1402;2023.05.09 02:00;4;19,5625;19,6875;19,6875;497;202;0;0,0
1403;2023.05.09 02:15;4;19,5;19,625;19,625;497;202;0;0,0
1404;2023.05.09 02:30;4;19,5;19,625;19,625;497;202;0;0,0
1405;2023.05.09 02:45;4;19,5;19,625;19,625;497;202;0;0,0
1406;2023.05.09 03:00;4;19,5;19,625;19,625;497;202;0;0,0
1407;2023.05.09 03:15;4;19,5;19,625;19,625;497;202;0;0,0
1408;2023.05.09 03:30;4;19,5;19,625;19,625;497;202;0;0,0
1409;2023.05.09 03:45;4;19,5;19,625;19,625;497;202;0;0,0
1410;2023.05.09 04:00;4;19,5;19,625;19,625;497;202;0;0,0
1411;2023.05.09 04:15;4;19,4375;19,5625;19,5625;497;202;0;0,0
1412;2023.05.09 04:30;4;19,4375;19,5625;19,5625;497;202;0;0,0
1413;2023.05.09 04:45;4;19,4375;19,5625;19,5625;497;202;0;0,0
1414;2023.05.09 05:00;4;19,375;19,5;19,5;497;202;0;0,0
1415;2023.05.09 05:15;4;19,375;19,5;19,5;497;202;0;0,0
1416;2023.05.09 05:30;4;19,375;19,5;19,5;497;202;0;0,0
1417;2023.05.09 05:45;4;19,375;19,5;19,5;497;202;0;0,0
1418;2023.05.09 06:00;4;19,375;19,5;19,5;497;202;0;0,0
1419;2023.05.09 06:15;4;19,375;19,5;19,5;497;202;0;0,0
1420;2023.05.09 06:30;4;19,375;19,5;19,5625;497;202;0;0,0
1421;2023.05.09 06:45;4;19,375;19,5;19,625;497;202;0;0,0
1422;2023.05.09 07:00;4;19,375;19,5;19,625;497;202;0;0,0
1423;2023.05.09 07:15;4;19,375;19,5;19,625;497;202;0;0,0
1424;2023.05.09 07:30;4;19,375;19,5;19,625;497;202;0;0,0
1425;2023.05.09 07:45;4;19,4375;19,5;19,6875;497;202;0;0,0
1426;2023.05.09 08:00;4;19,4375;19,5625;19,6875;497;202;0;0,0
1427;2023.05.09 08:15;4;19,5;19,5625;19,75;497;202;0;0,0
1428;2023.05.09 08:30;4;19,5;19,625;19,75;497;202;0;0,0
1429;2023.05.09 08:45;4;19,5;19,625;19,75;498;202;0;0,0
1430;2023.05.09 09:00;4;19,5;19,625;19,875;498;202;0;0,0
1431;2023.05.09 09:15;4;19,5625;19,625;19,9375;498;202;0;0,0
1432;2023.05.09 09:30;4;19,625;19,6875;20;499;202;0;0,0
1433;2023.05.09 09:45;4;19,625;19,75;20;499;202;0;0,0
1434;2023.05.09 10:00;4;19,625;19,75;20;499;202;0;0,0
1435;2023.05.09 10:15;4;19,6875;19,8125;20,0625;499;202;0;0,0
1436;2023.05.09 10:30;4;19,75;19,8125;20,125;499;202;0;0,0
1437;2023.05.09 10:45;4;19,75;19,875;20,125;499;202;0;0,0
1438;2023.05.09 11:00;4;19,75;19,875;20,125;499;202;0;0,0
1439;2023.05.09 11:15;4;19,8125;19,875;20,1875;500;202;0;0,0
1440;2023.05.09 11:30;4;19,875;19,9375;20,25;500;202;0;0,0
1441;2023.05.09 11:45;4;19,875;20;20,25;500;202;0;0,0
1442;2023.05.09 12:00;4;19,875;20;20,25;500;202;0;0,0
1443;2023.05.09 12:15;4;19,9375;20;20,375;500;202;0;0,0
1444;2023.05.09 12:30;4;20;20,0625;20,375;500;202;0;0,0
1445;2023.05.09 12:45;4;20;20,125;20,4375;501;202;0;0,0
1446;2023.05.09 13:00;4;20;20,125;20,5;501;202;0;0,0
1447;2023.05.09 13:15;4;20,0625;20,125;20,5;501;202;0;0,0
1448;2023.05.09 13:30;4;20,125;20,25;20,5;501;202;0;0,0
1449;2023.05.09 13:45;4;20,125;20,25;20,5;501;202;0;0,0
1450;2023.05.09 14:00;4;20,125;20,25;20,5625;501;202;0;0,0
1451;2023.05.09 14:15;4;20,1875;20,25;20,625;501;202;0;0,0
1452;2023.05.09 14:30;4;20,25;20,375;20,625;502;202;0;0,0
1453;2023.05.09 14:45;4;20,25;20,375;20,625;502;202;0;0,0
1454;2023.05.09 15:00;4;20,25;20,375;20,625;502;202;0;0,0
1455;2023.05.09 15:15;4;20,25;20,375;20,625;502;202;0;0,0
1456;2023.05.09 15:30;4;20,3125;20,375;20,625;502;202;0;0,0
1457;2023.05.09 15:45;4;20,3125;20,4375;20,625;502;202;0;0,0
1458;2023.05.09 16:00;4;20,3125;20,5;20,625;502;202;0;0,0
1459;2023.05.09 16:15;4;20,375;20,5;20,625;502;202;0;0,0
1460;2023.05.09 16:30;4;20,375;20,5;20,625;502;202;0;0,0
1461;2023.05.09 16:45;4;20,375;20,5;20,625;502;202;0;0,0
1462;2023.05.09 17:00;4;20,375;20,5;20,625;502;202;0;0,0
1463;2023.05.09 17:15;4;20,375;20,5;20,625;502;202;0;0,0
1464;2023.05.09 17:30;4;20,375;20,5;20,6875;502;202;0;0,0
1465;2023.05.09 17:45;4;20,375;20,5;20,6875;502;202;0;0,0
1466;2023.05.09 18:00;4;20,375;20,5;20,625;503;202;0;0,0
1467;2023.05.09 18:15;4;20,375;20,5;20,625;503;202;0;0,0
1468;2023.05.09 18:30;4;20,4375;20,5;20,625;503;202;0;0,0
1469;2023.05.09 18:45;4;20,4375;20,5;20,6875;503;202;0;0,0
1470;2023.05.09 19:00;4;20,375;20,5625;20,625;503;202;0;0,0
1471;2023.05.09 19:15;4;20,4375;20,5;20,625;503;202;0;0,0
1472;2023.05.09 19:30;4;20,4375;20,5625;20,625;503;202;0;0,0
1473;2023.05.09 19:45;4;20,4375;20,5625;20,625;503;202;0;0,0
1474;2023.05.09 20:00;4;20,4375;20,5625;20,625;503;202;0;0,0
1475;2023.05.09 20:15;4;20,4375;20,5625;20,625;503;202;0;0,0
1476;2023.05.09 20:30;4;20,4375;20,5625;20,625;503;202;0;0,0
1477;2023.05.09 20:45;4;20,4375;20,5625;20,625;503;202;0;0,0
1478;2023.05.09 21:00;4;20,4375;20,5;20,625;503;202;0;0,0
1479;2023.05.09 21:15;4;20,4375;20,5625;20,625;503;202;0;0,0
1480;2023.05.09 21:30;4;20,4375;20,5;20,625;503;202;0;0,0
1481;2023.05.09 21:45;4;20,375;20,5625;20,625;503;202;0;0,0
1482;2023.05.09 22:00;4;20,375;20,5;20,625;503;202;0;0,0
1483;2023.05.09 22:15;4;20,375;20,5;20,625;502;202;0;0,0
1484;2023.05.09 22:30;4;20,375;20,5;20,625;502;202;0;0,0
1485;2023.05.09 22:45;4;20,375;20,5;20,625;502;202;0;0,0
1486;2023.05.09 23:00;4;20,375;20,5;20,625;502;202;0;0,0
1487;2023.05.09 23:15;4;20,375;20,5;20,5625;502;202;0;0,0
1488;2023.05.09 23:30;4;20,375;20,5;20,5625;502;202;0;0,0
1489;2023.05.09 23:45;4;20,375;20,5;20,5625;502;202;0;0,0
1490;2023.05.10 00:00;4;20,375;20,5;20,5;502;202;0;0,0
1491;2023.05.10 00:15;4;20,375;20,5;20,5;502;202;0;0,0
1492;2023.05.10 00:30;4;20,375;20,5;20,5;502;202;0;0,0
1493;2023.05.10 00:45;4;20,375;20,5;20,5;502;202;0;0,0
1494;2023.05.10 01:00;4;20,375;20,5;20,5;502;202;0;0,0
1495;2023.05.10 01:15;4;20,375;20,5;20,5;502;202;0;0,0
1496;2023.05.10 01:30;4;20,3125;20,4375;20,5;502;202;0;0,0
1497;2023.05.10 01:45;4;20,3125;20,4375;20,5;502;202;0;0,0
1498;2023.05.10 02:00;4;20,3125;20,4375;20,5;502;202;0;0,0
1499;2023.05.10 02:15;4;20,3125;20,375;20,4375;502;202;0;0,0
1500;2023.05.10 02:30;4;20,25;20,375;20,4375;502;202;0;0,0
1501;2023.05.10 02:45;4;20,25;20,375;20,375;502;202;0;0,0
1502;2023.05.10 03:00;4;20,25;20,375;20,375;502;202;0;0,0
1503;2023.05.10 03:15;4;20,25;20,375;20,375;502;202;0;0,0
1504;2023.05.10 03:30;4;20,25;20,375;20,375;502;202;0;0,0
1505;2023.05.10 03:45;4;20,25;20,375;20,375;502;202;0;0,0
1506;2023.05.10 04:00;4;20,25;20,375;20,375;501;202;0;0,0
1507;2023.05.10 04:15;4;20,1875;20,3125;20,3125;501;202;0;0,0
1508;2023.05.10 04:30;4;20,1875;20,3125;20,3125;501;202;0;0,0
1509;2023.05.10 04:45;4;20,125;20,25;20,25;501;202;0;0,0
1510;2023.05.10 05:00;4;20,125;20,25;20,25;501;202;0;0,0
1511;2023.05.10 05:15;4;20,125;20,25;20,25;501;202;0;0,0
1512;2023.05.10 05:30;4;20,125;20,25;20,25;501;202;0;0,0
1513;2023.05.10 05:45;4;20,125;20,25;20,25;501;202;0;0,0
1514;2023.05.10 06:00;4;20,125;20,25;20,25;501;202;0;0,0
1515;2023.05.10 06:15;4;20,0625;20,25;20,25;501;202;0;0,0
1516;2023.05.10 06:30;4;20,0625;20,1875;20,25;501;202;0;0,0
1517;2023.05.10 06:45;4;20,0625;20,1875;20,25;501;202;0;0,0
1518;2023.05.10 07:00;4;20,0625;20,1875;20,1875;501;202;0;0,0
1519;2023.05.10 07:15;4;20;20,125;20,1875;501;202;0;0,0
1520;2023.05.10 07:30;4;20;20,125;20,1875;501;202;0;0,0
1521;2023.05.10 07:45;4;20;20,125;20,1875;501;202;0;0,0
1522;2023.05.10 08:00;4;20;20,125;20,25;502;202;0;0,0
1523;2023.05.10 08:15;4;20,0625;20,125;20,5;502;202;0;0,0
1524;2023.05.10 08:30;4;20,125;20,25;20,75;502;202;0;0,0
1525;2023.05.10 08:45;4;20,25;20,3125;21;503;202;0;0,0
1526;2023.05.10 09:00;4;20,375;20,375;21,125;504;202;0;0,0
1527;2023.05.10 09:15;4;20,5;20,5;21,375;504;202;0;0,0
1528;2023.05.10 09:30;4;20,625;20,6875;21,5;505;202;0;0,0
1529;2023.05.10 09:45;4;20,75;20,8125;21,6875;506;202;0;0,0
1530;2023.05.10 10:00;4;20,875;20,9375;21,875;506;202;0;0,0
1531;2023.05.10 10:15;4;21;21,0625;21,9375;507;202;0;0,0
1532;2023.05.10 10:30;4;21,125;21,1875;22;508;202;0;0,0
1533;2023.05.10 10:45;4;21,25;21,3125;22,0625;508;202;0;0,0
1534;2023.05.10 11:00;4;21,3125;21,375;22,125;509;202;0;0,0
1535;2023.05.10 11:15;4;21,375;21,5;22,25;509;202;0;0,0
1536;2023.05.10 11:30;4;21,5;21,625;22,3125;509;202;0;0,0
1537;2023.05.10 11:45;4;21,625;21,6875;22,375;510;202;0;0,0
1538;2023.05.10 12:00;4;21,6875;21,75;22,375;510;202;0;0,0
1539;2023.05.10 12:15;4;21,75;21,875;22,375;511;202;0;0,0
1540;2023.05.10 12:30;4;21,875;21,9375;22,4375;511;202;0;0,0
1541;2023.05.10 12:45;4;21,875;22;22,5;512;202;0;0,0
1542;2023.05.10 13:00;4;22;22,125;22,5;512;202;0;0,0
1543;2023.05.10 13:15;4;22;22,125;22,625;512;202;0;0,0
1544;2023.05.10 13:30;4;22,0625;22,1875;22,625;512;202;0;0,0
1545;2023.05.10 13:45;4;22,125;22,25;22,6875;512;202;0;0,0
1546;2023.05.10 14:00;4;22,125;22,25;22,75;513;202;0;0,0
1547;2023.05.10 14:15;4;22,25;22,375;22,875;513;202;0;0,0
1548;2023.05.10 14:30;4;22,25;22,375;23;513;202;0;0,0
1549;2023.05.10 14:45;4;22,375;22,5;23,0625;514;202;0;0,0
1550;2023.05.10 15:00;4;22,375;22,5;23,125;514;202;0;0,0
1551;2023.05.10 15:15;4;22,5;22,625;23,1875;514;202;0;0,0
1552;2023.05.10 15:30;4;22,5;22,625;23,25;515;202;0;0,0
1553;2023.05.10 15:45;4;22,625;22,75;23,25;515;202;0;0,0
1554;2023.05.10 16:00;4;22,6875;22,75;23,25;515;202;0;0,0
1555;2023.05.10 16:15;4;22,75;22,875;23,25;516;202;0;0,0
1556;2023.05.10 16:30;4;22,8125;22,875;23,25;516;202;0;0,0
1557;2023.05.10 16:45;4;22,875;22,9375;23,25;516;202;0;0,0
1558;2023.05.10 17:00;4;22,875;23;23,25;516;202;0;0,0
1559;2023.05.10 17:15;4;22,875;23;23,25;516;202;0;0,0
1560;2023.05.10 17:30;4;22,9375;23;23,25;517;202;0;0,0
1561;2023.05.10 17:45;4;22,9375;23,0625;23,25;517;202;0;0,0
1562;2023.05.10 18:00;4;23;23,125;23,25;517;202;0;0,0
1563;2023.05.10 18:15;4;23;23,125;23,1875;517;202;0;0,0
1564;2023.05.10 18:30;4;23;23,125;23,125;517;202;0;0,0
1565;2023.05.10 18:45;4;23;23,125;23,125;517;202;0;0,0
1566;2023.05.10 19:00;4;22,9375;23,125;23,125;516;202;0;0,0
1567;2023.05.10 19:15;4;22,9375;23,125;23,125;516;202;0;0,0
1568;2023.05.10 19:30;4;22,875;23,0625;23,0625;516;202;0;0,0
1569;2023.05.10 19:45;4;22,875;23,0625;23;516;202;0;0,0
1570;2023.05.10 20:00;4;22,875;23,0625;23;516;202;0;0,0
1571;2023.05.10 20:15;4;22,875;23;23;516;202;0;0,0
1572;2023.05.10 20:30;4;22,875;23;23;516;202;0;0,0
1573;2023.05.10 20:45;4;22,8125;23;22,875;516;202;0;0,0
1574;2023.05.10 21:00;4;22,75;23;22,875;516;202;0;0,0
1575;2023.05.10 21:15;4;22,75;22,9375;22,875;515;202;0;0,0
1576;2023.05.10 21:30;4;22,75;22,875;22,8125;515;202;0;0,0
1577;2023.05.10 21:45;4;22,75;22,875;22,75;515;202;0;0,0
1578;2023.05.10 22:00;4;22,625;22,875;22,75;515;202;0;0,0
1579;2023.05.10 22:15;4;22,625;22,875;22,75;515;202;0;0,0
1580;2023.05.10 22:30;4;22,625;22,8125;22,6875;515;202;0;0,0
1581;2023.05.10 22:45;4;22,625;22,75;22,625;515;202;0;0,0
1582;2023.05.10 23:00;4;22,5;22,75;22,625;514;202;0;0,0
1583;2023.05.10 23:15;4;22,5;22,75;22,625;514;202;0;0,0
1584;2023.05.10 23:30;4;22,5;22,6875;22,5625;514;202;0;0,0
1585;2023.05.10 23:45;4;22,4375;22,625;22,5;514;202;0;0,0
1586;2023.05.11 00:00;4;22,375;22,625;22,5;514;202;0;0,0
1587;2023.05.11 00:15;4;22,375;22,625;22,5;514;202;0;0,0
1588;2023.05.11 00:30;4;22,375;22,5625;22,4375;513;202;0;0,0
1589;2023.05.11 00:45;4;22,3125;22,5;22,375;513;202;0;0,0
1590;2023.05.11 01:00;4;22,25;22,5;22,375;513;202;0;0,0
1591;2023.05.11 01:15;4;22,25;22,5;22,375;513;202;0;0,0
1592;2023.05.11 01:30;4;22,25;22,4375;22,3125;513;202;0;0,0
1593;2023.05.11 01:45;4;22,1875;22,375;22,25;513;202;0;0,0
1594;2023.05.11 02:00;4;22,125;22,375;22,25;512;202;0;0,0
1595;2023.05.11 02:15;4;22,125;22,375;22,25;512;202;0;0,0
1596;2023.05.11 02:30;4;22,125;22,3125;22,1875;512;202;0;0,0
1597;2023.05.11 02:45;4;22,0625;22,25;22,125;512;202;0;0,0
1598;2023.05.11 03:00;4;22;22,25;22,125;512;202;0;0,0
1599;2023.05.11 03:15;4;22;22,25;22,125;512;202;0;0,0
1600;2023.05.11 03:30;4;22;22,1875;22,0625;512;202;0;0,0
1601;2023.05.11 03:45;4;21,9375;22,125;22,0625;511;202;0;0,0
1602;2023.05.11 04:00;4;21,9375;22,125;22;511;202;0;0,0
1603;2023.05.11 04:15;4;21,875;22,125;22;511;202;0;0,0
1604;2023.05.11 04:30;4;21,875;22,0625;22;511;202;0;0,0
1605;2023.05.11 04:45;4;21,875;22;22;511;202;0;0,0
1606;2023.05.11 05:00;4;21,8125;22;21,9375;511;202;0;0,0
1607;2023.05.11 05:15;4;21,75;22;21,9375;511;202;0;0,0
1608;2023.05.11 05:30;4;21,75;22;21,875;511;202;0;0,0
1609;2023.05.11 05:45;4;21,75;21,9375;21,875;510;202;0;0,0
1610;2023.05.11 06:00;4;21,75;21,9375;21,875;510;202;0;0,0
1611;2023.05.11 06:15;4;21,75;21,875;21,875;510;202;0;0,0
1612;2023.05.11 06:30;4;21,6875;21,875;21,875;510;202;0;0,0
1613;2023.05.11 06:45;4;21,6875;21,875;21,875;510;202;0;0,0
1614;2023.05.11 07:00;4;21,625;21,875;21,875;510;202;0;0,0
1615;2023.05.11 07:15;4;21,625;21,875;21,875;510;202;0;0,0
1616;2023.05.11 07:30;4;21,625;21,875;21,875;510;202;0;0,0
1617;2023.05.11 07:45;4;21,625;21,875;21,875;510;202;0;0,0
1618;2023.05.11 08:00;4;21,625;21,8125;21,875;510;202;0;0,0
1619;2023.05.11 08:15;4;21,625;21,8125;21,9375;510;202;0;0,0
1620;2023.05.11 08:30;4;21,625;21,8125;22;510;202;0;0,0
1621;2023.05.11 08:45;4;21,6875;21,875;22;510;202;0;0,0
1622;2023.05.11 09:00;4;21,6875;21,875;22;510;202;0;0,0
1623;2023.05.11 09:15;4;21,75;21,875;22,125;510;202;0;0,0
1624;2023.05.11 09:30;4;21,75;21,875;22,125;510;202;0;0,0
1625;2023.05.11 09:45;4;21,75;21,875;22,1875;511;202;0;0,0
1626;2023.05.11 10:00;4;21,8125;21,9375;22,25;511;202;0;0,0
1627;2023.05.11 10:15;4;21,875;22;22,25;511;202;0;0,0
1628;2023.05.11 10:30;4;21,875;22;22,3125;511;202;0;0,0
1629;2023.05.11 10:45;4;21,875;22;22,375;511;202;0;0,0
1630;2023.05.11 11:00;4;21,9375;22,125;22,375;512;202;0;0,0
1631;2023.05.11 11:15;4;22;22,125;22,375;512;202;0;0,0
1632;2023.05.11 11:30;4;22;22,125;22,375;512;202;0;0,0
1633;2023.05.11 11:45;4;22;22,125;22,4375;512;202;0;0,0
1634;2023.05.11 12:00;4;22,0625;22,1875;22,4375;512;202;0;0,0
1635;2023.05.11 12:15;4;22,125;22,25;22,5;512;202;0;0,0
1636;2023.05.11 12:30;4;22,125;22,25;22,5;512;202;0;0,0
1637;2023.05.11 12:45;4;22,125;22,25;22,5;512;202;0;0,0
1638;2023.05.11 13:00;4;22,125;22,3125;22,5;513;202;0;0,0
1639;2023.05.11 13:15;4;22,1875;22,3125;22,5625;513;202;0;0,0
1640;2023.05.11 13:30;4;22,25;22,375;22,625;513;202;0;0,0
1641;2023.05.11 13:45;4;22,25;22,375;22,625;513;202;0;0,0
1642;2023.05.11 14:00;4;22,25;22,375;22,625;513;202;0;0,0
1643;2023.05.11 14:15;4;22,3125;22,4375;22,6875;513;202;0;0,0
1644;2023.05.11 14:30;4;22,375;22,5;22,75;514;202;0;0,0
1645;2023.05.11 14:45;4;22,375;22,5;22,75;514;202;0;0,0
1646;2023.05.11 15:00;4;22,375;22,5;22,8125;514;202;0;0,0
1647;2023.05.11 15:15;4;22,4375;22,5625;22,875;514;202;0;0,0
1648;2023.05.11 15:30;4;22,5;22,625;22,875;514;202;0;0,0
1649;2023.05.11 15:45;4;22,5;22,625;22,875;514;202;0;0,0
1650;2023.05.11 16:00;4;22,5;22,625;22,875;515;202;0;0,0
1651;2023.05.11 16:15;4;22,5625;22,6875;22,9375;515;202;0;0,0
1652;2023.05.11 16:30;4;22,625;22,75;22,9375;515;202;0;0,0
1653;2023.05.11 16:45;4;22,625;22,75;22,9375;515;202;0;0,0
1654;2023.05.11 17:00;4;22,625;22,75;23;515;202;0;0,0
1655;2023.05.11 17:15;4;22,625;22,75;23;515;202;0;0,0
1656;2023.05.11 17:30;4;22,6875;22,8125;22,9375;515;202;0;0,0
1657;2023.05.11 17:45;4;22,6875;22,8125;22,9375;515;202;0;0,0
1658;2023.05.11 18:00;4;22,6875;22,8125;22,9375;515;202;0;0,0
1659;2023.05.11 18:15;4;22,6875;22,875;22,9375;515;202;0;0,0
1660;2023.05.11 18:30;4;22,6875;22,875;22,875;515;202;0;0,0
1661;2023.05.11 18:45;4;22,6875;22,875;22,875;515;202;0;0,0
1662;2023.05.11 19:00;4;22,6875;22,875;22,875;515;202;0;0,0
1663;2023.05.11 19:15;4;22,6875;22,875;22,875;515;202;0;0,0
1664;2023.05.11 19:30;4;22,6875;22,875;22,875;515;202;0;0,0
1665;2023.05.11 19:45;4;22,625;22,8125;22,875;515;202;0;0,0
1666;2023.05.11 20:00;4;22,625;22,8125;22,8125;515;202;0;0,0
1667;2023.05.11 20:15;4;22,625;22,8125;22,75;515;202;0;0,0
1668;2023.05.11 20:30;4;22,625;22,75;22,75;515;202;0;0,0
1669;2023.05.11 20:45;4;22,625;22,75;22,6875;515;202;0;0,0
1670;2023.05.11 21:00;4;22,5625;22,75;22,625;515;202;0;0,0
1671;2023.05.11 21:15;4;22,5625;22,75;22,625;515;202;0;0,0
1672;2023.05.11 21:30;4;22,5;22,6875;22,625;514;202;0;0,0
1673;2023.05.11 21:45;4;22,5;22,6875;22,5625;514;202;0;0,0
1674;2023.05.11 22:00;4;22,5;22,625;22,5;514;202;0;0,0
1675;2023.05.11 22:15;4;22,4375;22,625;22,5;514;202;0;0,0
1676;2023.05.11 22:30;4;22,375;22,625;22,5;514;202;0;0,0
1677;2023.05.11 22:45;4;22,375;22,5625;22,4375;514;202;0;0,0
1678;2023.05.11 23:00;4;22,3125;22,5;22,375;513;202;0;0,0
1679;2023.05.11 23:15;4;22,25;22,5;22,375;513;202;0;0,0
1680;2023.05.11 23:30;4;22,25;22,5;22,375;513;202;0;0,0
1681;2023.05.11 23:45;4;22,25;22,4375;22,25;513;202;0;0,0
1682;2023.05.12 00:00;4;22,1875;22,375;22,25;513;202;0;0,0
1683;2023.05.12 00:15;4;22,125;22,375;22,25;513;202;0;0,0
1684;2023.05.12 00:30;4;22,125;22,3125;22,125;512;202;0;0,0
1685;2023.05.12 00:45;4;22,125;22,25;22,125;512;202;0;0,0
1686;2023.05.12 01:00;4;22;22,25;22,0625;512;202;0;0,0
1687;2023.05.12 01:15;4;22;22,25;22;512;202;0;0,0
1688;2023.05.12 01:30;4;22;22,125;22;512;202;0;0,0
1689;2023.05.12 01:45;4;21,875;22,125;21,9375;511;202;0;0,0
1690;2023.05.12 02:00;4;21,875;22,125;21,875;511;202;0;0,0
1691;2023.05.12 02:15;4;21,8125;22;21,875;511;202;0;0,0
1692;2023.05.12 02:30;4;21,75;22;21,8125;511;202;0;0,0
1693;2023.05.12 02:45;4;21,75;22;21,75;511;202;0;0,0
1694;2023.05.12 03:00;4;21,6875;21,875;21,75;510;202;0;0,0
1695;2023.05.12 03:15;4;21,625;21,875;21,75;510;202;0;0,0
1696;2023.05.12 03:30;4;21,625;21,875;21,6875;510;202;0;0,0
1697;2023.05.12 03:45;4;21,625;21,8125;21,625;510;202;0;0,0
1698;2023.05.12 04:00;4;21,5625;21,75;21,625;510;202;0;0,0
1699;2023.05.12 04:15;4;21,5;21,75;21,625;509;202;0;0,0
1700;2023.05.12 04:30;4;21,5;21,6875;21,625;509;202;0;0,0
1701;2023.05.12 04:45;4;21,5;21,625;21,5625;509;202;0;0,0
1702;2023.05.12 05:00;4;21,4375;21,625;21,5;509;202;0;0,0
1703;2023.05.12 05:15;4;21,375;21,625;21,5;509;202;0;0,0
1704;2023.05.12 05:30;4;21,375;21,5625;21,5;509;202;0;0,0
1705;2023.05.12 05:45;4;21,375;21,5;21,4375;509;202;0;0,0
1706;2023.05.12 06:00;4;21,3125;21,5;21,4375;508;202;0;0,0
1707;2023.05.12 06:15;4;21,25;21,5;21,375;508;202;0;0,0
1708;2023.05.12 06:30;4;21,25;21,5;21,375;508;202;0;0,0
1709;2023.05.12 06:45;4;21,25;21,4375;21,375;508;202;0;0,0
1710;2023.05.12 07:00;4;21,25;21,375;21,375;508;202;0;0,0
1711;2023.05.12 07:15;4;21,1875;21,375;21,375;508;202;0;0,0
1712;2023.05.12 07:30;4;21,1875;21,375;21,3125;508;202;0;0,0
1713;2023.05.12 07:45;4;21,125;21,375;21,3125;508;202;0;0,0
1714;2023.05.12 08:00;4;21,125;21,3125;21,25;508;202;0;0,0
1715;2023.05.12 08:15;4;21,125;21,3125;21,25;507;202;0;0,0
1716;2023.05.12 08:30;4;21,125;21,25;21,25;507;202;0;0,0
1717;2023.05.12 08:45;4;21,125;21,25;21,3125;506;202;0;0,0
1718;2023.05.12 09:00;4;21,125;21,25;21,5;506;202;0;0,0
1719;2023.05.12 09:15;4;21,1875;21,3125;21,5;506;202;0;0,0
1720;2023.05.12 09:30;4;21,25;21,375;21,5625;506;202;0;0,0
1721;2023.05.12 09:45;4;21,25;21,375;21,625;507;202;0;0,0
1722;2023.05.12 10:00;4;21,3125;21,4375;21,625;507;202;0;0,0
1723;2023.05.12 10:15;4;21,375;21,5;21,625;507;202;0;0,0
1724;2023.05.12 10:30;4;21,375;21,5;21,6875;507;202;0;0,0
1725;2023.05.12 10:45;4;21,4375;21,5;21,75;507;202;0;0,0
1726;2023.05.12 11:00;4;21,5;21,5625;21,75;508;202;0;0,0
1727;2023.05.12 11:15;4;21,5;21,625;21,75;508;202;0;0,0
1728;2023.05.12 11:30;4;21,5;21,625;21,8125;508;202;0;0,0
1729;2023.05.12 11:45;4;21,5;21,625;21,75;508;202;0;0,0
1730;2023.05.12 12:00;4;21,5;21,6875;21,75;508;202;0;0,0
1731;2023.05.12 12:15;4;21,5625;21,6875;21,75;508;202;0;0,0
1732;2023.05.12 12:30;4;21,5625;21,6875;21,75;508;202;0;0,0
1733;2023.05.12 12:45;4;21,5625;21,75;21,8125;508;202;0;0,0
1734;2023.05.12 13:00;4;21,5625;21,75;21,875;508;202;0;0,0
1735;2023.05.12 13:15;4;21,625;21,75;21,875;508;202;0;0,0
1736;2023.05.12 13:30;4;21,625;21,75;21,875;508;202;0;0,0
1737;2023.05.12 13:45;4;21,625;21,75;21,875;508;202;0;0,0
1738;2023.05.12 14:00;4;21,625;21,75;21,875;509;202;0;0,0
1739;2023.05.12 14:15;4;21,625;21,8125;21,9375;509;202;0;0,0
1740;2023.05.12 14:30;4;21,625;21,8125;22;509;202;0;0,0
1741;2023.05.12 14:45;4;21,6875;21,875;22;509;202;0;0,0
1742;2023.05.12 15:00;4;21,75;21,875;22;509;202;0;0,0
1743;2023.05.12 15:15;4;21,75;21,875;22;509;202;0;0,0
1744;2023.05.12 15:30;4;21,75;21,875;21,875;509;202;0;0,0
1745;2023.05.12 15:45;4;21,75;21,875;21,875;509;202;0;0,0
1746;2023.05.12 16:00;4;21,6875;21,875;21,8125;509;202;0;0,0
1747;2023.05.12 16:15;4;21,625;21,875;21,75;509;202;0;0,0
1748;2023.05.12 16:30;4;21,625;21,8125;21,75;509;202;0;0,0
1749;2023.05.12 16:45;4;21,625;21,75;21,75;509;202;0;0,0
1750;2023.05.12 17:00;4;21,625;21,75;21,75;508;202;0;0,0
1751;2023.05.12 17:15;4;21,5625;21,75;21,6875;508;202;0;0,0
1752;2023.05.12 17:30;4;21,5;21,75;21,625;508;202;0;0,0
1753;2023.05.12 17:45;4;21,5;21,6875;21,625;508;202;0;0,0
1754;2023.05.12 18:00;4;21,5;21,625;21,625;508;202;0;0,0
1755;2023.05.12 18:15;4;21,5;21,625;21,625;508;202;0;0,0
1756;2023.05.12 18:30;4;21,4375;21,625;21,625;508;202;0;0,0
1757;2023.05.12 18:45;4;21,4375;21,625;21,5625;508;202;0;0,0
1758;2023.05.12 19:00;4;21,375;21,625;21,5625;508;202;0;0,0
1759;2023.05.12 19:15;4;21,375;21,5625;21,5;507;202;0;0,0
1760;2023.05.12 19:30;4;21,375;21,5;21,5;507;202;0;0,0
1761;2023.05.12 19:45;4;21,375;21,5;21,5;507;202;0;0,0
1762;2023.05.12 20:00;4;21,3125;21,5;21,5;507;202;0;0,0
1763;2023.05.12 20:15;4;21,3125;21,5;21,5;507;202;0;0,0
1764;2023.05.12 20:30;4;21,25;21,5;21,4375;507;202;0;0,0
1765;2023.05.12 20:45;4;21,25;21,4375;21,4375;507;202;0;0,0
1766;2023.05.12 21:00;4;21,25;21,375;21,375;507;202;0;0,0
1767;2023.05.12 21:15;4;21,25;21,375;21,375;507;202;0;0,0
1768;2023.05.12 21:30;4;21,25;21,375;21,375;507;202;0;0,0
1769;2023.05.12 21:45;4;21,1875;21,375;21,375;506;202;0;0,0
1770;2023.05.12 22:00;4;21,1875;21,375;21,3125;506;202;0;0,0
1771;2023.05.12 22:15;4;21,125;21,3125;21,3125;506;202;0;0,0
1772;2023.05.12 22:30;4;21,125;21,3125;21,25;506;202;0;0,0
1773;2023.05.12 22:45;4;21,125;21,25;21,25;506;202;0;0,0
1774;2023.05.12 23:00;4;21,125;21,25;21,25;506;202;0;0,0
1775;2023.05.12 23:15;4;21,0625;21,25;21,25;506;202;0;0,0
1776;2023.05.12 23:30;4;21,0625;21,25;21,25;506;202;0;0,0
1777;2023.05.12 23:45;4;21;21,25;21,1875;506;202;0;0,0
1778;2023.05.13 00:00;4;21;21,1875;21,125;506;202;0;0,0
1779;2023.05.13 00:15;4;21;21,125;21,125;506;202;0;0,0
1780;2023.05.13 00:30;4;21;21,125;21,125;506;202;0;0,0
1781;2023.05.13 00:45;4;21;21,125;21,125;505;202;0;0,0
1782;2023.05.13 01:00;4;20,9375;21,125;21,125;505;202;0;0,0
1783;2023.05.13 01:15;4;20,9375;21,125;21,125;505;202;0;0,0
1784;2023.05.13 01:30;4;20,875;21,0625;21,0625;505;202;0;0,0
1785;2023.05.13 01:45;4;20,875;21,0625;21;505;202;0;0,0
1786;2023.05.13 02:00;4;20,875;21;21;505;202;0;0,0
1787;2023.05.13 02:15;4;20,875;21;21;505;202;0;0,0
1788;2023.05.13 02:30;4;20,875;21;21;505;202;0;0,0
1789;2023.05.13 02:45;4;20,8125;21;21;505;202;0;0,0
1790;2023.05.13 03:00;4;20,8125;21;21;505;202;0;0,0
1791;2023.05.13 03:15;4;20,75;21;20,9375;505;202;0;0,0
1792;2023.05.13 03:30;4;20,75;20,9375;20,9375;505;202;0;0,0
1793;2023.05.13 03:45;4;20,75;20,9375;20,875;504;202;0;0,0
1794;2023.05.13 04:00;4;20,75;20,875;20,875;504;202;0;0,0
1795;2023.05.13 04:15;4;20,75;20,875;20,875;504;202;0;0,0
1796;2023.05.13 04:30;4;20,75;20,875;20,875;504;202;0;0,0
1797;2023.05.13 04:45;4;20,75;20,875;20,875;504;202;0;0,0
1798;2023.05.13 05:00;4;20,6875;20,875;20,875;504;202;0;0,0
1799;2023.05.13 05:15;4;20,625;20,875;20,8125;504;202;0;0,0
1800;2023.05.13 05:30;4;20,625;20,8125;20,8125;504;202;0;0,0
1801;2023.05.13 05:45;4;20,625;20,8125;20,75;504;202;0;0,0
1802;2023.05.13 06:00;4;20,625;20,75;20,75;504;202;0;0,0
1803;2023.05.13 06:15;4;20,625;20,75;20,75;504;202;0;0,0
1804;2023.05.13 06:30;4;20,625;20,75;20,75;504;202;0;0,0
1805;2023.05.13 06:45;4;20,625;20,75;20,75;504;202;0;0,0
1806;2023.05.13 07:00;4;20,5625;20,75;20,75;504;202;0;0,0
1807;2023.05.13 07:15;4;20,5625;20,75;20,75;503;202;0;0,0
1808;2023.05.13 07:30;4;20,5625;20,6875;20,75;503;202;0;0,0
1809;2023.05.13 07:45;4;20,5;20,6875;20,6875;503;202;0;0,0
1810;2023.05.13 08:00;4;20,5;20,6875;20,6875;503;202;0;0,0
1811;2023.05.13 08:15;4;20,5;20,625;20,6875;503;202;0;0,0
1812;2023.05.13 08:30;4;20,5;20,625;20,6875;503;202;0;0,0
1813;2023.05.13 08:45;4;20,5;20,625;20,6875;503;202;0;0,0
1814;2023.05.13 09:00;4;20,5;20,625;20,6875;503;202;0;0,0
1815;2023.05.13 09:15;4;20,5;20,625;20,6875;503;202;0;0,0
1816;2023.05.13 09:30;4;20,5;20,625;20,625;503;202;0;0,0
1817;2023.05.13 09:45;4;20,5;20,625;20,6875;503;202;0;0,0
1818;2023.05.13 10:00;4;20,5;20,625;20,6875;503;202;0;0,0
1819;2023.05.13 10:15;4;20,5;20,625;20,6875;503;202;0;0,0
1820;2023.05.13 10:30;4;20,5;20,625;20,6875;503;202;0;0,0
1821;2023.05.13 10:45;4;20,5;20,625;20,75;503;202;0;0,0
1822;2023.05.13 11:00;4;20,5;20,625;20,75;503;202;0;0,0
1823;2023.05.13 11:15;4;20,5625;20,625;20,75;503;202;0;0,0
1824;2023.05.13 11:30;4;20,5625;20,625;20,75;503;202;0;0,0
1825;2023.05.13 11:45;4;20,5625;20,6875;20,8125;503;202;0;0,0
1826;2023.05.13 12:00;4;20,625;20,6875;20,875;504;202;0;0,0
1827;2023.05.13 12:15;4;20,625;20,75;20,875;504;202;0;0,0
1828;2023.05.13 12:30;4;20,6875;20,75;20,9375;504;202;0;0,0
1829;2023.05.13 12:45;4;20,75;20,75;21;504;202;0;0,0
1830;2023.05.13 13:00;4;20,75;20,8125;21,0625;504;202;0;0,0
1831;2023.05.13 13:15;4;20,8125;20,875;21,125;505;202;0;0,0
1832;2023.05.13 13:30;4;20,875;20,9375;21,1875;505;202;0;0,0
1833;2023.05.13 13:45;4;20,9375;21;21,25;505;202;0;0,0
1834;2023.05.13 14:00;4;21;21;21,375;505;202;0;0,0
1835;2023.05.13 14:15;4;21,125;21,125;21,4375;506;202;0;0,0
1836;2023.05.13 14:30;4;21,125;21,1875;21,5;506;202;0;0,0
1837;2023.05.13 14:45;4;21,25;21,25;21,625;506;202;0;0,0
1838;2023.05.13 15:00;4;21,3125;21,3125;21,625;507;202;0;0,0
1839;2023.05.13 15:15;4;21,375;21,375;21,75;507;202;0;0,0
1840;2023.05.13 15:30;4;21,4375;21,5;21,8125;508;202;0;0,0
1841;2023.05.13 15:45;4;21,5;21,5;21,875;508;202;0;0,0
1842;2023.05.13 16:00;4;21,625;21,625;21,9375;508;202;0;0,0
1843;2023.05.13 16:15;4;21,625;21,625;22;508;202;0;0,0
1844;2023.05.13 16:30;4;21,6875;21,75;22,0625;509;202;0;0,0
1845;2023.05.13 16:45;4;21,75;21,75;22,125;509;202;0;0,0
1846;2023.05.13 17:00;4;21,8125;21,875;22,125;509;202;0;0,0
1847;2023.05.13 17:15;4;21,875;21,875;22,1875;509;202;0;0,0
1848;2023.05.13 17:30;4;21,875;21,9375;22,25;510;202;0;0,0
1849;2023.05.13 17:45;4;21,9375;22;22,25;510;202;0;0,0
1850;2023.05.13 18:00;4;22;22;22,25;510;202;0;0,0
1851;2023.05.13 18:15;4;22;22,0625;22,25;510;202;0;0,0
1852;2023.05.13 18:30;4;22;22,125;22,3125;510;202;0;0,0
1853;2023.05.13 18:45;4;22;22,125;22,3125;510;202;0;0,0
1854;2023.05.13 19:00;4;22,0625;22,125;22,375;510;202;0;0,0
1855;2023.05.13 19:15;4;22,0625;22,1875;22,375;510;202;0;0,0
1856;2023.05.13 19:30;4;22,125;22,1875;22,375;511;202;0;0,0
1857;2023.05.13 19:45;4;22,125;22,25;22,375;511;202;0;0,0
1858;2023.05.13 20:00;4;22,125;22,25;22,375;511;202;0;0,0
1859;2023.05.13 20:15;4;22,125;22,25;22,375;511;202;0;0,0
1860;2023.05.13 20:30;4;22,125;22,25;22,3125;511;202;0;0,0
1861;2023.05.13 20:45;4;22,125;22,25;22,3125;511;202;0;0,0
1862;2023.05.13 21:00;4;22,125;22,25;22,25;510;202;0;0,0
1863;2023.05.13 21:15;4;22,0625;22,25;22,25;510;202;0;0,0
1864;2023.05.13 21:30;4;22,0625;22,25;22,25;510;202;0;0,0
1865;2023.05.13 21:45;4;22;22,1875;22,25;510;202;0;0,0
1866;2023.05.13 22:00;4;22;22,1875;22,25;510;202;0;0,0
1867;2023.05.13 22:15;4;22;22,1875;22,1875;510;202;0;0,0
1868;2023.05.13 22:30;4;22;22,125;22,125;510;202;0;0,0
1869;2023.05.13 22:45;4;22;22,125;22,125;510;202;0;0,0
1870;2023.05.13 23:00;4;21,9375;22,125;22,125;510;202;0;0,0
1871;2023.05.13 23:15;4;21,875;22,125;22,0625;509;202;0;0,0
1872;2023.05.13 23:30;4;21,875;22,0625;22;509;202;0;0,0
1873;2023.05.13 23:45;4;21,875;22;22;509;202;0;0,0
1874;2023.05.14 00:00;4;21,8125;22;22;509;202;0;0,0
1875;2023.05.14 00:15;4;21,75;22;21,9375;509;202;0;0,0
1876;2023.05.14 00:30;4;21,75;21,9375;21,875;509;202;0;0,0
1877;2023.05.14 00:45;4;21,75;21,875;21,875;509;202;0;0,0
1878;2023.05.14 01:00;4;21,6875;21,875;21,8125;508;202;0;0,0
1879;2023.05.14 01:15;4;21,625;21,875;21,75;508;202;0;0,0
1880;2023.05.14 01:30;4;21,625;21,8125;21,75;508;202;0;0,0
1881;2023.05.14 01:45;4;21,625;21,75;21,75;508;202;0;0,0
1882;2023.05.14 02:00;4;21,5625;21,75;21,6875;508;202;0;0,0
1883;2023.05.14 02:15;4;21,5;21,75;21,625;508;202;0;0,0
1884;2023.05.14 02:30;4;21,5;21,6875;21,625;507;202;0;0,0
1885;2023.05.14 02:45;4;21,5;21,625;21,625;507;202;0;0,0
1886;2023.05.14 03:00;4;21,375;21,625;21,5625;507;202;0;0,0
1887;2023.05.14 03:15;4;21,375;21,625;21,5;507;202;0;0,0
1888;2023.05.14 03:30;4;21,375;21,5625;21,5;507;202;0;0,0
1889;2023.05.14 03:45;4;21,375;21,5;21,5;507;202;0;0,0
1890;2023.05.14 04:00;4;21,3125;21,5;21,4375;506;202;0;0,0
1891;2023.05.14 04:15;4;21,25;21,5;21,375;506;202;0;0,0
1892;2023.05.14 04:30;4;21,25;21,4375;21,375;506;202;0;0,0
1893;2023.05.14 04:45;4;21,25;21,375;21,375;506;202;0;0,0
1894;2023.05.14 05:00;4;21,1875;21,375;21,3125;506;202;0;0,0
1895;2023.05.14 05:15;4;21,125;21,375;21,25;506;202;0;0,0
1896;2023.05.14 05:30;4;21,125;21,3125;21,25;506;202;0;0,0
1897;2023.05.14 05:45;4;21,125;21,25;21,25;505;202;0;0,0
1898;2023.05.14 06:00;4;21,125;21,25;21,25;505;202;0;0,0
1899;2023.05.14 06:15;4;21,0625;21,25;21,1875;505;202;0;0,0
1900;2023.05.14 06:30;4;21;21,25;21,1875;505;202;0;0,0
1901;2023.05.14 06:45;4;21;21,1875;21,125;505;202;0;0,0
1902;2023.05.14 07:00;4;21;21,125;21,125;505;202;0;0,0
1903;2023.05.14 07:15;4;21;21,125;21,125;505;202;0;0,0
1904;2023.05.14 07:30;4;21;21,125;21,125;505;202;0;0,0
1905;2023.05.14 07:45;4;20,9375;21,125;21,125;505;202;0;0,0
1906;2023.05.14 08:00;4;20,9375;21,125;21,125;505;202;0;0,0
1907;2023.05.14 08:15;4;20,875;21,0625;21,0625;505;202;0;0,0
1908;2023.05.14 08:30;4;20,875;21,0625;21,0625;505;202;0;0,0
1909;2023.05.14 08:45;4;20,875;21;21,0625;504;202;0;0,0
1910;2023.05.14 09:00;4;20,875;21;21,0625;504;202;0;0,0
1911;2023.05.14 09:15;4;20,875;21;21,0625;504;202;0;0,0
1912;2023.05.14 09:30;4;20,875;21;21,0625;504;202;0;0,0
1913;2023.05.14 09:45;4;20,875;21;21,125;504;202;0;0,0
1914;2023.05.14 10:00;4;20,875;21;21,125;505;202;0;0,0
1915;2023.05.14 10:15;4;20,875;21;21,125;505;202;0;0,0
1916;2023.05.14 10:30;4;20,9375;21;21,125;505;202;0;0,0
1917;2023.05.14 10:45;4;20,9375;21,0625;21,1875;505;202;0;0,0
1918;2023.05.14 11:00;4;21;21,0625;21,25;505;202;0;0,0
1919;2023.05.14 11:15;4;21;21,125;21,25;505;202;0;0,0
1920;2023.05.14 11:30;4;21;21,125;21,25;505;202;0;0,0
1921;2023.05.14 11:45;4;21,0625;21,125;21,3125;505;202;0;0,0
1922;2023.05.14 12:00;4;21,125;21,1875;21,375;505;202;0;0,0
1923;2023.05.14 12:15;4;21,125;21,25;21,4375;506;202;0;0,0
1924;2023.05.14 12:30;4;21,1875;21,25;21,5;506;202;0;0,0
1925;2023.05.14 12:45;4;21,25;21,3125;21,5;506;202;0;0,0
1926;2023.05.14 13:00;4;21,25;21,375;21,625;506;202;0;0,0
1927;2023.05.14 13:15;4;21,375;21,375;21,625;507;202;0;0,0
1928;2023.05.14 13:30;4;21,375;21,4375;21,6875;507;202;0;0,0
1929;2023.05.14 13:45;4;21,4375;21,5;21,75;507;202;0;0,0
1930;2023.05.14 14:00;4;21,5;21,5;21,8125;507;202;0;0,0
1931;2023.05.14 14:15;4;21,5;21,625;21,875;508;202;0;0,0
1932;2023.05.14 14:30;4;21,5625;21,625;21,875;508;202;0;0,0
1933;2023.05.14 14:45;4;21,625;21,6875;21,9375;508;202;0;0,0
1934;2023.05.14 15:00;4;21,625;21,75;22;508;202;0;0,0
1935;2023.05.14 15:15;4;21,75;21,75;22;509;202;0;0,0
1936;2023.05.14 15:30;4;21,75;21,8125;22,0625;509;202;0;0,0
1937;2023.05.14 15:45;4;21,75;21,875;22,125;509;202;0;0,0
1938;2023.05.14 16:00;4;21,875;21,875;22,125;509;202;0;0,0
1939;2023.05.14 16:15;4;21,875;21,9375;22,125;509;202;0;0,0
1940;2023.05.14 16:30;4;21,875;22;22,1875;510;202;0;0,0
1941;2023.05.14 16:45;4;21,9375;22;22,25;510;202;0;0,0
1942;2023.05.14 17:00;4;22;22,0625;22,25;510;202;0;0,0
1943;2023.05.14 17:15;4;22;22,125;22,25;510;202;0;0,0
1944;2023.05.14 17:30;4;22;22,125;22,3125;510;202;0;0,0
1945;2023.05.14 17:45;4;22,0625;22,125;22,375;510;202;0;0,0
1946;2023.05.14 18:00;4;22,0625;22,125;22,375;510;202;0;0,0
1947;2023.05.14 18:15;4;22,125;22,1875;22,375;511;202;0;0,0
1948;2023.05.14 18:30;4;22,125;22,25;22,375;511;202;0;0,0
1949;2023.05.14 18:45;4;22,125;22,25;22,375;511;202;0;0,0
1950;2023.05.14 19:00;4;22,125;22,25;22,375;511;202;0;0,0
1951;2023.05.14 19:15;4;22,125;22,25;22,375;511;202;0;0,0
1952;2023.05.14 19:30;4;22,125;22,25;22,375;511;202;0;0,0
1953;2023.05.14 19:45;4;22,125;22,3125;22,375;511;202;0;0,0
1954;2023.05.14 20:00;4;22,125;22,25;22,375;511;202;0;0,0
1955;2023.05.14 20:15;4;22,125;22,25;22,375;511;202;0;0,0
1956;2023.05.14 20:30;4;22,125;22,25;22,375;511;202;0;0,0
1957;2023.05.14 20:45;4;22,125;22,25;22,375;511;202;0;0,0
1958;2023.05.14 21:00;4;22,125;22,25;22,3125;511;202;0;0,0
1959;2023.05.14 21:15;4;22,125;22,25;22,25;511;202;0;0,0
1960;2023.05.14 21:30;4;22,125;22,25;22,25;510;202;0;0,0
1961;2023.05.14 21:45;4;22,0625;22,25;22,25;510;202;0;0,0
1962;2023.05.14 22:00;4;22,0625;22,25;22,25;510;202;0;0,0
1963;2023.05.14 22:15;4;22;22,1875;22,1875;510;202;0;0,0
1964;2023.05.14 22:30;4;22;22,1875;22,1875;510;202;0;0,0
1965;2023.05.14 22:45;4;22;22,125;22,125;510;202;0;0,0
1966;2023.05.14 23:00;4;22;22,125;22,125;510;202;0;0,0
1967;2023.05.14 23:15;4;21,9375;22,125;22,125;510;202;0;0,0
1968;2023.05.14 23:30;4;21,875;22,125;22,125;510;202;0;0,0
1969;2023.05.14 23:45;4;21,875;22,0625;22,0625;509;202;0;0,0
1970;2023.05.15 00:00;4;21,875;22;22;509;202;0;0,0
1971;2023.05.15 00:15;4;21,875;22;22;509;202;0;0,0
1972;2023.05.15 00:30;4;21,8125;22;22;509;202;0;0,0
1973;2023.05.15 00:45;4;21,75;22;21,9375;509;202;0;0,0
1974;2023.05.15 01:00;4;21,75;21,9375;21,875;509;202;0;0,0
1975;2023.05.15 01:15;4;21,75;21,875;21,875;509;202;0;0,0
1976;2023.05.15 01:30;4;21,6875;21,875;21,8125;508;202;0;0,0
1977;2023.05.15 01:45;4;21,625;21,875;21,75;508;202;0;0,0
1978;2023.05.15 02:00;4;21,625;21,8125;21,75;508;202;0;0,0
1979;2023.05.15 02:15;4;21,625;21,75;21,75;508;202;0;0,0
1980;2023.05.15 02:30;4;21,5625;21,75;21,6875;508;202;0;0,0
1981;2023.05.15 02:45;4;21,5;21,75;21,625;508;202;0;0,0
1982;2023.05.15 03:00;4;21,5;21,6875;21,625;507;202;0;0,0
1983;2023.05.15 03:15;4;21,5;21,625;21,625;507;202;0;0,0
1984;2023.05.15 03:30;4;21,4375;21,625;21,5625;507;202;0;0,0
1985;2023.05.15 03:45;4;21,375;21,625;21,5;507;202;0;0,0
1986;2023.05.15 04:00;4;21,375;21,5625;21,5;507;202;0;0,0
1987;2023.05.15 04:15;4;21,375;21,5;21,5;507;202;0;0,0
1988;2023.05.15 04:30;4;21,3125;21,5;21,375;507;202;0;0,0
1989;2023.05.15 04:45;4;21,25;21,5;21,375;506;202;0;0,0
1990;2023.05.15 05:00;4;21,25;21,4375;21,375;506;202;0;0,0
1991;2023.05.15 05:15;4;21,25;21,375;21,3125;506;202;0;0,0
1992;2023.05.15 05:30;4;21,1875;21,375;21,25;506;202;0;0,0
1993;2023.05.15 05:45;4;21,125;21,375;21,25;506;202;0;0,0
1994;2023.05.15 06:00;4;21,125;21,3125;21,25;506;202;0;0,0
1995;2023.05.15 06:15;4;21,125;21,25;21,25;505;202;0;0,0
1996;2023.05.15 06:30;4;21,0625;21,25;21,1875;505;202;0;0,0
1997;2023.05.15 06:45;4;21;21,25;21,125;505;202;0;0,0
1998;2023.05.15 07:00;4;21;21,1875;21,125;505;202;0;0,0
1999;2023.05.15 07:15;4;21;21,125;21,125;505;202;0;0,0
2000;2023.05.15 07:30;4;21;21,125;21,125;505;202;0;0,0
2001;2023.05.15 07:45;4;20,9375;21,125;21,0625;505;202;0;0,0
2002;2023.05.15 08:00;4;20,875;21,125;21;505;202;0;0,0
2003;2023.05.15 08:15;4;20,875;21,0625;21;504;202;0;0,0
2004;2023.05.15 08:30;4;20,875;21;21;504;202;0;0,0
2005;2023.05.15 08:45;4;20,875;21;21;504;202;0;0,0
2006;2023.05.15 09:00;4;20,875;21;21;504;202;0;0,0
2007;2023.05.15 09:15;4;20,875;21;21;504;202;0;0,0
2008;2023.05.15 09:30;4;20,875;21;21;504;202;0;0,0
2009;2023.05.15 09:45;4;20,875;21;21;504;202;0;0,0
2010;2023.05.15 10:00;4;20,875;21;21,0625;504;202;0;0,0
2011;2023.05.15 10:15;4;20,875;21;21,125;504;202;0;0,0
2012;2023.05.15 10:30;4;20,875;21;21,125;504;202;0;0,0
2013;2023.05.15 10:45;4;20,875;21;21,1875;503;202;0;0,0
2014;2023.05.15 11:00;4;21;21;21,25;501;202;0;0,0
2015;2023.05.15 11:15;4;21;21;21,25;500;202;0;0,0
2016;2023.05.15 11:30;4;21;21;21,125;500;202;0;0,0
2017;2023.05.15 11:45;4;21;21;21,125;500;202;0;0,0
2018;2023.05.15 12:00;4;21;21;21,125;500;202;0;0,0
2019;2023.05.15 12:15;4;21;21,0625;21,125;499;202;0;0,0
2020;2023.05.15 12:30;4;21;21,0625;21,125;499;202;0;0,0
2021;2023.05.15 12:45;4;21;21,0625;21,125;499;202;0;0,0
2022;2023.05.15 13:00;4;21;21,0625;21,125;499;202;0;0,0
2023;2023.05.15 13:15;4;21,125;21,125;21,25;504;202;0;0,0
2024;2023.05.15 13:30;4;21,125;21;20,25;504;202;0;0,0
2025;2023.05.15 13:45;4;21,25;20,9375;19,5;504;202;0;0,0
2026;2023.05.15 14:00;4;21,125;20,75;19,25;504;202;0;0,0
2027;2023.05.15 14:15;4;20,875;20,5;19,125;502;202;0;0,0
2028;2023.05.15 14:30;4;20,8125;20,375;19,5625;503;202;0;0,0
2029;2023.05.15 14:45;4;21;20,375;20,3125;504;202;0;0,0
2030;2023.05.15 15:00;4;21,125;20,5;20,8125;505;202;0;0,0
2031;2023.05.15 15:15;4;21,4375;20,75;21,375;507;202;0;0,0
2032;2023.05.15 15:30;4;21,8125;21,0625;21,875;509;202;0;0,0
2033;2023.05.15 15:45;4;21,875;21,375;21,9375;509;202;0;0,0
2034;2023.05.15 16:00;4;21,75;21,5;21,375;509;202;0;0,0
2035;2023.05.15 16:15;4;21,5;21,4375;20,9375;509;202;0;0,0
2036;2023.05.15 16:30;4;21,375;21,3125;20,5;508;202;0;0,0
2037;2023.05.15 16:45;4;21,125;21,125;20,0625;511;202;0;0,0
2038;2023.05.15 17:00;4;20,875;20,875;19,625;508;202;0;0,0
2039;2023.05.15 17:15;4;20,625;20,625;19,375;507;202;0;0,0
2040;2023.05.15 17:30;4;20,5;20,5;19,375;506;202;0;0,0
2041;2023.05.15 17:45;4;20,375;20,3125;19,5;505;202;0;0,0
2042;2023.05.15 18:00;4;20,375;20,25;19,75;505;202;0;0,0
2043;2023.05.15 18:15;4;20,3125;20,25;20;505;202;0;0,0
2044;2023.05.15 18:30;4;20,3125;20,25;20,25;505;202;0;0,0
2045;2023.05.15 18:45;4;20,3125;20,25;20,3125;505;202;0;0,0
2046;2023.05.15 19:00;4;20,125;20,25;20;501;202;0;0,0
2047;2023.05.15 19:15;4;19,875;20,125;19,5;501;202;0;0,0
2048;2023.05.15 19:30;4;19,625;19,9375;19;499;202;0;0,0
2049;2023.05.15 19:45;4;19,3125;19,625;18,5;498;202;0;0,0
2050;2023.05.15 20:00;4;18,9375;19,375;18;496;202;0;0,0
2051;2023.05.15 20:15;4;18,5;19;17,375;494;202;0;0,0
2052;2023.05.15 20:30;4;18,0625;18,5625;16,8125;492;202;0;0,0
2053;2023.05.15 20:45;4;17,625;18,125;16,25;489;202;0;0,0
2054;2023.05.15 21:00;4;17,0625;17,625;15,625;487;202;0;0,0
2055;2023.05.15 21:15;4;16,5625;17,125;15;484;202;0;0,0
2056;2023.05.15 21:30;4;16;16,625;14,5;481;202;0;0,0
2057;2023.05.15 21:45;4;15,5;16;13,875;479;202;0;0,0
2058;2023.05.15 22:00;4;14,9375;15,5;13,375;476;202;0;0,0
2059;2023.05.15 22:15;4;14,375;15;12,8125;473;202;0;0,0
2060;2023.05.15 22:30;4;13,875;14,4375;12,3125;471;202;0;0,0
2061;2023.05.15 22:45;4;13,375;13,875;11,75;468;202;0;0,0
2062;2023.05.15 23:00;4;12,875;13,375;11,25;466;202;0;0,0
2063;2023.05.15 23:15;4;12,375;12,875;10,8125;463;202;0;0,0
2064;2023.05.15 23:30;4;11,875;12,375;10,3125;461;202;0;0,0
2065;2023.05.15 23:45;4;11,375;11,875;9,8125;458;202;0;0,0
2066;2023.05.16 00:00;4;10,875;11,375;9,375;456;202;0;0,0
2067;2023.05.16 00:15;4;10,375;10,875;8,875;453;202;0;0,0
2068;2023.05.16 00:30;4;9,875;10,375;8,5;451;202;0;0,0
2069;2023.05.16 00:45;4;9,4375;9,9375;8,0625;449;202;0;0,0
2070;2023.05.16 01:00;4;9;9,5;7,625;447;202;0;0,0
2071;2023.05.16 01:15;4;8,5625;9;7,25;445;202;0;0,0
2072;2023.05.16 01:30;4;8,1875;8,625;6,9375;443;202;0;0,0
2073;2023.05.16 01:45;4;7,8125;8,25;6,625;441;202;0;0,0
2074;2023.05.16 02:00;4;7,4375;7,875;6,3125;439;202;0;0,0
2075;2023.05.16 02:15;4;7,125;7,5;6,0625;437;202;0;0,0
2076;2023.05.16 02:30;4;6,8125;7,125;5,875;436;202;0;0,0
2077;2023.05.16 02:45;4;6,5;6,875;5,625;434;202;0;0,0
2078;2023.05.16 03:00;4;6,25;6,5625;5,375;433;202;0;0,0
2079;2023.05.16 03:15;4;6;6,25;5,25;432;202;0;0,0
2080;2023.05.16 03:30;4;5,75;6;5;430;202;0;0,0
2081;2023.05.16 03:45;4;5,5;5,75;4,875;429;202;0;0,0
2082;2023.05.16 04:00;4;5,375;5,5625;4,75;429;202;0;0,0
2083;2023.05.16 04:15;4;5,1875;5,375;4,6875;428;202;0;0,0
2084;2023.05.16 04:30;4;5,0625;5,25;4,625;427;202;0;0,0
2085;2023.05.16 04:45;4;5;5,125;4,6875;427;202;0;0,0
2086;2023.05.16 05:00;4;5;5;4,75;427;202;0;0,0
2087;2023.05.16 05:15;4;4,9375;5;4,875;426;202;0;0,0
2088;2023.05.16 05:30;4;5;5;4,9375;426;202;0;0,0
2089;2023.05.16 05:45;4;5;5;5,0625;427;202;0;0,0
2090;2023.05.16 06:00;4;5,125;5;5,25;427;202;0;0,0
2091;2023.05.16 06:15;4;5,25;5,125;5,375;428;202;0;0,0
2092;2023.05.16 06:30;4;5,375;5,25;5,5625;429;202;0;0,0
2093;2023.05.16 06:45;4;5,625;5,375;5,8125;430;202;0;0,0
2094;2023.05.16 07:00;4;5,875;5,5;6,0625;431;202;0;0,0
2095;2023.05.16 07:15;4;6,25;5,75;6,375;432;202;0;0,0
2096;2023.05.16 07:30;4;6,875;6,1875;7,25;436;202;0;0,0
2097;2023.05.16 07:45;4;7,375;6,6875;7,8125;437;202;0;0,0
2098;2023.05.16 08:00;4;8;7,25;8,25;440;202;0;0,0
2099;2023.05.16 08:15;4;8,4375;7,6875;8,9375;444;202;0;0,0
2100;2023.05.16 08:30;4;8,625;8;9,375;444;202;0;0,0
2101;2023.05.16 08:45;4;9,0625;8,4375;9,75;447;202;0;0,0
2102;2023.05.16 09:00;4;9,25;8,75;10,125;450;202;0;0,0
2103;2023.05.16 09:15;4;9,5;9,0625;10,375;451;202;0;0,0
2104;2023.05.16 09:30;4;9,875;9,375;10,375;451;202;0;0,0
2105;2023.05.16 09:45;4;10,375;9,875;11;454;202;0;0,0
2106;2023.05.16 10:00;4;10,6875;10,25;11,0625;457;202;0;0,0
2107;2023.05.16 10:15;4;11,0625;10,625;11,375;459;202;0;0,0
2108;2023.05.16 10:30;4;11,25;10,9375;11,125;461;202;0;0,0
2109;2023.05.16 10:45;4;11,375;11,125;11,75;462;202;0;0,0
2110;2023.05.16 11:00;4;11,625;11,375;12,75;463;202;0;0,0
2111;2023.05.16 11:15;4;12;11,6875;13,3125;465;202;0;0,0
2112;2023.05.16 11:30;4;12,4375;12;13,1875;471;202;0;0,0
2113;2023.05.16 11:45;4;13,0625;12,8125;13,625;475;202;0;0,0
2114;2023.05.16 12:00;4;13,0625;12,9375;13,25;472;202;0;0,0
2115;2023.05.16 12:15;4;13,625;13,25;14;474;202;0;0,0
2116;2023.05.16 12:30;4;13,75;13,8125;15,125;475;202;0;0,0
2117;2023.05.16 12:45;4;14,125;14,25;15,5;482;202;0;0,0
2118;2023.05.16 13:00;4;14,375;14,25;14;473;202;0;0,0
2119;2023.05.16 13:15;4;14,6875;14,5;13,9375;335;202;0;0,0
2120;2023.05.16 13:30;4;9,125;12,75;13,125;2610;202;0;40,2
2121;2023.05.16 13:45;4;9;11,375;12;2617;202;0;40,4
2122;2023.05.16 14:00;4;9;11;11,8125;2621;202;0;40,4
2123;2023.05.16 14:15;4;9;11,125;12,125;2624;202;0;40,5
2124;2023.05.16 14:30;4;9;11,1875;12,25;2626;202;0;40,5
2125;2023.05.16 14:45;4;9;11,125;12,125;2628;202;0;40,6
2126;2023.05.16 15:00;4;9;10,9375;11,875;2629;202;0;40,6
2127;2023.05.16 15:15;4;9;11,375;12,875;2630;202;0;40,6
2128;2023.05.16 15:30;4;9;11,9375;13,25;2631;202;0;40,6
2129;2023.05.16 15:45;4;9;11,4375;12,375;2631;202;0;40,6
2130;2023.05.16 16:00;4;9;11,125;12;2631;202;0;40,6
2131;2023.05.16 16:15;4;9;11,25;12,3125;2632;202;0;40,6
2132;2023.05.16 16:30;4;9;11,125;12;2632;202;0;40,6
2133;2023.05.16 16:45;4;9;10,875;11,75;2632;202;0;40,6
2134;2023.05.16 17:00;4;9;11,0625;12,125;2633;202;0;40,6
2135;2023.05.16 17:15;4;9,0625;11;11,9375;2633;202;0;40,6
2136;2023.05.16 17:30;4;9,0625;10,625;11,375;2633;202;0;40,6
2137;2023.05.16 17:45;4;9,0625;10,5;11,1875;2633;202;0;40,6
2138;2023.05.16 18:00;4;9,0625;10,375;11,125;2633;202;0;40,6
2139;2023.05.16 18:15;4;9,0625;10,25;10,875;2633;202;0;40,6
2140;2023.05.16 18:30;4;9,0625;10,125;10,6875;2633;202;0;40,6
2141;2023.05.16 18:45;4;9,0625;10,0625;10,75;2633;202;0;40,6
2142;2023.05.16 19:00;4;9,0625;10;10,6875;2633;202;0;40,6
2143;2023.05.16 19:15;4;9,0625;10,0625;10,625;2633;202;0;40,6
2144;2023.05.16 19:30;4;9,0625;9,875;10,375;2633;202;0;40,6
2145;2023.05.16 19:45;4;9,0625;9,625;9,875;2633;202;0;40,6
2146;2023.05.16 20:00;4;9,0625;9,375;9,375;2633;202;0;40,6
2147;2023.05.16 20:15;4;9,0625;9,125;9,25;2633;202;0;40,6
2148;2023.05.16 20:30;4;9,0625;9,0625;9,1875;2633;202;0;40,6
2149;2023.05.16 20:45;4;9,0625;8,875;8,875;2633;202;0;40,6
2150;2023.05.16 21:00;4;9;8,6875;8,375;2633;202;0;40,6
2151;2023.05.16 21:15;4;9;8,5625;8,25;2633;202;0;40,6
2152;2023.05.16 21:30;4;9;8,5;8,3125;2634;202;0;40,7
2153;2023.05.16 21:45;4;9;8,5;8,125;2634;202;0;40,7
2154;2023.05.16 22:00;4;9;8,375;8;2634;202;0;40,7
2155;2023.05.16 22:15;4;9;8,25;7,875;2634;202;0;40,7
2156;2023.05.16 22:30;4;9;8,1875;7,8125;2634;202;0;40,7
2157;2023.05.16 22:45;4;9;8,125;7,875;2635;202;0;40,7
2158;2023.05.16 23:00;4;9;8,125;7,8125;2635;202;0;40,7
2159;2023.05.16 23:15;4;9;8,125;7,9375;2636;202;0;40,7
2160;2023.05.16 23:30;4;9;8,0625;7,75;2635;202;0;40,7
2161;2023.05.16 23:45;4;9;8;7,75;2636;202;0;40,7
2162;2023.05.17 00:00;4;8,9375;8;7,8125;2636;202;0;40,7
2163;2023.05.17 00:15;4;8,9375;8;7,625;2636;202;0;40,7
2164;2023.05.17 00:30;4;8,9375;7,875;7,625;2636;202;0;40,7
2165;2023.05.17 00:45;4;8,9375;7,9375;7,625;2636;202;0;40,7
2166;2023.05.17 01:00;4;8,875;7,875;7,375;2637;202;0;40,7
2167;2023.05.17 01:15;4;8,875;7,625;7;2637;202;0;40,7
2168;2023.05.17 01:30;4;8,875;7,4375;6,625;2637;202;0;40,7
2169;2023.05.17 01:45;4;8,875;7,25;6,5;2637;202;0;40,7
2170;2023.05.17 02:00;4;8,875;7,1875;6,4375;2639;202;0;40,8
2171;2023.05.17 02:15;4;8,875;7,25;6,5625;2638;202;0;40,7
2172;2023.05.17 02:30;4;8,875;7,1875;6,5;2638;202;0;40,7
2173;2023.05.17 02:45;4;8,875;7,125;6,4375;2638;202;0;40,7
2174;2023.05.17 03:00;4;8,875;7,0625;6,25;2638;202;0;40,7
2175;2023.05.17 03:15;4;8,8125;7;6,125;2639;202;0;40,8
2176;2023.05.17 03:30;4;8,8125;6,875;6;2639;202;0;40,8
2177;2023.05.17 03:45;4;8,8125;6,75;5,75;2639;202;0;40,8
2178;2023.05.17 04:00;4;8,75;6,75;5,875;2640;202;0;40,8
2179;2023.05.17 04:15;4;8,75;6,75;5,875;2640;202;0;40,8
2180;2023.05.17 04:30;4;8,75;6,75;5,9375;2640;202;0;40,8
2181;2023.05.17 04:45;4;8,75;7;6,8125;2641;202;0;40,8
2182;2023.05.17 05:00;4;8,75;7,1875;7,0625;2641;202;0;40,8
2183;2023.05.17 05:15;4;8,75;7,375;7,375;2642;202;0;40,8
2184;2023.05.17 05:30;4;8,75;7,6875;7,6875;2642;202;0;40,8
2185;2023.05.17 05:45;4;8,75;8;8;2643;202;0;40,8
2186;2023.05.17 06:00;4;8,75;8,25;8,3125;2643;202;0;40,8
2187;2023.05.17 06:15;4;8,6875;8,375;8,5625;2643;202;0;40,8
2188;2023.05.17 06:30;4;8,6875;8,5;8,6875;2643;202;0;40,8
2189;2023.05.17 06:45;4;8,6875;8,625;8,875;2642;202;0;40,8
2190;2023.05.17 07:00;4;8,6875;8,75;9;2643;202;0;40,8
2191;2023.05.17 07:15;4;8,6875;8,875;9,25;2643;202;0;40,8
2192;2023.05.17 07:30;4;8,6875;9,125;9,625;2642;202;0;40,8
2193;2023.05.17 07:45;4;8,75;9,375;9,875;2642;202;0;40,8
2194;2023.05.17 08:00;4;8,75;9,5;10;2641;202;0;40,8
2195;2023.05.17 08:15;4;8,75;9,625;10,25;2647;202;0;40,9
2196;2023.05.17 08:30;4;8,75;9,875;10,875;2640;202;0;40,8
2197;2023.05.17 08:45;4;8,75;10,125;11,125;2640;202;0;40,8
2198;2023.05.17 09:00;4;8,75;10,625;11,75;2639;202;0;40,8
2199;2023.05.17 09:15;4;8,75;10,75;11,875;2638;202;0;40,7
2200;2023.05.17 09:30;4;8,75;10,75;11,75;2638;202;0;40,7
2201;2023.05.17 09:45;4;8,75;11,3125;12,625;2637;202;0;40,7
2202;2023.05.17 10:00;4;8,75;11,6875;13,0625;2636;202;0;40,7
2203;2023.05.17 10:15;4;8,8125;12,25;13,875;2635;202;0;40,7
2204;2023.05.17 10:30;4;8,8125;12,5625;14,1875;2634;202;0;40,7
2205;2023.05.17 10:45;4;8,875;12,5625;14;2633;202;0;40,6
2206;2023.05.17 11:00;4;8,875;12,5625;13,9375;2632;202;0;40,6
2207;2023.05.17 11:15;4;8,875;12,875;14,5625;2630;202;0;40,6
2208;2023.05.17 11:30;4;8,875;13,625;15,5;2630;202;0;40,6
2209;2023.05.17 11:45;4;8,875;14,125;15,25;2628;202;0;40,6
2210;2023.05.17 12:00;4;8,9375;13,75;14,5;2627;202;0;40,5
2211;2023.05.17 12:15;4;9;14,125;15,25;2625;202;0;40,5
2212;2023.05.17 12:30;4;9;14,5625;15,75;2625;202;0;40,5
2213;2023.05.17 12:45;4;9;14,375;15,5;2623;202;0;40,5
2214;2023.05.17 13:00;4;9,0625;14,25;15,5;2622;202;0;40,4
2215;2023.05.17 13:15;4;9,125;15,125;16;2622;202;0;40,4
2216;2023.05.17 13:30;4;9,125;14,875;15,75;2621;202;0;40,4
2217;2023.05.17 13:45;4;9,125;15;15,8125;2620;202;0;40,4
2218;2023.05.17 14:00;4;9,1875;14,9375;15,625;2620;202;0;40,4
2219;2023.05.17 14:15;4;9,25;14,6875;15,375;2619;202;0;40,4
2220;2023.05.17 14:30;4;9,25;14,5625;15,25;2618;202;0;40,4
2221;2023.05.17 14:45;4;9,25;14,375;15,25;2617;202;0;40,4
2222;2023.05.17 15:00;4;9,3125;14;14,625;2616;202;0;40,3
2223;2023.05.17 15:15;4;9,375;13,4375;14,125;2615;202;0;40,3
2224;2023.05.17 15:30;4;9,375;13,1875;13,875;2614;202;0;40,3
2225;2023.05.17 15:45;4;9,375;12,8125;13,375;2613;202;0;40,3
2226;2023.05.17 16:00;4;9,375;12,625;13,1875;2613;202;0;40,3
2227;2023.05.17 16:15;4;9,375;12,3125;12,8125;2612;202;0;40,3
2228;2023.05.17 16:30;4;9,4375;12,0625;12,625;2611;202;0;40,3
2229;2023.05.17 16:45;4;9,4375;11,875;12,375;2611;202;0;40,3
2230;2023.05.17 17:00;4;9,4375;11,625;12,125;2610;202;0;40,2
2231;2023.05.17 17:15;4;9,4375;11,5;12;2609;202;0;40,2
2232;2023.05.17 17:30;4;9,4375;11,4375;12,0625;2609;202;0;40,2
2233;2023.05.17 17:45;4;9,4375;11,375;12;2608;202;0;40,2
2234;2023.05.17 18:00;4;9,4375;11,25;11,8125;2608;202;0;40,2
2235;2023.05.17 18:15;4;9,4375;11;11,625;2607;202;0;40,2
2236;2023.05.17 18:30;4;9,4375;11;11,5;2607;202;0;40,2
2237;2023.05.17 18:45;4;9,4375;10,875;11,3125;2609;202;0;40,2
2238;2023.05.17 19:00;4;9,4375;10,6875;11,125;2609;202;0;40,2
2239;2023.05.17 19:15;4;9,4375;10,5625;10,9375;2610;202;0;40,2
2240;2023.05.17 19:30;4;9,4375;10,375;10,625;2609;202;0;40,2
2241;2023.05.17 19:45;4;9,375;10,125;10,25;2615;202;0;40,3
2242;2023.05.17 20:00;4;9,375;10;10,125;2607;202;0;40,2
2243;2023.05.17 20:15;4;9,375;9,875;9,875;2603;202;0;40,1
2244;2023.05.17 20:30;4;9,375;9,625;9,625;2602;202;0;40,1
2245;2023.05.17 20:45;4;9,375;9,5;9,4375;2602;202;0;40,1
2246;2023.05.17 21:00;4;9,375;9,5;9,4375;2602;202;0;40,1
2247;2023.05.17 21:15;4;9,375;9,375;9,25;2602;202;0;40,1
2248;2023.05.17 21:30;4;9,375;9,25;9,0625;2601;202;0;40,1
2249;2023.05.17 21:45;4;9,375;9,125;8,875;2601;202;0;40,1
2250;2023.05.17 22:00;4;9,375;9;8,6875;2601;202;0;40,1
2251;2023.05.17 22:15;4;9,3125;8,875;8,6875;2601;202;0;40,1
2252;2023.05.17 22:30;4;9,3125;8,875;8,625;2601;202;0;40,1
2253;2023.05.17 22:45;4;9,3125;8,875;8,625;2600;202;0;40,1
2254;2023.05.17 23:00;4;9,25;8,75;8,4375;2600;202;0;40,1
2255;2023.05.17 23:15;4;9,25;8,625;8,25;2600;202;0;40,1
2256;2023.05.17 23:30;4;9,25;8,625;8,3125;2600;202;0;40,1
2257;2023.05.17 23:45;4;9,25;8,5;8,125;2600;202;0;40,1
2258;2023.05.18 00:00;4;9,25;8,5625;8,3125;2600;202;0;40,1
2259;2023.05.18 00:15;4;9,25;8,625;8,375;2600;202;0;40,1
2260;2023.05.18 00:30;4;9,25;8,5;8,25;2600;202;0;40,1
2261;2023.05.18 00:45;4;9,25;8,5625;8,375;2599;202;0;40,0
2262;2023.05.18 01:00;4;9,1875;8,625;8,375;2600;202;0;40,1
2263;2023.05.18 01:15;4;9,1875;8,5625;8,4375;2605;202;0;40,1
2264;2023.05.18 01:30;4;9,1875;8,5625;8,375;2605;202;0;40,1
2265;2023.05.18 01:45;4;9,125;8,5;8,25;2606;202;0;40,2
2266;2023.05.18 02:00;4;9,125;8,375;8,125;2607;202;0;40,2
2267;2023.05.18 02:15;4;9,125;8,375;8,125;2608;202;0;40,2
2268;2023.05.18 02:30;4;9,125;8,375;8,125;2610;202;0;40,2
2269;2023.05.18 02:45;4;9,125;8,375;8,1875;2610;202;0;40,2
2270;2023.05.18 03:00;4;9,125;8,4375;8,25;2609;202;0;40,2
2271;2023.05.18 03:15;4;9,125;8,5;8,375;2610;202;0;40,2
2272;2023.05.18 03:30;4;9,125;8,5;8,4375;2612;202;0;40,3
2273;2023.05.18 03:45;4;9,125;8,5625;8,5;2611;202;0;40,3
2274;2023.05.18 04:00;4;9,125;8,625;8,5;2611;202;0;40,3
2275;2023.05.18 04:15;4;9,125;8,625;8,5;2610;202;0;40,2
2276;2023.05.18 04:30;4;9,0625;8,625;8,5625;2611;202;0;40,3
2277;2023.05.18 04:45;4;9,0625;8,75;8,75;2611;202;0;40,3
2278;2023.05.18 05:00;4;9,0625;8,9375;9,125;2612;202;0;40,3
2279;2023.05.18 05:15;4;9,0625;9,125;9,3125;2613;202;0;40,3
2280;2023.05.18 05:30;4;9,0625;9,25;9,5625;2614;202;0;40,3
2281;2023.05.18 05:45;4;9,0625;9,375;9,75;2614;202;0;40,3
2282;2023.05.18 06:00;4;9,0625;9,5;9,9375;2613;202;0;40,3
2283;2023.05.18 06:15;4;9,0625;9,625;10,125;2613;202;0;40,3
2284;2023.05.18 06:30;4;9,0625;9,75;10,3125;2613;202;0;40,3
2285;2023.05.18 06:45;4;9;9,875;10,5;2613;202;0;40,3
2286;2023.05.18 07:00;4;9,0625;10,125;10,875;2614;202;0;40,3
2287;2023.05.18 07:15;4;9,0625;10,375;11,25;2616;202;0;40,3
2288;2023.05.18 07:30;4;9,0625;10,625;11,625;2614;202;0;40,3
2289;2023.05.18 07:45;4;9,0625;11,125;12,4375;2614;202;0;40,3
2290;2023.05.18 08:00;4;9,0625;11,5;12,875;2614;202;0;40,3
2291;2023.05.18 08:15;4;9,125;11,625;12,875;2613;202;0;40,3
2292;2023.05.18 08:30;4;9,125;11,875;13,125;2612;202;0;40,3
2293;2023.05.18 08:45;4;9,125;11,875;13;2612;202;0;40,3
2294;2023.05.18 09:00;4;9,125;12,25;13,625;2611;202;0;40,3
2295;2023.05.18 09:15;4;9,125;12,5;13,9375;2612;202;0;40,3
2296;2023.05.18 09:30;4;9,125;12,5625;13,875;2610;202;0;40,2
2297;2023.05.18 09:45;4;9,125;12,375;13,375;2609;202;0;40,2
2298;2023.05.18 10:00;4;9,1875;12,5625;13,6875;2608;202;0;40,2
2299;2023.05.18 10:15;4;9,1875;12,5;13,375;2607;202;0;40,2
2300;2023.05.18 10:30;4;9,25;12,4375;13,25;2607;202;0;40,2
2301;2023.05.18 10:45;4;9,25;12,5;13,375;2606;202;0;40,2
2302;2023.05.18 11:00;4;9,25;12,3125;13;2606;202;0;40,2
2303;2023.05.18 11:15;4;9,25;12,5;13,3125;2605;202;0;40,1
2304;2023.05.18 11:30;4;9,25;12,75;13,625;2605;202;0;40,1
2305;2023.05.18 11:45;4;9,25;12,8125;13,75;2604;202;0;40,1
2306;2023.05.18 12:00;4;9,3125;12,75;13,6875;2603;202;0;40,1
2307;2023.05.18 12:15;4;9,3125;12,875;13,8125;2603;202;0;40,1
2308;2023.05.18 12:30;4;9,375;13,125;14,25;2603;202;0;40,1
2309;2023.05.18 12:45;4;9,375;13,125;14,125;2602;202;0;40,1
2310;2023.05.18 13:00;4;9,375;13,625;15;2601;202;0;40,1
2311;2023.05.18 13:15;4;9,375;14,125;15,4375;2601;202;0;40,1
2312;2023.05.18 13:30;4;9,375;13,6875;14,375;2600;202;0;40,1
2313;2023.05.18 13:45;4;9,375;13,625;14,25;2600;202;0;40,1
2314;2023.05.18 14:00;4;9,4375;13,5625;14,125;2599;202;0;40,0
2315;2023.05.18 14:15;4;9,4375;13,375;13,875;2598;202;0;40,0
2316;2023.05.18 14:30;4;9,5;13,125;13,9375;2597;202;0;40,0
2317;2023.05.18 14:45;4;9,5;12,8125;13,375;2596;202;0;40,0
2318;2023.05.18 15:00;4;9,5;12,5;12,9375;2595;202;0;40,0
2319;2023.05.18 15:15;4;9,5;12,3125;12,875;2594;202;0;39,9
2320;2023.05.18 15:30;4;9,5;12,125;12,625;2593;202;0;39,9
2321;2023.05.18 15:45;4;9,5;12;12,5;2592;202;0;39,9
2322;2023.05.18 16:00;4;9,5;11,9375;12,5;2592;202;0;39,9
2323;2023.05.18 16:15;4;9,5;11,9375;12,5625;2592;202;0;39,9
2324;2023.05.18 16:30;4;9,5625;11,875;12,5;2591;202;0;39,9
2325;2023.05.18 16:45;4;9,5;11,8125;12,375;2590;202;0;39,9
2326;2023.05.18 17:00;4;9,5625;11,875;12,5;2589;202;0;39,9
2327;2023.05.18 17:15;4;9,5625;11,75;12,3125;2588;202;0;39,8
2328;2023.05.18 17:30;4;9,5625;11,5625;12,125;2588;202;0;39,8
2329;2023.05.18 17:45;4;9,5625;11,5;12;2586;202;0;39,8
2330;2023.05.18 18:00;4;9,5625;11,25;11,6875;2585;202;0;39,8
2331;2023.05.18 18:15;4;9,5625;11,1875;11,625;2586;202;0;39,8
2332;2023.05.18 18:30;4;9,5625;11;11,4375;2584;202;0;39,8
2333;2023.05.18 18:45;4;9,5625;10,875;11,25;2585;202;0;39,8
2334;2023.05.18 19:00;4;9,5625;10,75;11;2584;202;0;39,8
2335;2023.05.18 19:15;4;9,5625;10,5;10,6875;2584;202;0;39,8
2336;2023.05.18 19:30;4;9,5625;10,375;10,5;2583;202;0;39,7
2337;2023.05.18 19:45;4;9,5;10,25;10,375;2583;202;0;39,7
2338;2023.05.18 20:00;4;9,5;10,0625;10,125;2583;202;0;39,7
2339;2023.05.18 20:15;4;9,5;10;10;2582;202;0;39,7
2340;2023.05.18 20:30;4;9,5;9,75;9,75;2582;202;0;39,7
2341;2023.05.18 20:45;4;9,5;9,4375;9,125;2582;202;0;39,7
2342;2023.05.18 21:00;4;9,5;9,125;8,625;2581;202;0;39,7
2343;2023.05.18 21:15;4;9,5;8,8125;8,25;2581;202;0;39,7
2344;2023.05.18 21:30;4;9,5;8,5;7,875;2581;202;0;39,7
2345;2023.05.18 21:45;4;9,5;8,4375;7,8125;2581;202;0;39,7
2346;2023.05.18 22:00;4;9,5;8,5;8;2581;202;0;39,7
2347;2023.05.18 22:15;4;9,4375;8,625;8,25;2581;202;0;39,7
2348;2023.05.18 22:30;4;9,4375;8,6875;8,4375;2581;202;0;39,7
2349;2023.05.18 22:45;4;9,375;8,75;8,625;2582;202;0;39,7
2350;2023.05.18 23:00;4;9,375;8,875;8,875;2582;202;0;39,7
2351;2023.05.18 23:15;4;9,375;9;8,9375;2581;202;0;39,7
2352;2023.05.18 23:30;4;9,375;9,0625;9,0625;2582;202;0;39,7
2353;2023.05.18 23:45;4;9,375;9,125;9,125;2585;202;0;39,8
2354;2023.05.19 00:00;4;9,375;9,125;9,0625;2581;202;0;39,7
2355;2023.05.19 00:15;4;9,375;9,125;9;2581;202;0;39,7
2356;2023.05.19 00:30;4;9,375;9,125;9;2581;202;0;39,7
2357;2023.05.19 00:45;4;9,375;9,125;9;2580;202;0;39,7
2358;2023.05.19 01:00;4;9,3125;9,125;9;2581;202;0;39,7
2359;2023.05.19 01:15;4;9,3125;9,125;9,125;2580;202;0;39,7
2360;2023.05.19 01:30;4;9,3125;9,1875;9,1875;2579;202;0;39,7
2361;2023.05.19 01:45;4;9,3125;9,25;9,25;2580;202;0;39,7
2362;2023.05.19 02:00;4;9,3125;9,125;9,125;2579;202;0;39,7
2363;2023.05.19 02:15;4;9,25;9,125;9,125;2580;202;0;39,7
2364;2023.05.19 02:30;4;9,25;9,125;9,0625;2579;202;0;39,7
2365;2023.05.19 02:45;4;9,25;9,125;9,125;2579;202;0;39,7
2366;2023.05.19 03:00;4;9,25;9,125;9,125;2579;202;0;39,7
2367;2023.05.19 03:15;4;9,25;9,1875;9,125;2578;202;0;39,7
2368;2023.05.19 03:30;4;9,25;9,1875;9,125;2578;202;0;39,7
2369;2023.05.19 03:45;4;9,25;9,125;9,125;2579;202;0;39,7
2370;2023.05.19 04:00;4;9,25;9,0625;8,875;2578;202;0;39,7
2371;2023.05.19 04:15;4;9,25;9;8,875;2578;202;0;39,7
2372;2023.05.19 04:30;4;9,25;9;8,9375;2580;202;0;39,7
2373;2023.05.19 04:45;4;9,25;8,875;8,75;2578;202;0;39,7
2374;2023.05.19 05:00;4;9,25;8,875;8,75;2578;202;0;39,7
2375;2023.05.19 05:15;4;9,25;8,875;8,875;2578;202;0;39,7
2376;2023.05.19 05:30;4;9,25;9,125;9,125;2578;202;0;39,7
2377;2023.05.19 05:45;4;9,25;9,125;9,125;2578;202;0;39,7
2378;2023.05.19 06:00;4;9,25;9,1875;9,25;2578;202;0;39,7
2379;2023.05.19 06:15;4;9,25;9,375;9,625;2579;202;0;39,7
2380;2023.05.19 06:30;4;9,25;9,4375;9,5625;2578;202;0;39,7
2381;2023.05.19 06:45;4;9,25;9,5625;9,75;2578;202;0;39,7
2382;2023.05.19 07:00;4;9,25;9,6875;9,875;2579;202;0;39,7
2383;2023.05.19 07:15;4;9,25;9,75;10;2578;202;0;39,7
2384;2023.05.19 07:30;4;9,25;10;10,625;2577;202;0;39,6
2385;2023.05.19 07:45;4;9,25;10,25;10,75;2578;202;0;39,7
2386;2023.05.19 08:00;4;9,25;10,125;10,5;2576;202;0;39,6
2387;2023.05.19 08:15;4;9,25;10,4375;11,25;2576;202;0;39,6
2388;2023.05.19 08:30;4;9,25;10,875;12;2576;202;0;39,6
2389;2023.05.19 08:45;4;9,25;11,375;12,6875;2576;202;0;39,6
2390;2023.05.19 09:00;4;9,25;11,875;13,125;2575;202;0;39,6
2391;2023.05.19 09:15;4;9,25;12;13,25;2574;202;0;39,6
2392;2023.05.19 09:30;4;9,25;12,1875;13,4375;2572;202;0;39,5
2393;2023.05.19 09:45;4;9,25;12,625;14;2572;202;0;39,5
2394;2023.05.19 10:00;4;9,25;12,5625;13,75;2572;202;0;39,5
2395;2023.05.19 10:15;4;9,25;12,1875;13,125;2570;202;0;39,5
2396;2023.05.19 10:30;4;9,3125;12,625;14,0625;2570;202;0;39,5
2397;2023.05.19 10:45;4;9,3125;12,625;13,75;2569;202;0;39,5
2398;2023.05.19 11:00;4;9,375;12,5;13,6875;2567;202;0;39,5
2399;2023.05.19 11:15;4;9,375;13,25;15;2568;202;0;39,5
2400;2023.05.19 11:30;4;9,375;13,9375;15,875;2567;202;0;39,5
2401;2023.05.19 11:45;4;9,375;13,25;14,3125;2567;202;0;39,5
2402;2023.05.19 12:00;4;9,375;14,375;16,25;2566;202;0;39,4
2403;2023.05.19 12:15;4;9,375;14,6875;16,0625;2566;202;0;39,4
2404;2023.05.19 12:30;4;9,4375;14,875;16,25;2566;202;0;39,4
2405;2023.05.19 12:45;4;9,5;14,5625;15,875;2566;202;0;39,4
2406;2023.05.19 13:00;4;9,5;15;16,875;2564;202;0;39,4
2407;2023.05.19 13:15;4;9,5;14,8125;16,25;2564;202;0;39,4
2408;2023.05.19 13:30;4;9,5;15,25;16,5625;2563;202;0;39,4
2409;2023.05.19 13:45;4;9,5625;14,625;15,625;2561;202;0;39,4
2410;2023.05.19 14:00;4;9,5625;14,5625;15,875;2560;202;0;39,3
2411;2023.05.19 14:15;4;9,625;15,875;17,25;2561;202;0;39,4
2412;2023.05.19 14:30;4;9,625;15,875;17,1875;2560;202;0;39,3
2413;2023.05.19 14:45;4;9,625;15,375;16,375;2560;202;0;39,3
2414;2023.05.19 15:00;4;9,6875;14,75;15,8125;2559;202;0;39,3
2415;2023.05.19 15:15;4;9,75;14,5;15,75;2557;202;0;39,3
2416;2023.05.19 15:30;4;9,75;14,6875;16,0625;2557;202;0;39,3
2417;2023.05.19 15:45;4;9,75;14,625;16;2556;202;0;39,3
2418;2023.05.19 16:00;4;9,75;14,1875;15,375;2555;202;0;39,2
2419;2023.05.19 16:15;4;9,75;14,5;16,125;2555;202;0;39,2
2420;2023.05.19 16:30;4;9,75;14,0625;15,25;2554;202;0;39,2
2421;2023.05.19 16:45;4;9,8125;13,75;14,875;2553;202;0;39,2
2422;2023.05.19 17:00;4;9,8125;13,875;15,25;2553;202;0;39,2
2423;2023.05.19 17:15;4;9,8125;13,5;14,625;2552;202;0;39,2
2424;2023.05.19 17:30;4;9,8125;13,4375;14,6875;2551;202;0;39,2
2425;2023.05.19 17:45;4;9,875;13,25;14,375;2551;202;0;39,2
2426;2023.05.19 18:00;4;9,875;13,0625;14,125;2550;202;0;39,2
2427;2023.05.19 18:15;4;9,875;12,75;13,8125;2549;202;0;39,1
2428;2023.05.19 18:30;4;9,875;12,625;13,625;2548;202;0;39,1
2429;2023.05.19 18:45;4;9,875;12,5;13,4375;2548;202;0;39,1
2430;2023.05.19 19:00;4;9,875;12,25;13,125;2548;202;0;39,1
2431;2023.05.19 19:15;4;9,875;12,0625;12,8125;2547;202;0;39,1
2432;2023.05.19 19:30;4;9,875;11,6875;12,25;2547;202;0;39,1
2433;2023.05.19 19:45;4;9,875;11,375;11,75;2546;202;0;39,1
2434;2023.05.19 20:00;4;9,875;11,125;11,375;2545;202;0;39,1
2435;2023.05.19 20:15;4;9,8125;10,875;11;2545;202;0;39,1
2436;2023.05.19 20:30;4;9,8125;10,4375;10,4375;2544;202;0;39,0
2437;2023.05.19 20:45;4;9,8125;10,125;10;2544;202;0;39,0
2438;2023.05.19 21:00;4;9,8125;9,875;9,75;2543;202;0;39,0
2439;2023.05.19 21:15;4;9,75;9,625;9,3125;2543;202;0;39,0
2440;2023.05.19 21:30;4;9,75;9,4375;9,125;2542;202;0;39,0
2441;2023.05.19 21:45;4;9,75;9,25;8,875;2542;202;0;39,0
2442;2023.05.19 22:00;4;9,75;9,125;8,75;2542;202;0;39,0
2443;2023.05.19 22:15;4;9,75;9;8,625;2542;202;0;39,0
2444;2023.05.19 22:30;4;9,75;9;8,6875;2542;202;0;39,0
2445;2023.05.19 22:45;4;9,6875;9;8,6875;2542;202;0;39,0
2446;2023.05.19 23:00;4;9,6875;9,0625;8,875;2542;202;0;39,0
2447;2023.05.19 23:15;4;9,625;9;8,75;2542;202;0;39,0
2448;2023.05.19 23:30;4;9,625;9;8,75;2541;202;0;39,0
2449;2023.05.19 23:45;4;9,625;9;8,6875;2541;202;0;39,0
2450;2023.05.20 00:00;4;9,625;8,8125;8,4375;2541;202;0;39,0
2451;2023.05.20 00:15;4;9,625;8,8125;8,5;2541;202;0;39,0
2452;2023.05.20 00:30;4;9,625;8,8125;8,5;2541;202;0;39,0
2453;2023.05.20 00:45;4;9,5625;8,75;8,4375;2541;202;0;39,0
2454;2023.05.20 01:00;4;9,5625;8,6875;8,3125;2542;202;0;39,0
2455;2023.05.20 01:15;4;9,5;8,625;8,125;2543;202;0;39,0
2456;2023.05.20 01:30;4;9,5;8,5;8,125;2543;202;0;39,0
2457;2023.05.20 01:45;4;9,5;8,5625;8,25;2541;202;0;39,0
2458;2023.05.20 02:00;4;9,5;8,5;8,125;2542;202;0;39,0
2459;2023.05.20 02:15;4;9,5;8,5;8,125;2543;202;0;39,0
2460;2023.05.20 02:30;4;9,5;8,4375;8,0625;2546;202;0;39,1
2461;2023.05.20 02:45;4;9,5;8,375;8;2545;202;0;39,1
2462;2023.05.20 03:00;4;9,5;8,375;8;2545;202;0;39,1
2463;2023.05.20 03:15;4;9,4375;8,375;8;2545;202;0;39,1
2464;2023.05.20 03:30;4;9,4375;8,3125;7,875;2545;202;0;39,1
2465;2023.05.20 03:45;4;9,375;8,25;7,875;2547;202;0;39,1
2466;2023.05.20 04:00;4;9,375;8,25;7,8125;2545;202;0;39,1
2467;2023.05.20 04:15;4;9,375;8,1875;7,75;2544;202;0;39,0
2468;2023.05.20 04:30;4;9,375;8,25;7,875;2544;202;0;39,0
2469;2023.05.20 04:45;4;9,375;8,375;8,1875;2544;202;0;39,0
2470;2023.05.20 05:00;4;9,375;8,625;8,5625;2544;202;0;39,0
2471;2023.05.20 05:15;4;9,375;8,9375;9,0625;2545;202;0;39,1
2472;2023.05.20 05:30;4;9,375;9,25;9,625;2545;202;0;39,1
2473;2023.05.20 05:45;4;9,375;9,5625;10;2545;202;0;39,1
2474;2023.05.20 06:00;4;9,375;9,75;10,25;2545;202;0;39,1
2475;2023.05.20 06:15;4;9,375;9,875;10,375;2544;202;0;39,0
2476;2023.05.20 06:30;4;9,3125;10;10,625;2544;202;0;39,0
2477;2023.05.20 06:45;4;9,3125;10,25;11;2544;202;0;39,0
2478;2023.05.20 07:00;4;9,375;10,5;11,375;2543;202;0;39,0
2479;2023.05.20 07:15;4;9,375;10,75;11,875;2543;202;0;39,0
2480;2023.05.20 07:30;4;9,375;11,125;12,625;2544;202;0;39,0
2481;2023.05.20 07:45;4;9,375;11,5;13,0625;2541;202;0;39,0
2482;2023.05.20 08:00;4;9,375;12;13,625;2540;202;0;39,0
2483;2023.05.20 08:15;4;9,375;12,4375;14,375;2539;202;0;39,0
2484;2023.05.20 08:30;4;9,375;12,8125;14,75;2538;202;0;38,9
2485;2023.05.20 08:45;4;9,375;13,125;15,125;2537;202;0;38,9
2486;2023.05.20 09:00;4;9,375;12,875;14,375;2535;202;0;38,9
2487;2023.05.20 09:15;4;9,375;12,625;13,875;2534;202;0;38,9
2488;2023.05.20 09:30;4;9,4375;13,25;15,25;2533;202;0;38,8
2489;2023.05.20 09:45;4;9,4375;13,75;15,875;2532;202;0;38,8
2490;2023.05.20 10:00;4;9,5;14,1875;16,375;2532;202;0;38,8
2491;2023.05.20 10:15;4;9,5;14,5;16,75;2531;202;0;38,8
2492;2023.05.20 10:30;4;9,5;15,25;17,5;2531;202;0;38,8
2493;2023.05.20 10:45;4;9,5;15,5625;18;2530;202;0;38,8
2494;2023.05.20 11:00;4;9,5625;15,875;18,3125;2529;202;0;38,8
2495;2023.05.20 11:15;4;9,625;16,125;18,375;2529;202;0;38,8
2496;2023.05.20 11:30;4;9,625;16,4375;17,875;2528;202;0;38,8
2497;2023.05.20 11:45;4;9,625;14,625;14,9375;2526;202;0;38,7
2498;2023.05.20 12:00;4;9,625;13,875;14,5625;2525;202;0;38,7
2499;2023.05.20 12:15;4;9,6875;15;16,5;2525;202;0;38,7
2500;2023.05.20 12:30;4;9,75;16,125;17,6875;2526;202;0;38,7
2501;2023.05.20 12:45;4;9,75;16,5;18,1875;2526;202;0;38,7
2502;2023.05.20 13:00;4;9,75;16,75;18,4375;2525;202;0;38,7
2503;2023.05.20 13:15;4;9,75;16;17;2524;202;0;38,7
2504;2023.05.20 13:30;4;9,8125;14,9375;15,75;2522;202;0;38,6
2505;2023.05.20 13:45;4;9,875;15,5;17;2522;202;0;38,6
2506;2023.05.20 14:00;4;9,875;16,25;17,375;2522;202;0;38,6
2507;2023.05.20 14:15;4;9,875;16;17;2521;202;0;38,6
2508;2023.05.20 14:30;4;9,875;15,875;17;2521;202;0;38,6
2509;2023.05.20 14:45;4;9,9375;16,625;18;2521;202;0;38,6
2510;2023.05.20 15:00;4;10;16,875;18,25;2521;202;0;38,6
2511;2023.05.20 15:15;4;10;16,5;17,875;2520;202;0;38,6
2512;2023.05.20 15:30;4;10;15,8125;17;2519;202;0;38,6
2513;2023.05.20 15:45;4;10;15,75;17,3125;2518;202;0;38,6
2514;2023.05.20 16:00;4;10,0625;16;17,625;2518;202;0;38,6
2515;2023.05.20 16:15;4;10,125;16,125;17,75;2517;202;0;38,6
2516;2023.05.20 16:30;4;10,125;16;17,625;2517;202;0;38,6
2517;2023.05.20 16:45;4;10,125;15,875;17,375;2516;202;0;38,5
2518;2023.05.20 17:00;4;10,125;15,5;16,875;2515;202;0;38,5
2519;2023.05.20 17:15;4;10,125;14,875;15,875;2514;202;0;38,5
2520;2023.05.20 17:30;4;10,125;14,375;15,25;2513;202;0;38,5
2521;2023.05.20 17:45;4;10,125;13,9375;14,875;2512;202;0;38,5
2522;2023.05.20 18:00;4;10,1875;13,625;14,5;2511;202;0;38,4
2523;2023.05.20 18:15;4;10,1875;13,3125;14,1875;2510;202;0;38,4
2524;2023.05.20 18:30;4;10,1875;13,125;14;2510;202;0;38,4
2525;2023.05.20 18:45;4;10,1875;13;13,875;2509;202;0;38,4
2526;2023.05.20 19:00;4;10,1875;12,8125;13,6875;2509;202;0;38,4
2527;2023.05.20 19:15;4;10,1875;12,5625;13,25;2508;202;0;38,4
2528;2023.05.20 19:30;4;10,125;12,375;12,9375;2508;202;0;38,4
2529;2023.05.20 19:45;4;10,125;12,125;12,75;2508;202;0;38,4
2530;2023.05.20 20:00;4;10,125;11,8125;12,125;2507;202;0;38,4
2531;2023.05.20 20:15;4;10,125;11,5625;11,875;2506;202;0;38,4
2532;2023.05.20 20:30;4;10,125;11,375;11,625;2506;202;0;38,4
2533;2023.05.20 20:45;4;10,125;11,1875;11,375;2505;202;0;38,3
2534;2023.05.20 21:00;4;10,125;11;11,0625;2505;202;0;38,3
2535;2023.05.20 21:15;4;10,125;10,8125;10,875;2504;202;0;38,3
2536;2023.05.20 21:30;4;10,125;10,75;10,8125;2504;202;0;38,3
2537;2023.05.20 21:45;4;10,125;10,625;10,8125;2504;202;0;38,3
2538;2023.05.20 22:00;4;10,0625;10,75;11;2504;202;0;38,3
2539;2023.05.20 22:15;4;10,0625;10,75;11;2503;202;0;38,3
2540;2023.05.20 22:30;4;10,0625;10,75;11,125;2503;202;0;38,3
2541;2023.05.20 22:45;4;10;10,75;11,125;2503;202;0;38,3
2542;2023.05.20 23:00;4;10;10,75;11;2503;202;0;38,3
2543;2023.05.20 23:15;4;10;10,625;10,875;2502;202;0;38,3
2544;2023.05.20 23:30;4;10;10,5;10,75;2502;202;0;38,3
2545;2023.05.20 23:45;4;10;10,375;10,5;2501;202;0;38,3
2546;2023.05.21 00:00;4;10;10,25;10,25;2501;202;0;38,3
2547;2023.05.21 00:15;4;10;10,125;10,1875;2501;202;0;38,3
2548;2023.05.21 00:30;4;10;10,0625;10,0625;2500;202;0;38,2
2549;2023.05.21 00:45;4;9,9375;10;10;2500;202;0;38,2
2550;2023.05.21 01:00;4;9,9375;9,875;9,875;2500;202;0;38,2
2551;2023.05.21 01:15;4;9,9375;9,75;9,75;2500;202;0;38,2
2552;2023.05.21 01:30;4;9,9375;9,75;9,625;2500;202;0;38,2
2553;2023.05.21 01:45;4;9,875;9,625;9,5;2499;202;0;38,2
2554;2023.05.21 02:00;4;9,875;9,625;9,375;2499;202;0;38,2
2555;2023.05.21 02:15;4;9,875;9,5;9,375;2499;202;0;38,2
2556;2023.05.21 02:30;4;9,875;9,5;9,375;2499;202;0;38,2
2557;2023.05.21 02:45;4;9,875;9,5;9,375;2499;202;0;38,2
2558;2023.05.21 03:00;4;9,875;9,4375;9,375;2499;202;0;38,2
2559;2023.05.21 03:15;4;9,875;9,375;9,25;2498;202;0;38,2
2560;2023.05.21 03:30;4;9,8125;9,3125;9,125;2511;202;0;38,4
2561;2023.05.21 03:45;4;9,8125;9,125;8,875;2512;202;0;38,5
2562;2023.05.21 04:00;4;9,8125;9,125;8,75;2504;202;0;38,3
2563;2023.05.21 04:15;4;9,75;9;8,625;2504;202;0;38,3
2564;2023.05.21 04:30;4;9,75;8,875;8,5;2505;202;0;38,3
2565;2023.05.21 04:45;4;9,75;8,875;8,5;2505;202;0;38,3
2566;2023.05.21 05:00;4;9,75;9,125;9;2507;202;0;38,4
2567;2023.05.21 05:15;4;9,75;9,375;9,375;2508;202;0;38,4
2568;2023.05.21 05:30;4;9,75;9,625;9,75;2509;202;0;38,4
2569;2023.05.21 05:45;4;9,75;9,875;10,1875;2509;202;0;38,4
2570;2023.05.21 06:00;4;9,75;10,0625;10,5;2509;202;0;38,4
2571;2023.05.21 06:15;4;9,6875;10,25;10,75;2509;202;0;38,4
2572;2023.05.21 06:30;4;9,6875;10,5;11;2509;202;0;38,4
2573;2023.05.21 06:45;4;9,6875;10,625;11,25;2510;202;0;38,4
2574;2023.05.21 07:00;4;9,6875;10,875;11,625;2511;202;0;38,4
2575;2023.05.21 07:15;4;9,6875;11,0625;11,875;2509;202;0;38,4
2576;2023.05.21 07:30;4;9,6875;11,25;12,1875;2508;202;0;38,4
2577;2023.05.21 07:45;4;9,6875;11,5625;12,625;2508;202;0;38,4
2578;2023.05.21 08:00;4;9,6875;11,75;12,875;2508;202;0;38,4
2579;2023.05.21 08:15;4;9,6875;11,875;13,0625;2507;202;0;38,4
2580;2023.05.21 08:30;4;9,75;12,1875;13,5;2506;202;0;38,4
2581;2023.05.21 08:45;4;9,75;12,6875;14,1875;2505;202;0;38,3
2582;2023.05.21 09:00;4;9,75;13;14,625;2503;202;0;38,3
2583;2023.05.21 09:15;4;9,75;13,375;15;2503;202;0;38,3
2584;2023.05.21 09:30;4;9,75;13,4375;15;2504;202;0;38,3
2585;2023.05.21 09:45;4;9,75;13,625;15,125;2503;202;0;38,3
2586;2023.05.21 10:00;4;9,75;13,875;15,4375;2502;202;0;38,3
2587;2023.05.21 10:15;4;9,8125;14,125;15,625;2502;202;0;38,3
2588;2023.05.21 10:30;4;9,8125;14,25;15,875;2503;202;0;38,3
2589;2023.05.21 10:45;4;9,875;14,3125;15,75;2504;202;0;38,3
2590;2023.05.21 11:00;4;9,875;14,625;16,1875;2504;202;0;38,3
2591;2023.05.21 11:15;4;9,875;14,875;16,625;2502;202;0;38,3
2592;2023.05.21 11:30;4;9,875;15,375;17;2498;202;0;38,2
2593;2023.05.21 11:45;4;9,875;16,375;18,125;2499;202;0;38,2
2594;2023.05.21 12:00;4;9,9375;16;17,375;2496;202;0;38,2
2595;2023.05.21 12:15;4;10;15,25;16,5;2496;202;0;38,2
2596;2023.05.21 12:30;4;10;14,875;16,25;2500;202;0;38,2
2597;2023.05.21 12:45;4;10;14,875;16,375;2500;202;0;38,2
2598;2023.05.21 13:00;4;10;14,9375;16,625;2506;202;0;38,4
2599;2023.05.21 13:15;4;10;14,75;16,25;2542;202;0;39,0
2600;2023.05.21 13:30;4;10,0625;14,625;16,0625;2546;202;0;39,1
2601;2023.05.21 13:45;4;10,125;14,75;16,375;2547;202;0;39,1
2602;2023.05.21 14:00;4;10,125;15;16,75;2547;202;0;39,1
2603;2023.05.21 14:15;4;10,125;15,25;16,875;2547;202;0;39,1
2604;2023.05.21 14:30;4;10,125;15;16,25;2546;202;0;39,1
2605;2023.05.21 14:45;4;10,125;14,5625;15,75;2547;202;0;39,1
2606;2023.05.21 15:00;4;10,125;14,625;16;2549;202;0;39,1
2607;2023.05.21 15:15;4;10,125;14,875;16,375;2552;202;0;39,2
2608;2023.05.21 15:30;4;10,125;14,75;16,125;2552;202;0;39,2
2609;2023.05.21 15:45;4;10,1875;14,625;16;2544;202;0;39,0
2610;2023.05.21 16:00;4;10,1875;14,625;16;2544;202;0;39,0
2611;2023.05.21 16:15;4;10,1875;14,75;16,25;2544;202;0;39,0
2612;2023.05.21 16:30;4;10,25;14,75;16,1875;2544;202;0;39,0
2613;2023.05.21 16:45;4;10,25;14,4375;15,6875;2543;202;0;39,0
2614;2023.05.21 17:00;4;10,25;14,1875;15,5;2545;202;0;39,1
2615;2023.05.21 17:15;4;10,25;14,125;15,4375;2545;202;0;39,1
2616;2023.05.21 17:30;4;10,25;14;15,5;2545;202;0;39,1
2617;2023.05.21 17:45;4;10,25;14;15,5;2555;202;0;39,2
2618;2023.05.21 18:00;4;10,25;14;15,5;2510;202;0;38,4
2619;2023.05.21 18:15;4;10,25;14;15,375;2483;202;0;37,9
2620;2023.05.21 18:30;4;10,25;13,875;15,25;2482;202;0;37,9
2621;2023.05.21 18:45;4;10,25;13,75;15,125;2491;202;0;38,1
2622;2023.05.21 19:00;4;10,25;13,5625;14,8125;2486;202;0;38,0
2623;2023.05.21 19:15;4;10,25;13,3125;14,375;2467;202;0;37,6
2624;2023.05.21 19:30;4;10,25;13;14;2467;202;0;37,6
2625;2023.05.21 19:45;4;10,25;12,75;13,5;2466;202;0;37,6
2626;2023.05.21 20:00;4;10,25;12,5625;13,25;2465;202;0;37,6
2627;2023.05.21 20:15;4;10,25;12,3125;12,9375;2464;202;0;37,6
2628;2023.05.21 20:30;4;10,25;12,125;12,625;2463;202;0;37,6
2629;2023.05.21 20:45;4;10,25;12,0625;12,125;2463;202;0;37,6
2630;2023.05.21 21:00;4;10,25;12;12;2462;202;0;37,5
2631;2023.05.21 21:15;4;10,25;11,8125;11,875;2462;202;0;37,5
2632;2023.05.21 21:30;4;10,25;11,5625;11,75;2461;202;0;37,5
2633;2023.05.21 21:45;4;10,25;11,125;11,3125;2460;202;0;37,5
2634;2023.05.21 22:00;4;10,25;10,875;11;2460;202;0;37,5
2635;2023.05.21 22:15;4;10,25;10,75;10,75;2459;202;0;37,5
2636;2023.05.21 22:30;4;10,25;10,5;10,375;2459;202;0;37,5
2637;2023.05.21 22:45;4;10,25;10,125;9,9375;2458;202;0;37,5
2638;2023.05.21 23:00;4;10,1875;9,9375;9,625;2458;202;0;37,5
2639;2023.05.21 23:15;4;10,1875;9,75;9,5;2458;202;0;37,5
2640;2023.05.21 23:30;4;10,125;9,625;9,3125;2458;202;0;37,5
2641;2023.05.21 23:45;4;10,125;9,5;9,125;2458;202;0;37,5
2642;2023.05.22 00:00;4;10,125;9,375;9;2458;202;0;37,5
2643;2023.05.22 00:15;4;10,125;9,25;8,8125;2458;202;0;37,5
2644;2023.05.22 00:30;4;10,125;9,125;8,625;2458;202;0;37,5
2645;2023.05.22 00:45;4;10,125;9,125;8,75;2458;202;0;37,5
2646;2023.05.22 01:00;4;10,0625;9,25;9;2458;202;0;37,5
2647;2023.05.22 01:15;4;10,0625;9,375;9,25;2458;202;0;37,5
2648;2023.05.22 01:30;4;10;9,4375;9,25;2458;202;0;37,5
2649;2023.05.22 01:45;4;10;9,375;9,125;2458;202;0;37,5
2650;2023.05.22 02:00;4;10;9,25;8,875;2458;202;0;37,5
2651;2023.05.22 02:15;4;10;9,1875;8,875;2457;202;0;37,5
2652;2023.05.22 02:30;4;10;9,1875;9;2458;202;0;37,5
2653;2023.05.22 02:45;4;10;9,0625;8,75;2457;202;0;37,5
2654;2023.05.22 03:00;4;9,9375;8,8125;8,3125;2457;202;0;37,5
2655;2023.05.22 03:15;4;9,9375;8,5;7,875;2456;202;0;37,4
2656;2023.05.22 03:30;4;9,875;8,4375;7,75;2456;202;0;37,4
2657;2023.05.22 03:45;4;9,875;8,5;8;2457;202;0;37,5
2658;2023.05.22 04:00;4;9,875;8,625;8,25;2458;202;0;37,5
2659;2023.05.22 04:15;4;9,875;8,625;8,125;2457;202;0;37,5
2660;2023.05.22 04:30;4;9,875;8,4375;7,875;2459;202;0;37,5
2661;2023.05.22 04:45;4;9,875;8,5;8,125;2460;202;0;37,5
2662;2023.05.22 05:00;4;9,8125;8,875;8,6875;2457;202;0;37,5
2663;2023.05.22 05:15;4;9,8125;9,25;9,375;2458;202;0;37,5
2664;2023.05.22 05:30;4;9,8125;9,75;10,125;2458;202;0;37,5
2665;2023.05.22 05:45;4;9,75;10,0625;10,625;2459;202;0;37,5
2666;2023.05.22 06:00;4;9,75;10,25;10,875;2458;202;0;37,5
2667;2023.05.22 06:15;4;9,75;10,375;11;2458;202;0;37,5
2668;2023.05.22 06:30;4;9,75;10,375;10,875;2457;202;0;37,5
2669;2023.05.22 06:45;4;9,75;10,375;10,875;2458;202;0;37,5
2670;2023.05.22 07:00;4;9,75;10,625;11,25;2458;202;0;37,5
2671;2023.05.22 07:15;4;9,75;10,9375;11,75;2458;202;0;37,5
2672;2023.05.22 07:30;4;9,75;11,125;11,75;2456;202;0;37,4
2673;2023.05.22 07:45;4;9,75;11,375;12,0625;2456;202;0;37,4
2674;2023.05.22 08:00;4;9,75;11,625;12,5;2455;202;0;37,4
2675;2023.05.22 08:15;4;9,75;11,875;12,875;2454;202;0;37,4
2676;2023.05.22 08:30;4;9,75;12,375;13,625;2454;202;0;37,4
2677;2023.05.22 08:45;4;9,75;12,6875;13,9375;2453;202;0;37,4
2678;2023.05.22 09:00;4;9,8125;12,9375;14,25;2452;202;0;37,4
2679;2023.05.22 09:15;4;9,8125;13,25;14,6875;2451;202;0;37,3
2680;2023.05.22 09:30;4;9,875;13,5625;15,0625;2449;202;0;37,3
2681;2023.05.22 09:45;4;9,875;13,75;15,375;2447;202;0;37,3
2682;2023.05.22 10:00;4;9,875;13,875;15,25;2446;202;0;37,3
2683;2023.05.22 10:15;4;9,875;14;15,5625;2447;202;0;37,3
2684;2023.05.22 10:30;4;9,875;14,125;15,5;2446;202;0;37,3
2685;2023.05.22 10:45;4;9,9375;13,875;14,9375;2443;202;0;37,2
2686;2023.05.22 11:00;4;9,9375;14;15,25;2442;202;0;37,2
2687;2023.05.22 11:15;4;10;14,5;16,125;2442;202;0;37,2
2688;2023.05.22 11:30;4;10;15,375;17,6875;2442;202;0;37,2
2689;2023.05.22 11:45;4;10;15,75;17,25;2442;202;0;37,2
2690;2023.05.22 12:00;4;10;16;17,625;2441;202;0;37,2
2691;2023.05.22 12:15;4;10,0625;15,25;16,125;2439;202;0;37,1
2692;2023.05.22 12:30;4;10,0625;16,125;17,5;2439;202;0;37,1
2693;2023.05.22 12:45;4;10,125;16,125;17,4375;2439;202;0;37,1
2694;2023.05.22 13:00;4;10,125;16,625;18,25;2439;202;0;37,1
2695;2023.05.22 13:15;4;10,125;17,25;18,75;2439;202;0;37,1
2696;2023.05.22 13:30;4;10,125;17,5;18,375;2439;202;0;37,1
2697;2023.05.22 13:45;4;10,1875;18,25;19,125;2439;202;0;37,1
2698;2023.05.22 14:00;4;10,25;18,375;19,125;2438;202;0;37,1
2699;2023.05.22 14:15;4;10,25;18;18,5625;2438;202;0;37,1
2700;2023.05.22 14:30;4;10,3125;16,3125;16,8125;2436;202;0;37,1
2701;2023.05.22 14:45;4;10,375;15,875;16,875;2435;202;0;37,0
2702;2023.05.22 15:00;4;10,375;16,5;18,0625;2435;202;0;37,0
2703;2023.05.22 15:15;4;10,375;16,625;18,1875;2434;202;0;37,0
2704;2023.05.22 15:30;4;10,4375;16,875;18,3125;2434;202;0;37,0
2705;2023.05.22 15:45;4;10,4375;16,625;17,9375;2433;202;0;37,0
2706;2023.05.22 16:00;4;10,5;16,375;17,875;2433;202;0;37,0
2707;2023.05.22 16:15;4;10,5;16,125;17,5;2432;202;0;37,0
2708;2023.05.22 16:30;4;10,5;16;17,375;2431;202;0;37,0
2709;2023.05.22 16:45;4;10,5;15,75;16,875;2431;202;0;37,0
2710;2023.05.22 17:00;4;10,5;15,4375;16,625;2429;202;0;36,9
2711;2023.05.22 17:15;4;10,5;15,125;16,3125;2429;202;0;36,9
2712;2023.05.22 17:30;4;10,5;14,875;15,875;2428;202;0;36,9
2713;2023.05.22 17:45;4;10,5625;14,4375;15,375;2427;202;0;36,9
2714;2023.05.22 18:00;4;10,5625;14,125;15,125;2426;202;0;36,9
2715;2023.05.22 18:15;4;10,5;13,9375;14,8125;2425;202;0;36,9
2716;2023.05.22 18:30;4;10,5;13,5625;14,375;2424;202;0;36,8
2717;2023.05.22 18:45;4;10,5;13,1875;13,875;2423;202;0;36,8
2718;2023.05.22 19:00;4;10,5;12,8125;13,375;2422;202;0;36,8
2719;2023.05.22 19:15;4;10,5;12,625;13,375;2422;202;0;36,8
2720;2023.05.22 19:30;4;10,5;12,625;13,5;2421;202;0;36,8
2721;2023.05.22 19:45;4;10,5;12,5625;13,375;2421;202;0;36,8
2722;2023.05.22 20:00;4;10,5;12,25;12,875;2420;202;0;36,8
2723;2023.05.22 20:15;4;10,5;12;12,375;2420;202;0;36,8
2724;2023.05.22 20:30;4;10,5;11,625;11,8125;2419;202;0;36,8
2725;2023.05.22 20:45;4;10,5;11,375;11,625;2419;202;0;36,8
2726;2023.05.22 21:00;4;10,4375;11;10,9375;2418;202;0;36,7
2727;2023.05.22 21:15;4;10,4375;10,625;10,4375;2418;202;0;36,7
2728;2023.05.22 21:30;4;10,375;10,4375;10,3125;2417;202;0;36,7
2729;2023.05.22 21:45;4;10,375;10,125;9,875;2417;202;0;36,7
2730;2023.05.22 22:00;4;10,375;9,875;9,5;2417;202;0;36,7
2731;2023.05.22 22:15;4;10,375;9,6875;9,25;2417;202;0;36,7
2732;2023.05.22 22:30;4;10,375;9,375;8,875;2416;202;0;36,7
2733;2023.05.22 22:45;4;10,3125;9,25;8,75;2417;202;0;36,7
2734;2023.05.22 23:00;4;10,3125;9,125;8,5;2417;202;0;36,7
2735;2023.05.22 23:15;4;10,25;8,875;8,25;2417;202;0;36,7
2736;2023.05.22 23:30;4;10,25;8,875;8,25;2417;202;0;36,7
2737;2023.05.22 23:45;4;10,25;8,625;7,875;2417;202;0;36,7
2738;2023.05.23 00:00;4;10,25;8,375;7,625;2417;202;0;36,7
2739;2023.05.23 00:15;4;10,1875;8,25;7,5;2418;202;0;36,7
2740;2023.05.23 00:30;4;10,125;8,125;7,1875;2418;202;0;36,7
2741;2023.05.23 00:45;4;10,125;8;7,125;2418;202;0;36,7
2742;2023.05.23 01:00;4;10,125;8,0625;7,3125;2419;202;0;36,8
2743;2023.05.23 01:15;4;10,125;8;7,125;2419;202;0;36,8
2744;2023.05.23 01:30;4;10,0625;7,875;7;2420;202;0;36,8
2745;2023.05.23 01:45;4;10,0625;7,9375;7,1875;2420;202;0;36,8
2746;2023.05.23 02:00;4;10;8;7,25;2420;202;0;36,8
2747;2023.05.23 02:15;4;10;8,125;7,5;2421;202;0;36,8
2748;2023.05.23 02:30;4;10;8,1875;7,625;2422;202;0;36,8
2749;2023.05.23 02:45;4;10;8,375;7,875;2422;202;0;36,8
2750;2023.05.23 03:00;4;9,9375;8,5;8,1875;2423;202;0;36,8
2751;2023.05.23 03:15;4;9,9375;8,625;8,3125;2423;202;0;36,8
2752;2023.05.23 03:30;4;9,875;8,6875;8,375;2423;202;0;36,8
2753;2023.05.23 03:45;4;9,875;8,75;8,375;2423;202;0;36,8
2754;2023.05.23 04:00;4;9,875;8,8125;8,5;2423;202;0;36,8
2755;2023.05.23 04:15;4;9,875;8,9375;8,6875;2423;202;0;36,8
2756;2023.05.23 04:30;4;9,875;9;8,875;2424;202;0;36,8
2757;2023.05.23 04:45;4;9,875;9,125;9;2424;202;0;36,8
2758;2023.05.23 05:00;4;9,875;9,3125;9,25;2424;202;0;36,8
2759;2023.05.23 05:15;4;9,875;9,375;9,4375;2423;202;0;36,8
2760;2023.05.23 05:30;4;9,875;9,5625;9,625;2423;202;0;36,8
2761;2023.05.23 05:45;4;9,8125;9,75;9,875;2423;202;0;36,8
2762;2023.05.23 06:00;4;9,8125;9,875;10,0625;2423;202;0;36,8
2763;2023.05.23 06:15;4;9,8125;10;10,25;2423;202;0;36,8
2764;2023.05.23 06:30;4;9,8125;10,125;10,3125;2423;202;0;36,8
2765;2023.05.23 06:45;4;9,8125;10,125;10,375;2423;202;0;36,8
2766;2023.05.23 07:00;4;9,8125;10,375;10,6875;2423;202;0;36,8
2767;2023.05.23 07:15;4;9,8125;10,625;11,125;2423;202;0;36,8
2768;2023.05.23 07:30;4;9,8125;10,75;11,125;2424;202;0;36,8
2769;2023.05.23 07:45;4;9,8125;10,625;10,875;2423;202;0;36,8
2770;2023.05.23 08:00;4;9,8125;10,75;11,125;2422;202;0;36,8
2771;2023.05.23 08:15;4;9,8125;10,875;11,25;2422;202;0;36,8
2772;2023.05.23 08:30;4;9,8125;10,875;11,25;2421;202;0;36,8
2773;2023.05.23 08:45;4;9,8125;11;11,4375;2421;202;0;36,8
2774;2023.05.23 09:00;4;9,8125;11,3125;11,875;2420;202;0;36,8
2775;2023.05.23 09:15;4;9,875;11,5;12,25;2419;202;0;36,8
2776;2023.05.23 09:30;4;9,875;11,75;12,5;2419;202;0;36,8
2777;2023.05.23 09:45;4;9,875;12,375;13,5;2418;202;0;36,7
2778;2023.05.23 10:00;4;9,875;12,4375;13,375;2417;202;0;36,7
2779;2023.05.23 10:15;4;9,875;12,625;13,6875;2416;202;0;36,7
2780;2023.05.23 10:30;4;9,875;12,75;13,75;2414;202;0;36,7
2781;2023.05.23 10:45;4;9,875;13,25;14,625;2413;202;0;36,6
2782;2023.05.23 11:00;4;9,875;13,625;15,125;2412;202;0;36,6
2783;2023.05.23 11:15;4;9,875;14,125;16;2410;202;0;36,6
2784;2023.05.23 11:30;4;9,875;14,75;16,5;2409;202;0;36,6
2785;2023.05.23 11:45;4;9,9375;15,8125;17,0625;2408;202;0;36,6
2786;2023.05.23 12:00;4;9,9375;15,375;16,375;2406;202;0;36,5
2787;2023.05.23 12:15;4;10;15,125;16;2404;202;0;36,5
2788;2023.05.23 12:30;4;10;15,625;16,625;2404;202;0;36,5
2789;2023.05.23 12:45;4;10;15;15,75;2402;202;0;36,4
2790;2023.05.23 13:00;4;10,0625;14,875;15,8125;2401;202;0;36,4
2791;2023.05.23 13:15;4;10,0625;15;15,625;2400;202;0;36,4
2792;2023.05.23 13:30;4;10,125;15,25;15,875;2400;202;0;36,4
2793;2023.05.23 13:45;4;10,125;15,375;15,75;2400;202;0;36,4
2794;2023.05.23 14:00;4;10,125;15,625;15,875;2399;202;0;36,4
2795;2023.05.23 14:15;4;10,125;15,375;15,375;2399;202;0;36,4
2796;2023.05.23 14:30;4;10,1875;15,25;15,625;2397;202;0;36,3
2797;2023.05.23 14:45;4;10,1875;14,5;14,625;2396;202;0;36,3
2798;2023.05.23 15:00;4;10,25;14;14,25;2395;202;0;36,3
2799;2023.05.23 15:15;4;10,25;13,4375;13,75;2393;202;0;36,3
2800;2023.05.23 15:30;4;10,25;13,75;14,3125;2393;202;0;36,3
2801;2023.05.23 15:45;4;10,25;13,625;14,125;2392;202;0;36,3
2802;2023.05.23 16:00;4;10,25;13,4375;14;2392;202;0;36,3
2803;2023.05.23 16:15;4;10,25;13,5;14,25;2391;202;0;36,2
2804;2023.05.23 16:30;4;10,25;13;13,375;2391;202;0;36,2
2805;2023.05.23 16:45;4;10,25;12,75;13,25;2390;202;0;36,2
2806;2023.05.23 17:00;4;10,25;12,625;13,125;2388;202;0;36,2
2807;2023.05.23 17:15;4;10,25;12,5;13,125;2388;202;0;36,2
2808;2023.05.23 17:30;4;10,25;12,5;13,1875;2387;202;0;36,2
2809;2023.05.23 17:45;4;10,25;12,4375;13,0625;2386;202;0;36,1
2810;2023.05.23 18:00;4;10,25;12,5;13,3125;2386;202;0;36,1
2811;2023.05.23 18:15;4;10,25;12,375;12,875;2385;202;0;36,1
2812;2023.05.23 18:30;4;10,25;12,375;13;2383;202;0;36,1
2813;2023.05.23 18:45;4;10,25;12,25;12,875;2382;202;0;36,1
2814;2023.05.23 19:00;4;10,25;12,125;12,625;2381;202;0;36,0
2815;2023.05.23 19:15;4;10,25;11,8125;12,25;2379;202;0;36,0
2816;2023.05.23 19:30;4;10,25;11,5;11,875;2377;202;0;36,0
2817;2023.05.23 19:45;4;10,25;11,375;11,625;2376;202;0;36,0
2818;2023.05.23 20:00;4;10,1875;11,125;11,4375;2375;202;0;35,9
2819;2023.05.23 20:15;4;10,1875;11,0625;11,25;2374;202;0;35,9
2820;2023.05.23 20:30;4;10,1875;10,9375;11,125;2378;202;0;36,0
2821;2023.05.23 20:45;4;10,1875;10,8125;11;2376;202;0;36,0
2822;2023.05.23 21:00;4;10,125;10,75;10,875;2378;202;0;36,0
2823;2023.05.23 21:15;4;10,125;10,625;10,75;2373;202;0;35,9
2824;2023.05.23 21:30;4;10,125;10,5;10,5625;2370;202;0;35,8
2825;2023.05.23 21:45;4;10,125;10,3125;10,375;2369;202;0;35,8
2826;2023.05.23 22:00;4;10,125;10,125;10,0625;2368;202;0;35,8
2827;2023.05.23 22:15;4;10,125;10;9,75;2367;202;0;35,8
2828;2023.05.23 22:30;4;10,125;9,75;9,4375;2367;202;0;35,8
2829;2023.05.23 22:45;4;10,0625;9,4375;9;2366;202;0;35,8
2830;2023.05.23 23:00;4;10,0625;9,125;8,75;2366;202;0;35,8
2831;2023.05.23 23:15;4;10,0625;9;8,6875;2366;202;0;35,8
2832;2023.05.23 23:30;4;10;9,125;9;2366;202;0;35,8
2833;2023.05.23 23:45;4;10;9,0625;8,75;2365;202;0;35,8
2834;2023.05.24 00:00;4;10;9,1875;9,25;2365;202;0;35,8
2835;2023.05.24 00:15;4;10;9,375;9,625;2365;202;0;35,8
2836;2023.05.24 00:30;4;10;9,5;9,6875;2365;202;0;35,8
2837;2023.05.24 00:45;4;10;9,4375;9,5;2365;202;0;35,8
2838;2023.05.24 01:00;4;9,9375;9,4375;9,625;2365;202;0;35,8
2839;2023.05.24 01:15;4;9,9375;9,375;9,5625;2363;202;0;35,7
2840;2023.05.24 01:30;4;9,9375;9,25;9,25;2362;202;0;35,7
2841;2023.05.24 01:45;4;9,875;9,125;9,125;2362;202;0;35,7
2842;2023.05.24 02:00;4;9,875;9,125;9,0625;2362;202;0;35,7
2843;2023.05.24 02:15;4;9,875;8,8125;8,5;2361;202;0;35,7
2844;2023.05.24 02:30;4;9,875;8,75;8,5;2361;202;0;35,7
2845;2023.05.24 02:45;4;9,875;8,875;8,875;2361;202;0;35,7
2846;2023.05.24 03:00;4;9,875;9;9,125;2361;202;0;35,7
2847;2023.05.24 03:15;4;9,8125;9;9,125;2361;202;0;35,7
2848;2023.05.24 03:30;4;9,8125;9;9;2361;202;0;35,7
2849;2023.05.24 03:45;4;9,8125;8,875;8,875;2361;202;0;35,7
2850;2023.05.24 04:00;4;9,8125;8,8125;8,875;2360;202;0;35,7
2851;2023.05.24 04:15;4;9,75;8,75;8,75;2360;202;0;35,7
2852;2023.05.24 04:30;4;9,75;8,6875;8,625;2360;202;0;35,7
2853;2023.05.24 04:45;4;9,75;8,6875;8,5625;2360;202;0;35,7
2854;2023.05.24 05:00;4;9,75;8,6875;8,625;2360;202;0;35,7
2855;2023.05.24 05:15;4;9,75;8,75;8,75;2360;202;0;35,7
2856;2023.05.24 05:30;4;9,75;8,875;9,0625;2360;202;0;35,7
2857;2023.05.24 05:45;4;9,75;9,125;9,3125;2360;202;0;35,7
2858;2023.05.24 06:00;4;9,75;9,25;9,5625;2360;202;0;35,7
2859;2023.05.24 06:15;4;9,6875;9,4375;9,75;2360;202;0;35,7
2860;2023.05.24 06:30;4;9,6875;9,5625;9,875;2359;202;0;35,6
2861;2023.05.24 06:45;4;9,6875;9,625;10;2359;202;0;35,6
2862;2023.05.24 07:00;4;9,6875;9,75;10,1875;2359;202;0;35,6
2863;2023.05.24 07:15;4;9,6875;10;10,5625;2358;202;0;35,6
2864;2023.05.24 07:30;4;9,625;10,625;11,375;2358;202;0;35,6
2865;2023.05.24 07:45;4;9,625;10,5;11;2358;202;0;35,6
2866;2023.05.24 08:00;4;9,625;10,875;11,625;2357;202;0;35,6
2867;2023.05.24 08:15;4;9,625;11,4375;12,375;2356;202;0;35,6
2868;2023.05.24 08:30;4;9,625;11,625;12,5;2355;202;0;35,6
2869;2023.05.24 08:45;4;9,625;11,875;12,5625;2354;202;0;35,5
2870;2023.05.24 09:00;4;9,6875;11,5625;12;2352;202;0;35,5
2871;2023.05.24 09:15;4;9,6875;11,75;12,375;2351;202;0;35,5
2872;2023.05.24 09:30;4;9,6875;12,1875;12,875;2350;202;0;35,5
2873;2023.05.24 09:45;4;9,6875;12,1875;12,875;2348;202;0;35,4
2874;2023.05.24 10:00;4;9,75;12,625;13,75;2347;202;0;35,4
2875;2023.05.24 10:15;4;9,75;13;13,875;2346;202;0;35,4
2876;2023.05.24 10:30;4;9,75;13,125;13,9375;2345;202;0;35,4
2877;2023.05.24 10:45;4;9,75;13,25;14,3125;2344;202;0;35,4
2878;2023.05.24 11:00;4;9,75;13,4375;14,375;2343;202;0;35,3
2879;2023.05.24 11:15;4;9,75;13,6875;14,6875;2342;202;0;35,3
2880;2023.05.24 11:30;4;9,75;14,625;15,4375;2343;202;0;35,3
2881;2023.05.24 11:45;4;9,75;15,375;16,125;2343;202;0;35,3
2882;2023.05.24 12:00;4;9,8125;15,5;16,375;2343;202;0;35,3
2883;2023.05.24 12:15;4;9,875;15,8125;17;2343;202;0;35,3
2884;2023.05.24 12:30;4;9,875;16,0625;16,8125;2343;202;0;35,3
2885;2023.05.24 12:45;4;9,875;15,5625;16,25;2342;202;0;35,3
2886;2023.05.24 13:00;4;9,875;15,875;16,9375;2341;202;0;35,3
2887;2023.05.24 13:15;4;9,9375;16,375;17,25;2342;202;0;35,3
2888;2023.05.24 13:30;4;10;16,375;17,125;2341;202;0;35,3
2889;2023.05.24 13:45;4;10;17;17,375;2341;202;0;35,3
2890;2023.05.24 14:00;4;10;17,375;17,5;2341;202;0;35,3
2891;2023.05.24 14:15;4;10,0625;17,25;17;2341;202;0;35,3
2892;2023.05.24 14:30;4;10,125;16,3125;16,5;2339;202;0;35,3
2893;2023.05.24 14:45;4;10,125;16,375;16,5;2338;202;0;35,2
2894;2023.05.24 15:00;4;10,125;15,5;15,375;2336;202;0;35,2
2895;2023.05.24 15:15;4;10,1875;14,9375;15,1875;2335;202;0;35,2
2896;2023.05.24 15:30;4;10,25;14,625;14,875;2335;202;0;35,2
2897;2023.05.24 15:45;4;10,25;14,25;14,625;2333;202;0;35,2
2898;2023.05.24 16:00;4;10,25;14;14,5625;2332;202;0;35,1
2899;2023.05.24 16:15;4;10,25;14,25;15,125;2332;202;0;35,1
2900;2023.05.24 16:30;4;10,25;14,375;15,25;2332;202;0;35,1
2901;2023.05.24 16:45;4;10,25;14,4375;15,375;2332;202;0;35,1
2902;2023.05.24 17:00;4;10,25;14,3125;15,125;2331;202;0;35,1
2903;2023.05.24 17:15;4;10,25;14,125;14,875;2330;202;0;35,1
2904;2023.05.24 17:30;4;10,3125;13,875;14,625;2330;202;0;35,1
2905;2023.05.24 17:45;4;10,3125;13,75;14,5;2329;202;0;35,1
2906;2023.05.24 18:00;4;10,3125;13,625;14,375;2328;202;0;35,1
2907;2023.05.24 18:15;4;10,3125;13,4375;14,1875;2328;202;0;35,1
2908;2023.05.24 18:30;4;10,3125;13,1875;13,8125;2328;202;0;35,1
2909;2023.05.24 18:45;4;10,3125;12,875;13,375;2327;202;0;35,0
2910;2023.05.24 19:00;4;10,3125;12,625;13,125;2327;202;0;35,0
2911;2023.05.24 19:15;4;10,3125;12,375;12,875;2326;202;0;35,0
2912;2023.05.24 19:30;4;10,3125;12,125;12,625;2325;202;0;35,0
2913;2023.05.24 19:45;4;10,3125;11,875;12,25;2325;202;0;35,0
2914;2023.05.24 20:00;4;10,25;11,75;12,125;2325;202;0;35,0
2915;2023.05.24 20:15;4;10,25;11,5;11,75;2325;202;0;35,0
2916;2023.05.24 20:30;4;10,25;11,25;11,5;2325;202;0;35,0
2917;2023.05.24 20:45;4;10,25;11,125;11,25;2324;202;0;35,0
2918;2023.05.24 21:00;4;10,25;10,875;11,0625;2324;202;0;35,0
2919;2023.05.24 21:15;4;10,25;10,75;10,75;2324;202;0;35,0
2920;2023.05.24 21:30;4;10,25;10,375;10,25;2324;202;0;35,0
2921;2023.05.24 21:45;4;10,25;10;9,5625;2322;202;0;34,9
2922;2023.05.24 22:00;4;10,25;9,75;9,25;2322;202;0;34,9
2923;2023.05.24 22:15;4;10,1875;9,5;9,125;2322;202;0;34,9
2924;2023.05.24 22:30;4;10,1875;9,375;9;2322;202;0;34,9
2925;2023.05.24 22:45;4;10,125;9,25;8,75;2323;202;0;35,0
2926;2023.05.24 23:00;4;10,125;9,0625;8,5625;2321;202;0;34,9
2927;2023.05.24 23:15;4;10,125;8,75;8,0625;2321;202;0;34,9
2928;2023.05.24 23:30;4;10,125;8,5;7,8125;2321;202;0;34,9
2929;2023.05.24 23:45;4;10,0625;8,5;7,875;2327;202;0;35,0
2930;2023.05.25 00:00;4;10,0625;8,375;7,6875;2323;202;0;35,0
2931;2023.05.25 00:15;4;10;8,25;7,5625;2322;202;0;34,9
2932;2023.05.25 00:30;4;10;8,25;7,5;2323;202;0;35,0
2933;2023.05.25 00:45;4;10;8,125;7,375;2323;202;0;35,0
2934;2023.05.25 01:00;4;10;7,9375;7,125;2324;202;0;35,0
2935;2023.05.25 01:15;4;10;7,6875;6,6875;2324;202;0;35,0
2936;2023.05.25 01:30;4;9,9375;7,625;6,75;2324;202;0;35,0
2937;2023.05.25 01:45;4;9,875;7,5625;6,6875;2325;202;0;35,0
2938;2023.05.25 02:00;4;9,875;7,5;6,5625;2325;202;0;35,0
2939;2023.05.25 02:15;4;9,875;7,375;6,4375;2326;202;0;35,0
2940;2023.05.25 02:30;4;9,875;7,375;6,5;2326;202;0;35,0
2941;2023.05.25 02:45;4;9,875;7,375;6,4375;2327;202;0;35,0
2942;2023.05.25 03:00;4;9,8125;7,375;6,4375;2327;202;0;35,0
2943;2023.05.25 03:15;4;9,75;7,25;6,3125;2328;202;0;35,1
2944;2023.05.25 03:30;4;9,75;7,125;6,25;2328;202;0;35,1
2945;2023.05.25 03:45;4;9,75;7,125;6,125;2330;202;0;35,1
2946;2023.05.25 04:00;4;9,75;7,1875;6,375;2330;202;0;35,1
2947;2023.05.25 04:15;4;9,75;7,125;6,25;2331;202;0;35,1
2948;2023.05.25 04:30;4;9,6875;7,25;6,5;2332;202;0;35,1
2949;2023.05.25 04:45;4;9,6875;7,3125;6,5625;2332;202;0;35,1
2950;2023.05.25 05:00;4;9,625;7,5;6,875;2332;202;0;35,1
2951;2023.05.25 05:15;4;9,625;7,75;7,375;2334;202;0;35,2
2952;2023.05.25 05:30;4;9,625;8,125;7,875;2335;202;0;35,2
2953;2023.05.25 05:45;4;9,625;8,375;8,375;2335;202;0;35,2
2954;2023.05.25 06:00;4;9,625;8,75;8,8125;2335;202;0;35,2
2955;2023.05.25 06:15;4;9,625;9;9,25;2336;202;0;35,2
2956;2023.05.25 06:30;4;9,625;9,375;9,6875;2336;202;0;35,2
2957;2023.05.25 06:45;4;9,625;9,75;10,25;2336;202;0;35,2
2958;2023.05.25 07:00;4;9,625;10;10,625;2335;202;0;35,2
2959;2023.05.25 07:15;4;9,625;10,375;11,25;2335;202;0;35,2
2960;2023.05.25 07:30;4;9,625;11;12,3125;2335;202;0;35,2
2961;2023.05.25 07:45;4;9,625;11,5625;12,875;2335;202;0;35,2
2962;2023.05.25 08:00;4;9,625;11,9375;13,25;2335;202;0;35,2
2963;2023.05.25 08:15;4;9,625;12,5;14,125;2334;202;0;35,2
2964;2023.05.25 08:30;4;9,625;12,5625;13,9375;2333;202;0;35,2
2965;2023.05.25 08:45;4;9,625;12,75;14,125;2332;202;0;35,1
2966;2023.05.25 09:00;4;9,625;13,375;14,875;2332;202;0;35,1
2967;2023.05.25 09:15;4;9,6875;13,5625;15,0625;2330;202;0;35,1
2968;2023.05.25 09:30;4;9,6875;13,9375;15,5;2331;202;0;35,1
2969;2023.05.25 09:45;4;9,75;14,1875;15,875;2332;202;0;35,1
2970;2023.05.25 10:00;4;9,75;14,375;15,9375;2330;202;0;35,1
2971;2023.05.25 10:15;4;9,75;14,625;16,1875;2328;202;0;35,1
2972;2023.05.25 10:30;4;9,75;15;16,5;2326;202;0;35,0
2973;2023.05.25 10:45;4;9,8125;15,125;16,5625;2324;202;0;35,0
2974;2023.05.25 11:00;4;9,875;15,25;16,625;2319;202;0;34,9
2975;2023.05.25 11:15;4;9,875;15,4375;17;2316;202;0;34,8
2976;2023.05.25 11:30;4;9,875;16,1875;17,5625;2316;202;0;34,8
2977;2023.05.25 11:45;4;9,875;16,25;17,125;2316;202;0;34,8
2978;2023.05.25 12:00;4;9,9375;15,5;16,125;2314;202;0;34,8
2979;2023.05.25 12:15;4;10;15,625;16,5;2313;202;0;34,8
2980;2023.05.25 12:30;4;10;16,375;17,375;2314;202;0;34,8
2981;2023.05.25 12:45;4;10;16,125;17,125;2312;202;0;34,8
2982;2023.05.25 13:00;4;10,0625;16,125;17;2312;202;0;34,8
2983;2023.05.25 13:15;4;10,125;16,625;17,5;2312;202;0;34,8
2984;2023.05.25 13:30;4;10,125;16,6875;17,5;2312;202;0;34,8
2985;2023.05.25 13:45;4;10,125;17,1875;17,75;2310;202;0;34,7
2986;2023.05.25 14:00;4;10,125;16,5625;17,125;2309;202;0;34,7
2987;2023.05.25 14:15;4;10,1875;17,125;17,875;2309;202;0;34,7
2988;2023.05.25 14:30;4;10,25;16,5;17,25;2308;202;0;34,7
2989;2023.05.25 14:45;4;10,25;16,5;17,25;2307;202;0;34,7
2990;2023.05.25 15:00;4;10,25;16,25;17;2306;202;0;34,6
2991;2023.05.25 15:15;4;10,3125;16,125;17,1875;2306;202;0;34,6
2992;2023.05.25 15:30;4;10,375;16,5625;17,5;2306;202;0;34,6
2993;2023.05.25 15:45;4;10,375;15,625;16,25;2304;202;0;34,6
2994;2023.05.25 16:00;4;10,375;16;17,0625;2304;202;0;34,6
2995;2023.05.25 16:15;4;10,375;15,75;16,75;2303;202;0;34,6
2996;2023.05.25 16:30;4;10,375;15,9375;17;2303;202;0;34,6
2997;2023.05.25 16:45;4;10,375;15,625;16,75;2302;202;0;34,6
2998;2023.05.25 17:00;4;10,375;15,375;16,5;2301;202;0;34,6
2999;2023.05.25 17:15;4;10,375;15,125;16,1875;2301;202;0;34,6
3000;2023.05.25 17:30;4;10,4375;14,9375;16;2300;202;0;34,5
3001;2023.05.25 17:45;4;10,4375;14,75;15,75;2299;202;0;34,5
3002;2023.05.25 18:00;4;10,4375;14,5;15,5;2299;202;0;34,5
3003;2023.05.25 18:15;4;10,4375;14,25;15,25;2298;202;0;34,5
3004;2023.05.25 18:30;4;10,4375;14;14,8125;2298;202;0;34,5
3005;2023.05.25 18:45;4;10,4375;13,625;14,4375;2297;202;0;34,5
3006;2023.05.25 19:00;4;10,4375;13,25;13,875;2298;202;0;34,5
3007;2023.05.25 19:15;4;10,4375;12,875;13,25;2296;202;0;34,5
3008;2023.05.25 19:30;4;10,375;12,625;13,0625;2295;202;0;34,4
3009;2023.05.25 19:45;4;10,375;12,375;12,75;2294;202;0;34,4
3010;2023.05.25 20:00;4;10,375;12,125;12,3125;2294;202;0;34,4
3011;2023.05.25 20:15;4;10,375;11,8125;12;2293;202;0;34,4
3012;2023.05.25 20:30;4;10,375;11,375;11,25;2292;202;0;34,4
3013;2023.05.25 20:45;4;10,375;10,9375;10,6875;2292;202;0;34,4
3014;2023.05.25 21:00;4;10,375;10,625;10,25;2291;202;0;34,4
3015;2023.05.25 21:15;4;10,375;10,4375;10,25;2291;202;0;34,4
3016;2023.05.25 21:30;4;10,375;10,375;10,25;2291;202;0;34,4
3017;2023.05.25 21:45;4;10,3125;10,125;10;2290;202;0;34,3
3018;2023.05.25 22:00;4;10,3125;10;9,8125;2287;202;0;34,3
3019;2023.05.25 22:15;4;10,25;10;9,875;2288;202;0;34,3
3020;2023.05.25 22:30;4;10,25;10,0625;10;2289;202;0;34,3
3021;2023.05.25 22:45;4;10,25;10;9,8125;2289;202;0;34,3
3022;2023.05.25 23:00;4;10,25;9,75;9,375;2289;202;0;34,3
3023;2023.05.25 23:15;4;10,25;9,5;9,125;2289;202;0;34,3
3024;2023.05.25 23:30;4;10,1875;9,375;8,9375;2288;202;0;34,3
3025;2023.05.25 23:45;4;10,1875;9,125;8,6875;2289;202;0;34,3
3026;2023.05.26 00:00;4;10,125;8,875;8,25;2288;202;0;34,3
3027;2023.05.26 00:15;4;10,125;8,75;8,1875;2289;202;0;34,3
3028;2023.05.26 00:30;4;10,125;8,6875;8,125;2289;202;0;34,3
3029;2023.05.26 00:45;4;10,125;8,375;7,6875;2289;202;0;34,3
3030;2023.05.26 01:00;4;10,125;8,1875;7,375;2289;202;0;34,3
3031;2023.05.26 01:15;4;10,0625;8,1875;7,4375;2290;202;0;34,3
3032;2023.05.26 01:30;4;10;8,125;7,5;2290;202;0;34,3
3033;2023.05.26 01:45;4;10;8,0625;7,375;2291;202;0;34,4
3034;2023.05.26 02:00;4;10;8;7,3125;2291;202;0;34,4
3035;2023.05.26 02:15;4;10;7,875;7;2292;202;0;34,4
3036;2023.05.26 02:30;4;10;7,75;6,8125;2292;202;0;34,4
3037;2023.05.26 02:45;4;9,9375;7,625;6,75;2292;202;0;34,4
3038;2023.05.26 03:00;4;9,875;7,6875;6,875;2293;202;0;34,4
3039;2023.05.26 03:15;4;9,875;7,625;6,75;2293;202;0;34,4
3040;2023.05.26 03:30;4;9,875;7,625;6,8125;2294;202;0;34,4
3041;2023.05.26 03:45;4;9,875;7,5;6,75;2295;202;0;34,4
3042;2023.05.26 04:00;4;9,875;7,5;6,75;2295;202;0;34,4
3043;2023.05.26 04:15;4;9,8125;7,5;6,6875;2295;202;0;34,4
3044;2023.05.26 04:30;4;9,8125;7,5;6,625;2296;202;0;34,5
3045;2023.05.26 04:45;4;9,75;7,625;6,9375;2297;202;0;34,5
3046;2023.05.26 05:00;4;9,75;7,8125;7,3125;2297;202;0;34,5
3047;2023.05.26 05:15;4;9,75;8,0625;7,6875;2299;202;0;34,5
3048;2023.05.26 05:30;4;9,75;8,375;8,125;2299;202;0;34,5
3049;2023.05.26 05:45;4;9,75;8,625;8,5;2300;202;0;34,5
3050;2023.05.26 06:00;4;9,75;8,875;8,875;2300;202;0;34,5
3051;2023.05.26 06:15;4;9,75;9,0625;9,125;2300;202;0;34,5
3052;2023.05.26 06:30;4;9,6875;9,375;9,625;2301;202;0;34,6
3053;2023.05.26 06:45;4;9,6875;9,75;10,1875;2301;202;0;34,6
3054;2023.05.26 07:00;4;9,6875;10,1875;10,8125;2302;202;0;34,6
3055;2023.05.26 07:15;4;9,6875;10,5625;11,25;2302;202;0;34,6
3056;2023.05.26 07:30;4;9,6875;11;12;2302;202;0;34,6
3057;2023.05.26 07:45;4;9,6875;11,5;12,5;2303;202;0;34,6
3058;2023.05.26 08:00;4;9,75;11,75;12,8125;2302;202;0;34,6
3059;2023.05.26 08:15;4;9,75;12,375;13,5625;2301;202;0;34,6
3060;2023.05.26 08:30;4;9,75;12,625;13,75;2301;202;0;34,6
3061;2023.05.26 08:45;4;9,75;13;14,5;2300;202;0;34,5
3062;2023.05.26 09:00;4;9,75;13,6875;15,1875;2299;202;0;34,5
3063;2023.05.26 09:15;4;9,75;14;15,625;2298;202;0;34,5
3064;2023.05.26 09:30;4;9,8125;14,5;16,125;2297;202;0;34,5
3065;2023.05.26 09:45;4;9,8125;14,875;16,625;2295;202;0;34,4
3066;2023.05.26 10:00;4;9,875;15,125;16,6875;2293;202;0;34,4
3067;2023.05.26 10:15;4;9,875;15,5;16,875;2291;202;0;34,4
3068;2023.05.26 10:30;4;9,875;15,5;16,875;2288;202;0;34,3
3069;2023.05.26 10:45;4;9,9375;14,75;15,75;2286;202;0;34,3
3070;2023.05.26 11:00;4;10;14,625;15,75;2285;202;0;34,3
3071;2023.05.26 11:15;4;10;14,6875;15,75;2284;202;0;34,2
3072;2023.05.26 11:30;4;10;14,75;16;2283;202;0;34,2
3073;2023.05.26 11:45;4;10;15,25;16,625;2284;202;0;34,2
3074;2023.05.26 12:00;4;10,0625;15,5;16,5;2284;202;0;34,2
3075;2023.05.26 12:15;4;10,125;15,125;16,125;2283;202;0;34,2
3076;2023.05.26 12:30;4;10,125;14,875;15,75;2282;202;0;34,2
3077;2023.05.26 12:45;4;10,125;14,9375;16,0625;2281;202;0;34,2
3078;2023.05.26 13:00;4;10,125;14,6875;15,5625;2281;202;0;34,2
3079;2023.05.26 13:15;4;10,1875;14,625;15,625;2280;202;0;34,2
3080;2023.05.26 13:30;4;10,1875;14,875;16,125;2280;202;0;34,2
3081;2023.05.26 13:45;4;10,25;15,1875;16,5;2280;202;0;34,2
3082;2023.05.26 14:00;4;10,25;15,5;16,8125;2280;202;0;34,2
3083;2023.05.26 14:15;4;10,25;17,125;18,375;2282;202;0;34,2
3084;2023.05.26 14:30;4;10,25;17,125;18,4375;2282;202;0;34,2
3085;2023.05.26 14:45;4;10,25;16,6875;17,75;2281;202;0;34,2
3086;2023.05.26 15:00;4;10,3125;15,875;16,8125;2280;202;0;34,2
3087;2023.05.26 15:15;4;10,375;16,6875;18,1875;2280;202;0;34,2
3088;2023.05.26 15:30;4;10,375;17;18,1875;2280;202;0;34,2
3089;2023.05.26 15:45;4;10,375;16,6875;17,875;2279;202;0;34,1
3090;2023.05.26 16:00;4;10,375;16,875;18;2279;202;0;34,1
3091;2023.05.26 16:15;4;10,4375;16,625;17,625;2278;202;0;34,1
3092;2023.05.26 16:30;4;10,5;16,25;17,125;2277;202;0;34,1
3093;2023.05.26 16:45;4;10,5;15,875;16,875;2276;202;0;34,1
3094;2023.05.26 17:00;4;10,5;15,375;16,3125;2275;202;0;34,1
3095;2023.05.26 17:15;4;10,5;15,125;16;2274;202;0;34,0
3096;2023.05.26 17:30;4;10,5;14,8125;15,75;2273;202;0;34,0
3097;2023.05.26 17:45;4;10,5;14,625;15,5625;2273;202;0;34,0
3098;2023.05.26 18:00;4;10,5;14,375;15,25;2272;202;0;34,0
3099;2023.05.26 18:15;4;10,5;14;14,875;2271;202;0;34,0
3100;2023.05.26 18:30;4;10,5;13,6875;14,375;2270;202;0;34,0
3101;2023.05.26 18:45;4;10,5;13,25;13,8125;2269;202;0;34,0
3102;2023.05.26 19:00;4;10,5;13;13,4375;2269;202;0;34,0
3103;2023.05.26 19:15;4;10,5;12,75;13,125;2268;202;0;33,9
3104;2023.05.26 19:30;4;10,5;12,4375;12,8125;2268;202;0;33,9
3105;2023.05.26 19:45;4;10,5;12,125;12,375;2267;202;0;33,9
3106;2023.05.26 20:00;4;10,5;11,875;12,0625;2267;202;0;33,9
3107;2023.05.26 20:15;4;10,5;11,375;11,3125;2266;202;0;33,9
3108;2023.05.26 20:30;4;10,5;11;10,875;2265;202;0;33,9
3109;2023.05.26 20:45;4;10,5;10,75;10,5;2264;202;0;33,9
3110;2023.05.26 21:00;4;10,4375;10,5;10,1875;2264;202;0;33,9
3111;2023.05.26 21:15;4;10,4375;10,1875;9,8125;2265;202;0;33,9
3112;2023.05.26 21:30;4;10,375;10;9,6875;2267;202;0;33,9
3113;2023.05.26 21:45;4;10,375;9,875;9,625;2265;202;0;33,9
3114;2023.05.26 22:00;4;10,375;9,875;9,75;2265;202;0;33,9
3115;2023.05.26 22:15;4;10,375;9,75;9,375;2266;202;0;33,9
3116;2023.05.26 22:30;4;10,375;9,4375;8,9375;2265;202;0;33,9
3117;2023.05.26 22:45;4;10,3125;9,25;8,75;2263;202;0;33,8
3118;2023.05.26 23:00;4;10,25;9,1875;8,75;2263;202;0;33,8
3119;2023.05.26 23:15;4;10,25;9,1875;8,8125;2264;202;0;33,9
3120;2023.05.26 23:30;4;10,25;9,125;8,6875;2264;202;0;33,9
3121;2023.05.26 23:45;4;10,25;8,9375;8,375;2265;202;0;33,9
3122;2023.05.27 00:00;4;10,25;8,8125;8,25;2264;202;0;33,9
3123;2023.05.27 00:15;4;10,1875;8,75;8,25;2264;202;0;33,9
3124;2023.05.27 00:30;4;10,1875;8,6875;8,1875;2265;202;0;33,9
3125;2023.05.27 00:45;4;10,125;8,625;8,0625;2265;202;0;33,9
3126;2023.05.27 01:00;4;10,125;8,375;7,75;2265;202;0;33,9
3127;2023.05.27 01:15;4;10,125;8,375;7,875;2265;202;0;33,9
3128;2023.05.27 01:30;4;10,125;8,3125;7,75;2266;202;0;33,9
3129;2023.05.27 01:45;4;10,125;8,25;7,6875;2266;202;0;33,9
3130;2023.05.27 02:00;4;10,0625;8,1875;7,5625;2266;202;0;33,9
3131;2023.05.27 02:15;4;10;8,375;8,0625;2267;202;0;33,9
3132;2023.05.27 02:30;4;10;9,25;9,625;2269;202;0;34,0
3133;2023.05.27 02:45;4;10;9,625;10;2269;202;0;34,0
3134;2023.05.27 03:00;4;10;9,875;10,125;2270;202;0;34,0
3135;2023.05.27 03:15;4;10;10,125;10,5;2270;202;0;34,0
3136;2023.05.27 03:30;4;10;10;10,1875;2269;202;0;34,0
3137;2023.05.27 03:45;4;10;9,875;9,875;2269;202;0;34,0
3138;2023.05.27 04:00;4;10;9,875;9,875;2269;202;0;34,0
3139;2023.05.27 04:15;4;10;9,875;9,875;2269;202;0;34,0
3140;2023.05.27 04:30;4;10;9,875;9,875;2268;202;0;33,9
3141;2023.05.27 04:45;4;9,9375;9,875;9,875;2268;202;0;33,9
3142;2023.05.27 05:00;4;9,9375;9,875;9,875;2268;202;0;33,9
3143;2023.05.27 05:15;4;9,9375;9,875;9,875;2268;202;0;33,9
3144;2023.05.27 05:30;4;9,9375;10;10,125;2268;202;0;33,9
3145;2023.05.27 05:45;4;9,9375;10,0625;10,25;2268;202;0;33,9
3146;2023.05.27 06:00;4;9,9375;10,0625;10,25;2267;202;0;33,9
3147;2023.05.27 06:15;4;9,9375;10,25;10,5;2267;202;0;33,9
3148;2023.05.27 06:30;4;9,9375;10,5;11;2267;202;0;33,9
3149;2023.05.27 06:45;4;9,9375;10,875;11,6875;2267;202;0;33,9
3150;2023.05.27 07:00;4;9,875;11,25;12,1875;2268;202;0;33,9
3151;2023.05.27 07:15;4;9,9375;11,625;12,625;2268;202;0;33,9
3152;2023.05.27 07:30;4;9,9375;12,125;13,375;2267;202;0;33,9
3153;2023.05.27 07:45;4;9,9375;12,75;14,125;2267;202;0;33,9
3154;2023.05.27 08:00;4;9,9375;13;14,25;2266;202;0;33,9
3155;2023.05.27 08:15;4;10;12,875;13,75;2264;202;0;33,9
3156;2023.05.27 08:30;4;10;13;14;2263;202;0;33,8
3157;2023.05.27 08:45;4;10;13,3125;14,625;2262;202;0;33,8
3158;2023.05.27 09:00;4;10;13,8125;15,25;2261;202;0;33,8
3159;2023.05.27 09:15;4;10;13,375;14,25;2259;202;0;33,8
3160;2023.05.27 09:30;4;10;13,625;14,8125;2258;202;0;33,7
3161;2023.05.27 09:45;4;10,0625;13,9375;15,375;2258;202;0;33,7
3162;2023.05.27 10:00;4;10,0625;14,375;15,9375;2257;202;0;33,7
3163;2023.05.27 10:15;4;10,125;14,5;15,875;2257;202;0;33,7
3164;2023.05.27 10:30;4;10,125;14,875;16,3125;2257;202;0;33,7
3165;2023.05.27 10:45;4;10,125;15,1875;16,75;2257;202;0;33,7
3166;2023.05.27 11:00;4;10,125;15,5;17,0625;2258;202;0;33,7
3167;2023.05.27 11:15;4;10,125;16;17,875;2258;202;0;33,7
3168;2023.05.27 11:30;4;10,1875;16,6875;18,25;2258;202;0;33,7
3169;2023.05.27 11:45;4;10,1875;17,5;18,875;2259;202;0;33,8
3170;2023.05.27 12:00;4;10,25;17,6875;18,75;2259;202;0;33,8
3171;2023.05.27 12:15;4;10,25;18;19,125;2259;202;0;33,8
3172;2023.05.27 12:30;4;10,3125;17,6875;18,75;2260;202;0;33,8
3173;2023.05.27 12:45;4;10,375;17,25;18,4375;2258;202;0;33,7
3174;2023.05.27 13:00;4;10,375;17,625;19,125;2258;202;0;33,7
3175;2023.05.27 13:15;4;10,375;17,9375;18,875;2258;202;0;33,7
3176;2023.05.27 13:30;4;10,4375;17,75;18,875;2257;202;0;33,7
3177;2023.05.27 13:45;4;10,5;17,125;17,875;2256;202;0;33,7
3178;2023.05.27 14:00;4;10,5;17,8125;19,1875;2256;202;0;33,7
3179;2023.05.27 14:15;4;10,5;18,375;19;2257;202;0;33,7
3180;2023.05.27 14:30;4;10,5;17,5;18,25;2255;202;0;33,7
3181;2023.05.27 14:45;4;10,5625;17,5;18,6875;2254;202;0;33,7
3182;2023.05.27 15:00;4;10,625;17,5;18,375;2255;202;0;33,7
3183;2023.05.27 15:15;4;10,625;17,375;18,375;2253;202;0;33,6
3184;2023.05.27 15:30;4;10,625;17,25;18,125;2252;202;0;33,6
3185;2023.05.27 15:45;4;10,625;17;18;2251;202;0;33,6
3186;2023.05.27 16:00;4;10,625;17;18;2254;202;0;33,7
3187;2023.05.27 16:15;4;10,6875;16,625;17,625;2252;202;0;33,6
3188;2023.05.27 16:30;4;10,6875;16,125;17,0625;2251;202;0;33,6
3189;2023.05.27 16:45;4;10,75;15,6875;16,5625;2250;202;0;33,6
3190;2023.05.27 17:00;4;10,75;15,5;16,4375;2250;202;0;33,6
3191;2023.05.27 17:15;4;10,75;15,25;16,1875;2261;202;0;33,8
3192;2023.05.27 17:30;4;10,75;15;15,9375;2253;202;0;33,6
3193;2023.05.27 17:45;4;10,75;14,75;15,625;2246;202;0;33,5
3194;2023.05.27 18:00;4;10,75;14,375;15,125;2245;202;0;33,5
3195;2023.05.27 18:15;4;10,75;14,125;14,75;2243;202;0;33,5
3196;2023.05.27 18:30;4;10,75;13,875;14,5;2242;202;0;33,4
3197;2023.05.27 18:45;4;10,75;13,6875;14,25;2242;202;0;33,4
3198;2023.05.27 19:00;4;10,75;13,5;14;2241;202;0;33,4
3199;2023.05.27 19:15;4;10,75;13,25;13,6875;2240;202;0;33,4
3200;2023.05.27 19:30;4;10,75;13;13,5;2240;202;0;33,4
3201;2023.05.27 19:45;4;10,6875;12,75;13,25;2239;202;0;33,4
3202;2023.05.27 20:00;4;10,6875;12,5;12,6875;2239;202;0;33,4
3203;2023.05.27 20:15;4;10,6875;12,0625;12,125;2240;202;0;33,4
3204;2023.05.27 20:30;4;10,6875;11,875;11,9375;2237;202;0;33,3
3205;2023.05.27 20:45;4;10,625;11,5;11,5;2237;202;0;33,3
3206;2023.05.27 21:00;4;10,625;11,25;11,25;2235;202;0;33,3
3207;2023.05.27 21:15;4;10,625;11,25;11,25;2235;202;0;33,3
3208;2023.05.27 21:30;4;10,625;11,1875;11,25;2235;202;0;33,3
3209;2023.05.27 21:45;4;10,625;11,0625;11,0625;2234;202;0;33,3
3210;2023.05.27 22:00;4;10,5625;10,875;10,75;2234;202;0;33,3
3211;2023.05.27 22:15;4;10,5625;10,75;10,6875;2234;202;0;33,3
3212;2023.05.27 22:30;4;10,5;10,5;10,375;2233;202;0;33,3
3213;2023.05.27 22:45;4;10,5;10,25;10;2232;202;0;33,3
3214;2023.05.27 23:00;4;10,5;10,125;9,75;2232;202;0;33,3
3215;2023.05.27 23:15;4;10,5;9,75;9,375;2232;202;0;33,3
3216;2023.05.27 23:30;4;10,5;9,5;9;2232;202;0;33,3
3217;2023.05.27 23:45;4;10,5;9,375;8,875;2232;202;0;33,3
3218;2023.05.28 00:00;4;10,4375;9,25;8,75;2232;202;0;33,3
3219;2023.05.28 00:15;4;10,375;9,125;8,75;2232;202;0;33,3
3220;2023.05.28 00:30;4;10,375;9,1875;8,875;2232;202;0;33,3
3221;2023.05.28 00:45;4;10,375;9,1875;8,875;2232;202;0;33,3
3222;2023.05.28 01:00;4;10,375;9,25;9;2233;202;0;33,3
3223;2023.05.28 01:15;4;10,375;9,125;8,875;2233;202;0;33,3
3224;2023.05.28 01:30;4;10,3125;8,875;8,375;2234;202;0;33,3
3225;2023.05.28 01:45;4;10,3125;8,5625;7,875;2265;202;0;33,9
3226;2023.05.28 02:00;4;10,25;8,375;7,6875;2266;202;0;33,9
3227;2023.05.28 02:15;4;10,25;8,125;7,25;2235;202;0;33,3
3228;2023.05.28 02:30;4;10,25;7,9375;7,1875;2234;202;0;33,3
3229;2023.05.28 02:45;4;10,25;8,125;7,625;2235;202;0;33,3
3230;2023.05.28 03:00;4;10,1875;8,375;8,125;2236;202;0;33,3
3231;2023.05.28 03:15;4;10,1875;8,375;8,0625;2237;202;0;33,3
3232;2023.05.28 03:30;4;10,125;8,375;7,875;2237;202;0;33,3
3233;2023.05.28 03:45;4;10,125;8,125;7,5;2237;202;0;33,3
3234;2023.05.28 04:00;4;10,125;7,8125;7;2237;202;0;33,3
3235;2023.05.28 04:15;4;10,125;7,625;6,75;2237;202;0;33,3
3236;2023.05.28 04:30;4;10,125;7,625;6,875;2238;202;0;33,4
3237;2023.05.28 04:45;4;10,0625;7,75;7,25;2239;202;0;33,4
3238;2023.05.28 05:00;4;10;8;7,625;2240;202;0;33,4
3239;2023.05.28 05:15;4;10;8,25;7,875;2241;202;0;33,4
3240;2023.05.28 05:30;4;10;8,375;8,25;2241;202;0;33,4
3241;2023.05.28 05:45;4;10;8,6875;8,5;2242;202;0;33,4
3242;2023.05.28 06:00;4;10;8,9375;8,9375;2242;202;0;33,4
3243;2023.05.28 06:15;4;10;9,125;9,25;2243;202;0;33,5
3244;2023.05.28 06:30;4;10;9,5;9,75;2243;202;0;33,5
3245;2023.05.28 06:45;4;9,9375;9,875;10,625;2244;202;0;33,5
3246;2023.05.28 07:00;4;9,9375;10,125;10,75;2244;202;0;33,5
3247;2023.05.28 07:15;4;9,9375;10,5;11,25;2244;202;0;33,5
3248;2023.05.28 07:30;4;9,9375;10,8125;11,5625;2244;202;0;33,5
3249;2023.05.28 07:45;4;9,9375;11,125;12;2244;202;0;33,5
3250;2023.05.28 08:00;4;9,9375;11,25;11,875;2243;202;0;33,5
3251;2023.05.28 08:15;4;9,9375;11,6875;12,375;2243;202;0;33,5
3252;2023.05.28 08:30;4;9,9375;11,875;12,75;2242;202;0;33,4
3253;2023.05.28 08:45;4;9,9375;12,375;13,625;2242;202;0;33,4
3254;2023.05.28 09:00;4;10;13;14,3125;2240;202;0;33,4
3255;2023.05.28 09:15;4;10;13,375;14,625;2239;202;0;33,4
3256;2023.05.28 09:30;4;10;13,75;15,125;2240;202;0;33,4
3257;2023.05.28 09:45;4;10;14,0625;15,5;2238;202;0;33,4
3258;2023.05.28 10:00;4;10;14,3125;15,875;2243;202;0;33,5
3259;2023.05.28 10:15;4;10;14,875;16,5;2247;202;0;33,5
3260;2023.05.28 10:30;4;10,0625;15,125;16,8125;2232;202;0;33,3
3261;2023.05.28 10:45;4;10,125;15,25;16,625;2243;202;0;33,5
3262;2023.05.28 11:00;4;10,125;15,5625;17,25;2237;202;0;33,3
3263;2023.05.28 11:15;4;10,125;15,4375;16,75;2236;202;0;33,3
3264;2023.05.28 11:30;4;10,125;15,375;16,8125;2236;202;0;33,3
3265;2023.05.28 11:45;4;10,1875;16;17,4375;2233;202;0;33,3
3266;2023.05.28 12:00;4;10,1875;16,875;18,375;2237;202;0;33,3
3267;2023.05.28 12:15;4;10,25;17,75;19,375;2238;202;0;33,4
3268;2023.05.28 12:30;4;10,25;16,9375;18,0625;2237;202;0;33,3
3269;2023.05.28 12:45;4;10,25;17;18,5;2236;202;0;33,3
3270;2023.05.28 13:00;4;10,3125;17,125;18,5;2234;202;0;33,3
3271;2023.05.28 13:15;4;10,375;17,625;18,875;2234;202;0;33,3
3272;2023.05.28 13:30;4;10,375;17,625;19;2236;202;0;33,3
3273;2023.05.28 13:45;4;10,375;18,1875;19,5;2236;202;0;33,3
3274;2023.05.28 14:00;4;10,4375;17,625;18,5;2234;202;0;33,3
3275;2023.05.28 14:15;4;10,5;19,25;19,875;2238;202;0;33,4
3276;2023.05.28 14:30;4;10,5;18,6875;19,875;2241;202;0;33,4
3277;2023.05.28 14:45;4;10,5;18,4375;20;2240;202;0;33,4
3278;2023.05.28 15:00;4;10,5625;18,5;19,75;2238;202;0;33,4
3279;2023.05.28 15:15;4;10,625;17,3125;18,125;2232;202;0;33,3
3280;2023.05.28 15:30;4;10,625;17,375;18,75;2231;202;0;33,2
3281;2023.05.28 15:45;4;10,625;17,375;18,75;2233;202;0;33,3
3282;2023.05.28 16:00;4;10,625;17,75;19;2234;202;0;33,3
3283;2023.05.28 16:15;4;10,6875;17;17,9375;2233;202;0;33,3
3284;2023.05.28 16:30;4;10,6875;16,625;17,5;2228;202;0;33,2
3285;2023.05.28 16:45;4;10,75;16,1875;17,125;2227;202;0;33,2
3286;2023.05.28 17:00;4;10,75;15,6875;16,5;2227;202;0;33,2
3287;2023.05.28 17:15;4;10,75;15,375;16,25;2225;202;0;33,1
3288;2023.05.28 17:30;4;10,75;15;15,8125;2238;202;0;33,4
3289;2023.05.28 17:45;4;10,75;14,75;15,625;2222;202;0;33,1
3290;2023.05.28 18:00;4;10,75;14,6875;15,625;2225;202;0;33,1
3291;2023.05.28 18:15;4;10,75;14,3125;15;2222;202;0;33,1
3292;2023.05.28 18:30;4;10,75;14,125;14,8125;2211;202;0;32,9
3293;2023.05.28 18:45;4;10,75;13,875;14,625;2218;202;0;33,0
3294;2023.05.28 19:00;4;10,75;13,4375;13,9375;2233;202;0;33,3
3295;2023.05.28 19:15;4;10,75;13;13,375;2261;202;0;33,8
3296;2023.05.28 19:30;4;10,6875;12,75;13,125;2227;202;0;33,2
3297;2023.05.28 19:45;4;10,6875;12,375;12,6875;2219;202;0;33,0
3298;2023.05.28 20:00;4;10,6875;12;12,25;2213;202;0;32,9
3299;2023.05.28 20:15;4;10,625;11,625;11,75;2213;202;0;32,9
3300;2023.05.28 20:30;4;10,625;11,25;11,125;2216;202;0;32,9
3301;2023.05.28 20:45;4;10,625;10,875;10,875;2212;202;0;32,9
3302;2023.05.28 21:00;4;10,625;10,625;10,625;2221;202;0;33,0
3303;2023.05.28 21:15;4;10,625;10,5;10,375;2222;202;0;33,1
3304;2023.05.28 21:30;4;10,5625;10,375;10,3125;2221;202;0;33,0
3305;2023.05.28 21:45;4;10,5;10,25;10,25;2212;202;0;32,9
3306;2023.05.28 22:00;4;10,5;10,125;10;2209;202;0;32,8
3307;2023.05.28 22:15;4;10,5;10;9,875;2217;202;0;33,0
3308;2023.05.28 22:30;4;10,5;9,8125;9,625;2209;202;0;32,8
3309;2023.05.28 22:45;4;10,5;9,625;9,375;2209;202;0;32,8
3310;2023.05.28 23:00;4;10,4375;9,5;9,3125;2209;202;0;32,8
3311;2023.05.28 23:15;4;10,375;9,375;9,1875;2210;202;0;32,8
3312;2023.05.28 23:30;4;10,375;9,3125;9,125;2215;202;0;32,9
3313;2023.05.28 23:45;4;10,375;9,1875;9;2212;202;0;32,9
3314;2023.05.29 00:00;4;10,375;9,0625;8,875;2209;202;0;32,8
3315;2023.05.29 00:15;4;10,375;8,875;8,5;2209;202;0;32,8
3316;2023.05.29 00:30;4;10,3125;8,75;8,375;2208;202;0;32,8
3317;2023.05.29 00:45;4;10,25;8,5;7,875;2209;202;0;32,8
3318;2023.05.29 01:00;4;10,25;8,25;7,6875;2211;202;0;32,9
3319;2023.05.29 01:15;4;10,25;8,25;7,75;2212;202;0;32,9
3320;2023.05.29 01:30;4;10,25;8;7,25;2213;202;0;32,9
3321;2023.05.29 01:45;4;10,1875;7,75;7,0625;2214;202;0;32,9
3322;2023.05.29 02:00;4;10,1875;7,6875;7;2225;202;0;33,1
3323;2023.05.29 02:15;4;10,125;7,75;7,1875;2225;202;0;33,1
3324;2023.05.29 02:30;4;10,125;7,5;6,75;2239;202;0;33,4
3325;2023.05.29 02:45;4;10,125;7,375;6,5;2208;202;0;32,8
3326;2023.05.29 03:00;4;10,125;7;5,875;2236;202;0;33,3
3327;2023.05.29 03:15;4;10,0625;6,625;5,375;2233;202;0;33,3
3328;2023.05.29 03:30;4;10;6,375;5;2264;202;0;33,9
3329;2023.05.29 03:45;4;10;6,125;4,75;2206;202;0;32,8
3330;2023.05.29 04:00;4;10;5,9375;4,625;2206;202;0;32,8
3331;2023.05.29 04:15;4;10;5,8125;4,4375;2216;202;0;32,9
3332;2023.05.29 04:30;4;9,9375;5,75;4,4375;2214;202;0;32,9
3333;2023.05.29 04:45;4;9,875;5,875;4,625;2210;202;0;32,8
3334;2023.05.29 05:00;4;9,875;6,1875;5,125;2211;202;0;32,9
3335;2023.05.29 05:15;4;9,875;6,5;5,625;2212;202;0;32,9
3336;2023.05.29 05:30;4;9,875;6,875;6,25;2215;202;0;32,9
3337;2023.05.29 05:45;4;9,8125;7,25;6,75;2219;202;0;33,0
3338;2023.05.29 06:00;4;9,75;7,5;7,125;2237;202;0;33,3
3339;2023.05.29 06:15;4;9,75;7,8125;7,5;2245;202;0;33,5
3340;2023.05.29 06:30;4;9,75;8,125;7,875;2216;202;0;32,9
3341;2023.05.29 06:45;4;9,75;8,4375;8,4375;2216;202;0;32,9
3342;2023.05.29 07:00;4;9,75;8,875;9;2217;202;0;33,0
3343;2023.05.29 07:15;4;9,75;9,3125;9,75;2222;202;0;33,1
3344;2023.05.29 07:30;4;9,75;9,875;10,5;2235;202;0;33,3
3345;2023.05.29 07:45;4;9,75;10,5;11,4375;2243;202;0;33,5
3346;2023.05.29 08:00;4;9,75;10,875;11,8125;2220;202;0;33,0
3347;2023.05.29 08:15;4;9,75;11,75;12,6875;2222;202;0;33,1
3348;2023.05.29 08:30;4;9,75;12,125;13,375;2222;202;0;33,1
3349;2023.05.29 08:45;4;9,75;12,375;13,75;2241;202;0;33,4
3350;2023.05.29 09:00;4;9,75;13;14,375;2224;202;0;33,1
3351;2023.05.29 09:15;4;9,75;13,125;14,5;2218;202;0;33,0
3352;2023.05.29 09:30;4;9,8125;13,5;14,875;2225;202;0;33,1
3353;2023.05.29 09:45;4;9,875;13,875;15,3125;2226;202;0;33,1
3354;2023.05.29 10:00;4;9,875;14,125;15,75;2224;202;0;33,1
3355;2023.05.29 10:15;4;9,875;14,75;16,5;2221;202;0;33,0
3356;2023.05.29 10:30;4;9,875;15,0625;16,875;2221;202;0;33,0
3357;2023.05.29 10:45;4;9,875;15,4375;17,1875;2220;202;0;33,0
3358;2023.05.29 11:00;4;9,9375;15,5;17,125;2218;202;0;33,0
3359;2023.05.29 11:15;4;10;15,875;17,625;2216;202;0;32,9
3360;2023.05.29 11:30;4;10;16,25;18,25;2214;202;0;32,9
3361;2023.05.29 11:45;4;10;17,25;19,0625;2214;202;0;32,9
3362;2023.05.29 12:00;4;10,0625;17,3125;18,25;2210;202;0;32,8
3363;2023.05.29 12:15;4;10,125;17;17,6875;2215;202;0;32,9
3364;2023.05.29 12:30;4;10,125;16,5;17,25;2211;202;0;32,9
3365;2023.05.29 12:45;4;10,125;16,25;17,0625;2210;202;0;32,8
3366;2023.05.29 13:00;4;10,1875;16,625;17,375;2211;202;0;32,9
3367;2023.05.29 13:15;4;10,25;16,375;16,9375;2210;202;0;32,8
3368;2023.05.29 13:30;4;10,25;15,9375;16,5;2208;202;0;32,8
3369;2023.05.29 13:45;4;10,25;16,5;17,25;2208;202;0;32,8
3370;2023.05.29 14:00;4;10,25;16,875;17,375;2210;202;0;32,8
3371;2023.05.29 14:15;4;10,3125;16,9375;17,25;2210;202;0;32,8
3372;2023.05.29 14:30;4;10,375;16,625;17;2210;202;0;32,8
3373;2023.05.29 14:45;4;10,375;16,625;17,375;2209;202;0;32,8
3374;2023.05.29 15:00;4;10,375;16,5;17,125;2210;202;0;32,8
3375;2023.05.29 15:15;4;10,4375;16,875;17,3125;2209;202;0;32,8
3376;2023.05.29 15:30;4;10,4375;16,625;17,375;2208;202;0;32,8
3377;2023.05.29 15:45;4;10,5;16,25;17,125;2208;202;0;32,8
3378;2023.05.29 16:00;4;10,5;16,125;16,875;2208;202;0;32,8
3379;2023.05.29 16:15;4;10,5;15,9375;16,75;2208;202;0;32,8
3380;2023.05.29 16:30;4;10,5;15,625;16,375;2209;202;0;32,8
3381;2023.05.29 16:45;4;10,5;15,4375;16,25;2208;202;0;32,8
3382;2023.05.29 17:00;4;10,5625;15,125;15,875;2204;202;0;32,7
3383;2023.05.29 17:15;4;10,5625;15;15,875;2205;202;0;32,7
3384;2023.05.29 17:30;4;10,5625;14,75;15,5;2203;202;0;32,7
3385;2023.05.29 17:45;4;10,5625;14,5;15,1875;2198;202;0;32,6
3386;2023.05.29 18:00;4;10,625;14,25;14,875;2194;202;0;32,5
3387;2023.05.29 18:15;4;10,625;14;14,625;2185;202;0;32,4
3388;2023.05.29 18:30;4;10,625;13,6875;14,25;2184;202;0;32,3
3389;2023.05.29 18:45;4;10,625;13,375;13,8125;2183;202;0;32,3
3390;2023.05.29 19:00;4;10,5625;13;13,4375;2181;202;0;32,3
3391;2023.05.29 19:15;4;10,625;12,6875;13;2222;202;0;33,1
3392;2023.05.29 19:30;4;10,5625;12,4375;12,75;2178;202;0;32,2
3393;2023.05.29 19:45;4;10,5625;12,1875;12,375;2182;202;0;32,3
3394;2023.05.29 20:00;4;10,5625;12;12,125;2184;202;0;32,3
3395;2023.05.29 20:15;4;10,5;11,625;11,5625;2216;202;0;32,9
3396;2023.05.29 20:30;4;10,5;11,125;10,9375;2210;202;0;32,8
3397;2023.05.29 20:45;4;10,5;10,75;10,3125;2207;202;0;32,8
3398;2023.05.29 21:00;4;10,5;10,5;10,125;2207;202;0;32,8
3399;2023.05.29 21:15;4;10,5;10,25;9,9375;2206;202;0;32,8
3400;2023.05.29 21:30;4;10,5;10,125;9,75;2206;202;0;32,8
3401;2023.05.29 21:45;4;10,4375;9,875;9,5;2205;202;0;32,7
3402;2023.05.29 22:00;4;10,4375;9,6875;9,25;2205;202;0;32,7
3403;2023.05.29 22:15;4;10,375;9,5;9;2205;202;0;32,7
3404;2023.05.29 22:30;4;10,375;9,25;8,75;2205;202;0;32,7
3405;2023.05.29 22:45;4;10,375;9,125;8,625;2205;202;0;32,7
3406;2023.05.29 23:00;4;10,375;9,0625;8,5625;2206;202;0;32,8
3407;2023.05.29 23:15;4;10,3125;9;8,5;2207;202;0;32,8
3408;2023.05.29 23:30;4;10,3125;8,75;8,125;2207;202;0;32,8
3409;2023.05.29 23:45;4;10,25;8,5625;7,875;2207;202;0;32,8
3410;2023.05.30 00:00;4;10,25;8,375;7,5625;2208;202;0;32,8
3411;2023.05.30 00:15;4;10,25;8,3125;7,625;2209;202;0;32,8
3412;2023.05.30 00:30;4;10,25;8,1875;7,5;2209;202;0;32,8
3413;2023.05.30 00:45;4;10,1875;8,125;7,375;2208;202;0;32,8
3414;2023.05.30 01:00;4;10,1875;8,0625;7,375;2209;202;0;32,8
3415;2023.05.30 01:15;4;10,125;8;7,375;2211;202;0;32,9
3416;2023.05.30 01:30;4;10,125;7,9375;7,25;2211;202;0;32,9
3417;2023.05.30 01:45;4;10,125;7,75;7;2212;202;0;32,9
3418;2023.05.30 02:00;4;10,125;7,6875;6,875;2212;202;0;32,9
3419;2023.05.30 02:15;4;10,0625;7,625;6,8125;2213;202;0;32,9
3420;2023.05.30 02:30;4;10,0625;7,625;6,8125;2213;202;0;32,9
3421;2023.05.30 02:45;4;10;7,5;6,625;2213;202;0;32,9
3422;2023.05.30 03:00;4;10;7,375;6,5625;2215;202;0;32,9
3423;2023.05.30 03:15;4;10;7,25;6,3125;2213;202;0;32,9
3424;2023.05.30 03:30;4;10;7,125;6,125;2215;202;0;32,9
3425;2023.05.30 03:45;4;9,9375;7,0625;6,125;2216;202;0;32,9
3426;2023.05.30 04:00;4;9,9375;7,125;6,25;2233;202;0;33,3
3427;2023.05.30 04:15;4;9,875;7,125;6,3125;2302;202;0;34,6
3428;2023.05.30 04:30;4;9,875;7,1875;6,375;2232;202;0;33,3
3429;2023.05.30 04:45;4;9,875;7,25;6,5;2267;202;0;33,9
3430;2023.05.30 05:00;4;9,875;7,5;7;2269;202;0;34,0
3431;2023.05.30 05:15;4;9,875;7,875;7,5;2228;202;0;33,2
3432;2023.05.30 05:30;4;9,8125;8,1875;8;2232;202;0;33,3
3433;2023.05.30 05:45;4;9,8125;8,5;8,5;2211;202;0;32,9
3434;2023.05.30 06:00;4;9,8125;8,75;8,75;2225;202;0;33,1
3435;2023.05.30 06:15;4;9,75;9;9;2263;202;0;33,8
3436;2023.05.30 06:30;4;9,75;9,25;9,375;2271;202;0;34,0
3437;2023.05.30 06:45;4;9,75;9,5;9,8125;2274;202;0;34,0
3438;2023.05.30 07:00;4;9,75;9,875;10,375;2275;202;0;34,1
3439;2023.05.30 07:15;4;9,75;10,1875;10,875;2273;202;0;34,0
3440;2023.05.30 07:30;4;9,75;10,6875;11,5;2273;202;0;34,0
3441;2023.05.30 07:45;4;9,75;11,375;12,625;2273;202;0;34,0
3442;2023.05.30 08:00;4;9,75;11,8125;13,125;2272;202;0;34,0
3443;2023.05.30 08:15;4;9,8125;12,625;13,875;2272;202;0;34,0
3444;2023.05.30 08:30;4;9,8125;12,8125;14,25;2271;202;0;34,0
3445;2023.05.30 08:45;4;9,875;13;14,5;2269;202;0;34,0
3446;2023.05.30 09:00;4;9,875;13,6875;15,25;2267;202;0;33,9
3447;2023.05.30 09:15;4;9,875;13,9375;15,5;2265;202;0;33,9
3448;2023.05.30 09:30;4;9,875;14,25;15,9375;2263;202;0;33,8
3449;2023.05.30 09:45;4;9,875;14,875;16,6875;2260;202;0;33,8
3450;2023.05.30 10:00;4;9,9375;15;16,75;2258;202;0;33,7
3451;2023.05.30 10:15;4;10;15,625;17,5;2258;202;0;33,7
3452;2023.05.30 10:30;4;10;15,875;17,5;2256;202;0;33,7
3453;2023.05.30 10:45;4;10;16;17,375;2254;202;0;33,7
3454;2023.05.30 11:00;4;10,0625;15,875;17,25;2252;202;0;33,6
3455;2023.05.30 11:15;4;10,125;16,0625;17,375;2252;202;0;33,6
3456;2023.05.30 11:30;4;10,125;17,0625;18,0625;2253;202;0;33,6
3457;2023.05.30 11:45;4;10,125;17,5;18,5;2253;202;0;33,6
3458;2023.05.30 12:00;4;10,1875;17,625;18,625;2253;202;0;33,6
3459;2023.05.30 12:15;4;10,25;18,4375;18,75;2254;202;0;33,7
3460;2023.05.30 12:30;4;10,25;17,75;18,625;2252;202;0;33,6
3461;2023.05.30 12:45;4;10,25;17,3125;18,3125;2250;202;0;33,6
3462;2023.05.30 13:00;4;10,375;17,75;18,6875;2253;202;0;33,6
3463;2023.05.30 13:15;4;10,375;18,125;19;2268;202;0;33,9
3464;2023.05.30 13:30;4;10,375;17,875;18,6875;2184;202;0;32,3
3465;2023.05.30 13:45;4;10,4375;18,375;19;2178;202;0;32,2
3466;2023.05.30 14:00;4;10,5;18,75;19,3125;2180;202;0;32,3
3467;2023.05.30 14:15;4;10,5;18,875;19,5;2181;202;0;32,3
3468;2023.05.30 14:30;4;10,5;18,625;19,25;2178;202;0;32,2
3469;2023.05.30 14:45;4;10,5625;18,5625;19,6875;2178;202;0;32,2
3470;2023.05.30 15:00;4;10,625;18,375;19,1875;2179;202;0;32,2
3471;2023.05.30 15:15;4;10,625;18,4375;19,1875;2177;202;0;32,2
3472;2023.05.30 15:30;4;10,6875;18,0625;18,875;2178;202;0;32,2
3473;2023.05.30 15:45;4;10,6875;17,625;18,5;2176;202;0;32,2
3474;2023.05.30 16:00;4;10,75;17,625;18,5;2177;202;0;32,2
3475;2023.05.30 16:15;4;10,75;17,375;18,3125;2173;202;0;32,1
3476;2023.05.30 16:30;4;10,75;17,25;18,25;2173;202;0;32,1
3477;2023.05.30 16:45;4;10,75;17,125;18,125;2171;202;0;32,1
3478;2023.05.30 17:00;4;10,8125;16,875;18;2171;202;0;32,1
3479;2023.05.30 17:15;4;10,8125;16,6875;17,75;2170;202;0;32,1
3480;2023.05.30 17:30;4;10,875;16,5;17,625;2169;202;0;32,1
3481;2023.05.30 17:45;4;10,875;16,25;17,3125;2185;202;0;32,4
3482;2023.05.30 18:00;4;10,875;16;17;2176;202;0;32,2
3483;2023.05.30 18:15;4;10,875;15,75;16,75;2193;202;0;32,5
3484;2023.05.30 18:30;4;10,875;15,5;16,375;2191;202;0;32,5
3485;2023.05.30 18:45;4;10,875;15,125;16;2191;202;0;32,5
3486;2023.05.30 19:00;4;10,875;14,75;15,5;2187;202;0;32,4
3487;2023.05.30 19:15;4;10,875;14,375;15;2181;202;0;32,3
3488;2023.05.30 19:30;4;10,875;14,125;14,6875;2183;202;0;32,3
3489;2023.05.30 19:45;4;10,875;13,8125;14,375;2183;202;0;32,3
3490;2023.05.30 20:00;4;10,875;13,375;13,75;2182;202;0;32,3
3491;2023.05.30 20:15;4;10,875;13;13,3125;2180;202;0;32,3
3492;2023.05.30 20:30;4;10,875;12,6875;12,875;2179;202;0;32,2
3493;2023.05.30 20:45;4;10,875;12,5;12,75;2181;202;0;32,3
3494;2023.05.30 21:00;4;10,8125;12,25;12,5;2184;202;0;32,3
3495;2023.05.30 21:15;4;10,8125;12;12,0625;2180;202;0;32,3
3496;2023.05.30 21:30;4;10,75;11,625;11,6875;2176;202;0;32,2
3497;2023.05.30 21:45;4;10,75;11,3125;11,125;2176;202;0;32,2
3498;2023.05.30 22:00;4;10,75;11;10,875;2175;202;0;32,2
3499;2023.05.30 22:15;4;10,75;10,75;10,625;2174;202;0;32,1
3500;2023.05.30 22:30;4;10,75;10,5;10,3125;2177;202;0;32,2
3501;2023.05.30 22:45;4;10,6875;10,25;9,875;2174;202;0;32,1
3502;2023.05.30 23:00;4;10,6875;10;9,5625;2179;202;0;32,2
3503;2023.05.30 23:15;4;10,625;9,75;9,375;2175;202;0;32,2
3504;2023.05.30 23:30;4;10,625;9,6875;9,3125;2176;202;0;32,2
3505;2023.05.30 23:45;4;10,625;9,5;9,125;2179;202;0;32,2
3506;2023.05.31 00:00;4;10,5625;9,25;8,625;2180;202;0;32,3
3507;2023.05.31 00:15;4;10,5625;9;8,3125;2177;202;0;32,2
3508;2023.05.31 00:30;4;10,5;8,75;8,125;2181;202;0;32,3
3509;2023.05.31 00:45;4;10,5;8,5;7,75;2178;202;0;32,2
3510;2023.05.31 01:00;4;10,5;8,375;7,5;2180;202;0;32,3
3511;2023.05.31 01:15;4;10,5;8,125;7,25;2180;202;0;32,3
3512;2023.05.31 01:30;4;10,4375;8;7;2183;202;0;32,3
3513;2023.05.31 01:45;4;10,375;7,875;7,125;2184;202;0;32,3
3514;2023.05.31 02:00;4;10,375;7,625;6,625;2188;202;0;32,4
3515;2023.05.31 02:15;4;10,375;7,625;6,75;2184;202;0;32,3
3516;2023.05.31 02:30;4;10,3125;7,375;6,375;2187;202;0;32,4
3517;2023.05.31 02:45;4;10,3125;7,25;6,25;2182;202;0;32,3
3518;2023.05.31 03:00;4;10,25;7,125;6,1875;2171;202;0;32,1
3519;2023.05.31 03:15;4;10,25;7;5,875;2166;202;0;32,0
3520;2023.05.31 03:30;4;10,25;6,875;5,8125;2159;202;0;31,9
3521;2023.05.31 03:45;4;10,1875;6,6875;5,5625;2158;202;0;31,8
3522;2023.05.31 04:00;4;10,125;6,5;5,375;2212;202;0;32,9
3523;2023.05.31 04:15;4;10,125;6,5;5,4375;2217;202;0;33,0
3524;2023.05.31 04:30;4;10,125;6,5625;5,625;2242;202;0;33,4
3525;2023.05.31 04:45;4;10,125;6,75;5,875;2166;202;0;32,0
3526;2023.05.31 05:00;4;10,0625;7;6,1875;2164;202;0;32,0
3527;2023.05.31 05:15;4;10;7,1875;6,5;2177;202;0;32,2
3528;2023.05.31 05:30;4;10;7,5625;7,125;2184;202;0;32,3
3529;2023.05.31 05:45;4;10;7,8125;7,375;2182;202;0;32,3
3530;2023.05.31 06:00;4;10;8;7,5;2163;202;0;31,9
3531;2023.05.31 06:15;4;10;8,25;7,875;2161;202;0;31,9
3532;2023.05.31 06:30;4;10;8,5625;8,375;2187;202;0;32,4
3533;2023.05.31 06:45;4;9,9375;8,9375;9;2172;202;0;32,1
3534;2023.05.31 07:00;4;9,9375;9,25;9,4375;2170;202;0;32,1
3535;2023.05.31 07:15;4;9,9375;9,625;9,9375;2186;202;0;32,4
3536;2023.05.31 07:30;4;9,9375;10,125;10,625;2202;202;0;32,7
3537;2023.05.31 07:45;4;9,9375;11;11,75;2173;202;0;32,1
3538;2023.05.31 08:00;4;9,9375;11,375;12,3125;2174;202;0;32,1
3539;2023.05.31 08:15;4;9,9375;11,9375;12,875;2185;202;0;32,4
3540;2023.05.31 08:30;4;9,9375;12,375;13,5;2181;202;0;32,3
3541;2023.05.31 08:45;4;10;12,75;14;2176;202;0;32,2
3542;2023.05.31 09:00;4;10;13,375;14,875;2182;202;0;32,3
3543;2023.05.31 09:15;4;10;13,625;15,0625;2184;202;0;32,3
3544;2023.05.31 09:30;4;10;14;15,5;2183;202;0;32,3
3545;2023.05.31 09:45;4;10;14,4375;16;2179;202;0;32,2
3546;2023.05.31 10:00;4;10,0625;14,75;16,4375;2181;202;0;32,3
3547;2023.05.31 10:15;4;10,125;15,4375;17,375;2176;202;0;32,2
3548;2023.05.31 10:30;4;10,125;15,625;17,375;2174;202;0;32,1
3549;2023.05.31 10:45;4;10,125;16;17,75;2173;202;0;32,1
3550;2023.05.31 11:00;4;10,1875;16,3125;18,125;2171;202;0;32,1
3551;2023.05.31 11:15;4;10,25;16,625;18,5;2170;202;0;32,1
3552;2023.05.31 11:30;4;10,25;17,375;19,625;2170;202;0;32,1
3553;2023.05.31 11:45;4;10,25;18,375;19,875;2169;202;0;32,1
3554;2023.05.31 12:00;4;10,3125;18,5;19,75;2167;202;0;32,0
3555;2023.05.31 12:15;4;10,375;19,375;19,625;2166;202;0;32,0
3556;2023.05.31 12:30;4;10,375;18,125;18,75;2166;202;0;32,0
3557;2023.05.31 12:45;4;10,4375;17,75;18,625;2166;202;0;32,0
3558;2023.05.31 13:00;4;10,5;18,125;18,875;2164;202;0;32,0
3559;2023.05.31 13:15;4;10,5;18,6875;19,5;2164;202;0;32,0
3560;2023.05.31 13:30;4;10,5625;18,5625;19,6875;2162;202;0;31,9
3561;2023.05.31 13:45;4;10,625;18,875;19,625;2166;202;0;32,0
3562;2023.05.31 14:00;4;10,625;19,625;20,25;2169;202;0;32,1
3563;2023.05.31 14:15;4;10,6875;19,5;20,375;2188;202;0;32,4
3564;2023.05.31 14:30;4;10,75;19,1875;20,125;2175;202;0;32,2
3565;2023.05.31 14:45;4;10,75;19,5;20,6875;2154;202;0;31,8
3566;2023.05.31 15:00;4;10,75;19,375;20,5;2151;202;0;31,7
3567;2023.05.31 15:15;4;10,8125;19,125;19,9375;2173;202;0;32,1
3568;2023.05.31 15:30;4;10,875;18,8125;19,6875;2157;202;0;31,8
3569;2023.05.31 15:45;4;10,875;18,375;19,375;2144;202;0;31,6
3570;2023.05.31 16:00;4;10,875;18,25;19,25;2150;202;0;31,7
3571;2023.05.31 16:15;4;10,9375;18;19,125;2148;202;0;31,6
3572;2023.05.31 16:30;4;11;17,875;18,875;2147;202;0;31,6
3573;2023.05.31 16:45;4;11;17,5;18,5;2147;202;0;31,6
3574;2023.05.31 17:00;4;11;17,125;18,125;2146;202;0;31,6
3575;2023.05.31 17:15;4;11;16,875;17,875;2146;202;0;31,6
3576;2023.05.31 17:30;4;11;16,625;17,625;2145;202;0;31,6
3577;2023.05.31 17:45;4;11;16,375;17,375;2146;202;0;31,6
3578;2023.05.31 18:00;4;11;16,125;17,125;2145;202;0;31,6
3579;2023.05.31 18:15;4;11;15,875;16,75;2144;202;0;31,6
3580;2023.05.31 18:30;4;11,0625;15,5;16,25;2142;202;0;31,5
3581;2023.05.31 18:45;4;11;15,125;15,75;2142;202;0;31,5
3582;2023.05.31 19:00;4;11;14,75;15,375;2140;202;0;31,5
3583;2023.05.31 19:15;4;11;14,375;15;2136;202;0;31,4
3584;2023.05.31 19:30;4;11;14;14,375;2135;202;0;31,4
3585;2023.05.31 19:45;4;11;13,6875;14,0625;2135;202;0;31,4
3586;2023.05.31 20:00;4;11;13,5;13,875;2137;202;0;31,4
3587;2023.05.31 20:15;4;11;13,125;13,4375;2135;202;0;31,4
3588;2023.05.31 20:30;4;11;12,75;12,8125;2134;202;0;31,4
3589;2023.05.31 20:45;4;11;12,375;12,375;2133;202;0;31,4
3590;2023.05.31 21:00;4;11;11,875;11,75;2134;202;0;31,4
3591;2023.05.31 21:15;4;10,9375;11,375;11,125;2134;202;0;31,4
3592;2023.05.31 21:30;4;10,9375;11;10,625;2133;202;0;31,4
3593;2023.05.31 21:45;4;10,875;10,625;10,125;2132;202;0;31,3
3594;2023.05.31 22:00;4;10,875;10,25;9,625;2130;202;0;31,3
3595;2023.05.31 22:15;4;10,875;10;9,375;2130;202;0;31,3
3596;2023.05.31 22:30;4;10,875;9,625;9;2130;202;0;31,3
3597;2023.05.31 22:45;4;10,8125;9,4375;8,75;2130;202;0;31,3
3598;2023.05.31 23:00;4;10,75;9,25;8,5625;2131;202;0;31,3
3599;2023.05.31 23:15;4;10,75;8,9375;8,1875;2128;202;0;31,3
3600;2023.05.31 23:30;4;10,75;8,75;8;2132;202;0;31,3
3601;2023.05.31 23:45;4;10,6875;8,625;7,875;2135;202;0;31,4
3602;2023.06.01 00:00;4;10,6875;8,4375;7,5625;2130;202;0;31,3
3603;2023.06.01 00:15;4;10,625;8,1875;7,25;2132;202;0;31,3
3604;2023.06.01 00:30;4;10,625;8;7;2145;202;0;31,6
3605;2023.06.01 00:45;4;10,625;7,75;6,6875;2135;202;0;31,4
3606;2023.06.01 01:00;4;10,5;7,5;6,4375;2135;202;0;31,4
3607;2023.06.01 01:15;4;10,5;7,375;6,375;2136;202;0;31,4
3608;2023.06.01 01:30;4;10,5;7,1875;6;2134;202;0;31,4
3609;2023.06.01 01:45;4;10,5;7,125;6;2139;202;0;31,5
3610;2023.06.01 02:00;4;10,4375;7;5,9375;2139;202;0;31,5
3611;2023.06.01 02:15;4;10,375;6,875;5,75;2143;202;0;31,6
3612;2023.06.01 02:30;4;10,375;6,625;5,3125;2168;202;0;32,0
3613;2023.06.01 02:45;4;10,375;6,4375;5,125;2140;202;0;31,5
3614;2023.06.01 03:00;4;10,3125;6,375;5,1875;2141;202;0;31,5
3615;2023.06.01 03:15;4;10,25;6,375;5,125;2143;202;0;31,6
3616;2023.06.01 03:30;4;10,25;6,25;4,875;2145;202;0;31,6
3617;2023.06.01 03:45;4;10,25;6;4,625;2144;202;0;31,6
3618;2023.06.01 04:00;4;10,1875;6;4,625;2146;202;0;31,6
3619;2023.06.01 04:15;4;10,1875;6;4,8125;2150;202;0;31,7
3620;2023.06.01 04:30;4;10,125;6;4,75;2151;202;0;31,7
3621;2023.06.01 04:45;4;10,125;6,0625;5;2149;202;0;31,7
3622;2023.06.01 05:00;4;10,125;6,25;5,3125;2165;202;0;32,0
3623;2023.06.01 05:15;4;10,0625;6,6875;5,9375;2189;202;0;32,4
3624;2023.06.01 05:30;4;10;7,0625;6,375;2161;202;0;31,9
3625;2023.06.01 05:45;4;10;7,375;6,875;2150;202;0;31,7
3626;2023.06.01 06:00;4;10;7,875;7,5625;2151;202;0;31,7
3627;2023.06.01 06:15;4;10;8,25;7,875;2152;202;0;31,7
3628;2023.06.01 06:30;4;10;8,625;8,375;2153;202;0;31,7
3629;2023.06.01 06:45;4;10;9;9;2154;202;0;31,8
3630;2023.06.01 07:00;4;10;9,1875;9,125;2155;202;0;31,8
3631;2023.06.01 07:15;4;10;9,4375;9,5;2155;202;0;31,8
3632;2023.06.01 07:30;4;9,9375;9,8125;10,125;2155;202;0;31,8
3633;2023.06.01 07:45;4;9,9375;10,5625;11,125;2156;202;0;31,8
3634;2023.06.01 08:00;4;10;10,9375;11,5;2156;202;0;31,8
3635;2023.06.01 08:15;4;10;11,5;12,4375;2156;202;0;31,8
3636;2023.06.01 08:30;4;10;11,875;12,8125;2156;202;0;31,8
3637;2023.06.01 08:45;4;10;12,25;13,25;2155;202;0;31,8
3638;2023.06.01 09:00;4;10;12,75;13,8125;2154;202;0;31,8
3639;2023.06.01 09:15;4;10;13,0625;14,25;2153;202;0;31,7
3640;2023.06.01 09:30;4;10;13,375;14,5;2152;202;0;31,7
3641;2023.06.01 09:45;4;10,0625;13,6875;15;2150;202;0;31,7
3642;2023.06.01 10:00;4;10,0625;14;15,25;2148;202;0;31,6
3643;2023.06.01 10:15;4;10,125;14,625;16,125;2148;202;0;31,6
3644;2023.06.01 10:30;4;10,125;15;16,375;2146;202;0;31,6
3645;2023.06.01 10:45;4;10,125;15,125;16,4375;2149;202;0;31,7
3646;2023.06.01 11:00;4;10,1875;15,3125;16,6875;2141;202;0;31,5
3647;2023.06.01 11:15;4;10,1875;15,625;17,125;2138;202;0;31,5
3648;2023.06.01 11:30;4;10,25;16;17,5;2136;202;0;31,4
3649;2023.06.01 11:45;4;10,25;17;18,4375;2135;202;0;31,4
3650;2023.06.01 12:00;4;10,25;17,625;18,875;2132;202;0;31,3
3651;2023.06.01 12:15;4;10,3125;19,25;19,5625;2133;202;0;31,4
3652;2023.06.01 12:30;4;10,375;18,25;19,125;2135;202;0;31,4
3653;2023.06.01 12:45;4;10,375;17,875;19;2127;202;0;31,2
3654;2023.06.01 13:00;4;10,5;17,875;19;2126;202;0;31,2
3655;2023.06.01 13:15;4;10,5;18,4375;19,75;2124;202;0;31,2
3656;2023.06.01 13:30;4;10,5;18,5;19,625;2123;202;0;31,2
3657;2023.06.01 13:45;4;10,5625;18,5;19,375;2123;202;0;31,2
3658;2023.06.01 14:00;4;10,625;19,625;20,125;2124;202;0;31,2
3659;2023.06.01 14:15;4;10,625;18,5;18,9375;2122;202;0;31,1
3660;2023.06.01 14:30;4;10,6875;18,125;18,875;2120;202;0;31,1
3661;2023.06.01 14:45;4;10,75;17,8125;18,5625;2119;202;0;31,1
3662;2023.06.01 15:00;4;10,75;18;18,9375;2119;202;0;31,1
3663;2023.06.01 15:15;4;10,75;18,125;19,0625;2118;202;0;31,1
3664;2023.06.01 15:30;4;10,8125;18,0625;19;2118;202;0;31,1
3665;2023.06.01 15:45;4;10,875;17,5;18,375;2117;202;0;31,1
3666;2023.06.01 16:00;4;10,875;17,25;18,25;2115;202;0;31,0
3667;2023.06.01 16:15;4;10,875;16,75;17,5625;2114;202;0;31,0
3668;2023.06.01 16:30;4;10,875;16,625;17,5;2114;202;0;31,0
3669;2023.06.01 16:45;4;10,875;16,25;17,125;2113;202;0;31,0
3670;2023.06.01 17:00;4;10,875;15,625;16,1875;2111;202;0;30,9
3671;2023.06.01 17:15;4;10,875;15;15,5;2110;202;0;30,9
3672;2023.06.01 17:30;4;10,875;14,625;15,0625;2108;202;0;30,9
3673;2023.06.01 17:45;4;10,875;14,25;14,6875;2107;202;0;30,9
3674;2023.06.01 18:00;4;10,875;14;14,4375;2107;202;0;30,9
3675;2023.06.01 18:15;4;10,875;13,5625;13,875;2105;202;0;30,8
3676;2023.06.01 18:30;4;10,875;13,375;13,6875;2105;202;0;30,8
3677;2023.06.01 18:45;4;10,875;13;13,25;2104;202;0;30,8
3678;2023.06.01 19:00;4;10,875;12,625;12,8125;2103;202;0;30,8
3679;2023.06.01 19:15;4;10,875;12,25;12,5;2102;202;0;30,8
3680;2023.06.01 19:30;4;10,875;12,125;12,3125;2102;202;0;30,8
3681;2023.06.01 19:45;4;10,8125;11,875;12,0625;2101;202;0;30,7
3682;2023.06.01 20:00;4;10,8125;11,625;11,6875;2101;202;0;30,7
3683;2023.06.01 20:15;4;10,75;11,25;11,25;2100;202;0;30,7
3684;2023.06.01 20:30;4;10,75;11;10,9375;2099;202;0;30,7
3685;2023.06.01 20:45;4;10,75;10,75;10,625;2098;202;0;30,7
3686;2023.06.01 21:00;4;10,75;10,4375;10,25;2098;202;0;30,7
3687;2023.06.01 21:15;4;10,6875;10,25;10,125;2097;202;0;30,7
3688;2023.06.01 21:30;4;10,6875;10,0625;9,875;2097;202;0;30,7
3689;2023.06.01 21:45;4;10,625;9,875;9,5625;2098;202;0;30,7
3690;2023.06.01 22:00;4;10,625;9,625;9,375;2098;202;0;30,7
3691;2023.06.01 22:15;4;10,625;9,625;9,375;2097;202;0;30,7
3692;2023.06.01 22:30;4;10,625;9,375;9,125;2098;202;0;30,7
3693;2023.06.01 22:45;4;10,5625;9,1875;8,75;2097;202;0;30,7
3694;2023.06.01 23:00;4;10,5;9;8,5;2097;202;0;30,7
3695;2023.06.01 23:15;4;10,5;8,875;8,375;2097;202;0;30,7
3696;2023.06.01 23:30;4;10,5;8,75;8,25;2098;202;0;30,7
3697;2023.06.01 23:45;4;10,5;8,5625;8,0625;2098;202;0;30,7
3698;2023.06.02 00:00;4;10,4375;8,4375;7,9375;2098;202;0;30,7
3699;2023.06.02 00:15;4;10,375;8,3125;7,75;2099;202;0;30,7
3700;2023.06.02 00:30;4;10,375;8,1875;7,625;2099;202;0;30,7
3701;2023.06.02 00:45;4;10,375;8,0625;7,5;2099;202;0;30,7
3702;2023.06.02 01:00;4;10,375;7,875;7,375;2100;202;0;30,7
3703;2023.06.02 01:15;4;10,3125;7,75;7,125;2100;202;0;30,7
3704;2023.06.02 01:30;4;10,25;7,625;6,875;2101;202;0;30,7
3705;2023.06.02 01:45;4;10,25;7,5;6,625;2101;202;0;30,7
3706;2023.06.02 02:00;4;10,25;7,1875;6,125;2103;202;0;30,8
3707;2023.06.02 02:15;4;10,25;7,125;6,1875;2102;202;0;30,8
3708;2023.06.02 02:30;4;10,1875;7,0625;6,25;2103;202;0;30,8
3709;2023.06.02 02:45;4;10,125;6,75;5,625;2104;202;0;30,8
3710;2023.06.02 03:00;4;10,125;6,5;5,3125;2105;202;0;30,8
3711;2023.06.02 03:15;4;10,125;6,25;4,9375;2105;202;0;30,8
3712;2023.06.02 03:30;4;10,125;6,0625;4,6875;2106;202;0;30,8
3713;2023.06.02 03:45;4;10,0625;5,875;4,5625;2107;202;0;30,9
3714;2023.06.02 04:00;4;10,0625;5,8125;4,5;2108;202;0;30,9
3715;2023.06.02 04:15;4;10;5,625;4,3125;2109;202;0;30,9
3716;2023.06.02 04:30;4;10;5,625;4,375;2111;202;0;30,9
3717;2023.06.02 04:45;4;10;5,875;4,875;2112;202;0;31,0
3718;2023.06.02 05:00;4;9,9375;6,0625;5,125;2114;202;0;31,0
3719;2023.06.02 05:15;4;9,875;6,25;5,25;2118;202;0;31,1
3720;2023.06.02 05:30;4;9,875;6,375;5,5;2118;202;0;31,1
3721;2023.06.02 05:45;4;9,875;6,5;5,6875;2121;202;0;31,1
3722;2023.06.02 06:00;4;9,875;6,75;6,125;2121;202;0;31,1
3723;2023.06.02 06:15;4;9,8125;7,125;6,625;2122;202;0;31,1
3724;2023.06.02 06:30;4;9,8125;7,375;6,9375;2123;202;0;31,2
3725;2023.06.02 06:45;4;9,75;7,75;7,5;2134;202;0;31,4
3726;2023.06.02 07:00;4;9,75;8,0625;7,9375;2134;202;0;31,4
3727;2023.06.02 07:15;4;9,75;8,4375;8,375;2124;202;0;31,2
3728;2023.06.02 07:30;4;9,75;9;9,375;2143;202;0;31,6
3729;2023.06.02 07:45;4;9,75;10;10,5;2121;202;0;31,1
3730;2023.06.02 08:00;4;9,75;10,375;10,875;2121;202;0;31,1
3731;2023.06.02 08:15;4;9,75;10,75;11,5625;2121;202;0;31,1
3732;2023.06.02 08:30;4;9,75;11,125;12;2121;202;0;31,1
3733;2023.06.02 08:45;4;9,75;11,5;12,375;2121;202;0;31,1
3734;2023.06.02 09:00;4;9,8125;12;13,0625;2121;202;0;31,1
3735;2023.06.02 09:15;4;9,8125;12,375;13,5;2120;202;0;31,1
3736;2023.06.02 09:30;4;9,875;12,75;14;2119;202;0;31,1
3737;2023.06.02 09:45;4;9,875;13,25;14,625;2117;202;0;31,1
3738;2023.06.02 10:00;4;9,875;13,625;15,1875;2119;202;0;31,1
3739;2023.06.02 10:15;4;9,875;14,4375;16,0625;2117;202;0;31,1
3740;2023.06.02 10:30;4;9,875;14,875;16,5;2113;202;0;31,0
3741;2023.06.02 10:45;4;9,9375;15,125;16,6875;2112;202;0;31,0
3742;2023.06.02 11:00;4;10;15,375;16,9375;2110;202;0;30,9
3743;2023.06.02 11:15;4;10;15,625;17,1875;2108;202;0;30,9
3744;2023.06.02 11:30;4;10;15,8125;17,375;2106;202;0;30,8
3745;2023.06.02 11:45;4;10,0625;16,875;18,1875;2105;202;0;30,8
3746;2023.06.02 12:00;4;10,125;17,625;19,25;2101;202;0;30,7
3747;2023.06.02 12:15;4;10,125;19,125;19,6875;2101;202;0;30,7
3748;2023.06.02 12:30;4;10,125;18,375;19,625;2097;202;0;30,7
3749;2023.06.02 12:45;4;10,25;17,9375;19,125;2093;202;0;30,6
3750;2023.06.02 13:00;4;10,25;18,125;19,5625;2093;202;0;30,6
3751;2023.06.02 13:15;4;10,25;18,625;20,0625;2092;202;0;30,6
3752;2023.06.02 13:30;4;10,375;18,875;20,375;2093;202;0;30,6
3753;2023.06.02 13:45;4;10,375;18,8125;20,125;2093;202;0;30,6
3754;2023.06.02 14:00;4;10,375;19,875;20,875;2098;202;0;30,7
3755;2023.06.02 14:15;4;10,4375;19,4375;20,5;2103;202;0;30,8
3756;2023.06.02 14:30;4;10,5;19,375;20,6875;2106;202;0;30,8
3757;2023.06.02 14:45;4;10,5;19,75;21,25;2108;202;0;30,9
3758;2023.06.02 15:00;4;10,5625;19,5;20,875;2108;202;0;30,9
3759;2023.06.02 15:15;4;10,625;19,375;20,375;2109;202;0;30,9
3760;2023.06.02 15:30;4;10,625;19,1875;19,875;2108;202;0;30,9
3761;2023.06.02 15:45;4;10,625;18,375;19,1875;2107;202;0;30,9
3762;2023.06.02 16:00;4;10,6875;18,125;19,125;2100;202;0;30,7
3763;2023.06.02 16:15;4;10,75;17,875;19;2097;202;0;30,7
3764;2023.06.02 16:30;4;10,75;17,625;18,625;2100;202;0;30,7
3765;2023.06.02 16:45;4;10,75;17,4375;18,5;2094;202;0;30,6
3766;2023.06.02 17:00;4;10,75;16,9375;17,8125;2088;202;0;30,5
3767;2023.06.02 17:15;4;10,75;16,5;17,25;2089;202;0;30,5
3768;2023.06.02 17:30;4;10,75;16,3125;17,25;2087;202;0;30,5
3769;2023.06.02 17:45;4;10,8125;15,875;16,625;2086;202;0;30,5
3770;2023.06.02 18:00;4;10,8125;15,5625;16,375;2086;202;0;30,5
3771;2023.06.02 18:15;4;10,8125;15,375;16,25;2086;202;0;30,5
3772;2023.06.02 18:30;4;10,8125;14,75;15,375;2084;202;0;30,4
3773;2023.06.02 18:45;4;10,8125;14,25;14,8125;2082;202;0;30,4
3774;2023.06.02 19:00;4;10,8125;13,75;14,25;2079;202;0;30,3
3775;2023.06.02 19:15;4;10,75;13,375;13,875;2078;202;0;30,3
3776;2023.06.02 19:30;4;10,75;13,125;13,5;2077;202;0;30,3
3777;2023.06.02 19:45;4;10,75;12,75;13,125;2077;202;0;30,3
3778;2023.06.02 20:00;4;10,75;12,5;12,875;2075;202;0;30,2
3779;2023.06.02 20:15;4;10,75;12,1875;12,375;2075;202;0;30,2
3780;2023.06.02 20:30;4;10,75;11,8125;11,875;2074;202;0;30,2
3781;2023.06.02 20:45;4;10,75;11,3125;11,125;2073;202;0;30,2
3782;2023.06.02 21:00;4;10,6875;10,875;10,625;2072;202;0;30,2
3783;2023.06.02 21:15;4;10,625;10,5;10,25;2075;202;0;30,2
3784;2023.06.02 21:30;4;10,625;10,25;10;2074;202;0;30,2
3785;2023.06.02 21:45;4;10,625;10,0625;9,75;2069;202;0;30,1
3786;2023.06.02 22:00;4;10,625;9,875;9,625;2073;202;0;30,2
3787;2023.06.02 22:15;4;10,5625;9,6875;9,375;2073;202;0;30,2
3788;2023.06.02 22:30;4;10,5;9,5;9,125;2072;202;0;30,2
3789;2023.06.02 22:45;4;10,5;9,25;8,75;2074;202;0;30,2
3790;2023.06.02 23:00;4;10,5;9;8,4375;2072;202;0;30,2
3791;2023.06.02 23:15;4;10,5;8,75;8,0625;2072;202;0;30,2
3792;2023.06.02 23:30;4;10,4375;8,5;7,75;2072;202;0;30,2
3793;2023.06.02 23:45;4;10,375;8,1875;7,375;2073;202;0;30,2
3794;2023.06.03 00:00;4;10,375;8;7,25;2074;202;0;30,2
3795;2023.06.03 00:15;4;10,375;7,75;6,875;2075;202;0;30,2
3796;2023.06.03 00:30;4;10,3125;7,5625;6,6875;2074;202;0;30,2
3797;2023.06.03 00:45;4;10,25;7,3125;6,25;2077;202;0;30,3
3798;2023.06.03 01:00;4;10,25;7;5,875;2079;202;0;30,3
3799;2023.06.03 01:15;4;10,25;6,8125;5,75;2086;202;0;30,5
3800;2023.06.03 01:30;4;10,25;6,75;5,6875;2086;202;0;30,5
3801;2023.06.03 01:45;4;10,1875;6,5;5,5;2086;202;0;30,5
3802;2023.06.03 02:00;4;10,125;6,25;5,125;2094;202;0;30,6
3803;2023.06.03 02:15;4;10,125;6,125;4,875;2092;202;0;30,6
3804;2023.06.03 02:30;4;10,125;5,875;4,6875;2092;202;0;30,6
3805;2023.06.03 02:45;4;10,0625;5,875;4,75;2103;202;0;30,8
3806;2023.06.03 03:00;4;10;5,75;4,625;2098;202;0;30,7
3807;2023.06.03 03:15;4;10;5,625;4,4375;2086;202;0;30,5
3808;2023.06.03 03:30;4;10;5,6875;4,5;2095;202;0;30,6
3809;2023.06.03 03:45;4;9,9375;5,5;4,1875;2109;202;0;30,9
3810;2023.06.03 04:00;4;9,875;5,5;4,375;2117;202;0;31,1
3811;2023.06.03 04:15;4;9,875;5,625;4,5;2122;202;0;31,1
3812;2023.06.03 04:30;4;9,875;5,5;4,375;2133;202;0;31,4
3813;2023.06.03 04:45;4;9,8125;5,75;4,875;2097;202;0;30,7
3814;2023.06.03 05:00;4;9,75;6;5,25;2085;202;0;30,4
3815;2023.06.03 05:15;4;9,75;6,4375;5,875;2086;202;0;30,5
3816;2023.06.03 05:30;4;9,75;6,9375;6,5;2112;202;0;31,0
3817;2023.06.03 05:45;4;9,75;7,375;7,125;2090;202;0;30,5
3818;2023.06.03 06:00;4;9,75;7,8125;7,75;2086;202;0;30,5
3819;2023.06.03 06:15;4;9,75;8,25;8,25;2085;202;0;30,4
3820;2023.06.03 06:30;4;9,6875;8,625;8,75;2084;202;0;30,4
3821;2023.06.03 06:45;4;9,6875;8,875;9,125;2083;202;0;30,4
3822;2023.06.03 07:00;4;9,6875;9,25;9,5625;2083;202;0;30,4
3823;2023.06.03 07:15;4;9,6875;9,625;10,1875;2087;202;0;30,5
3824;2023.06.03 07:30;4;9,6875;10,125;10,875;2087;202;0;30,5
3825;2023.06.03 07:45;4;9,6875;11,3125;12,3125;2091;202;0;30,5
3826;2023.06.03 08:00;4;9,6875;11,75;12,875;2086;202;0;30,5
3827;2023.06.03 08:15;4;9,75;12,3125;13,625;2085;202;0;30,4
3828;2023.06.03 08:30;4;9,75;12,75;14,125;2083;202;0;30,4
3829;2023.06.03 08:45;4;9,75;13,25;14,875;2081;202;0;30,4
3830;2023.06.03 09:00;4;9,75;13,875;15,75;2081;202;0;30,4
3831;2023.06.03 09:15;4;9,75;14,3125;16,125;2077;202;0;30,3
3832;2023.06.03 09:30;4;9,875;14,6875;16,5625;2075;202;0;30,2
3833;2023.06.03 09:45;4;9,875;15,125;16,875;2074;202;0;30,2
3834;2023.06.03 10:00;4;9,875;15,375;17,25;2072;202;0;30,2
3835;2023.06.03 10:15;4;9,875;16,25;18;2072;202;0;30,2
3836;2023.06.03 10:30;4;9,9375;16,75;18,625;2071;202;0;30,2
3837;2023.06.03 10:45;4;10;17;19;2069;202;0;30,1
3838;2023.06.03 11:00;4;10;17,25;19,25;2066;202;0;30,1
3839;2023.06.03 11:15;4;10;17,5;19,6875;2064;202;0;30,0
3840;2023.06.03 11:30;4;10,0625;17,9375;20,125;2063;202;0;30,0
3841;2023.06.03 11:45;4;10,125;19,0625;21;2063;202;0;30,0
3842;2023.06.03 12:00;4;10,125;19,6875;21,375;2062;202;0;30,0
3843;2023.06.03 12:15;4;10,1875;20,5625;21,5625;2063;202;0;30,0
3844;2023.06.03 12:30;4;10,25;19,875;21,25;2061;202;0;30,0
3845;2023.06.03 12:45;4;10,25;19,5;21;2059;202;0;29,9
3846;2023.06.03 13:00;4;10,3125;19,9375;21,6875;2059;202;0;29,9
3847;2023.06.03 13:15;4;10,375;20,1875;21,875;2059;202;0;29,9
3848;2023.06.03 13:30;4;10,375;20,25;22;2059;202;0;29,9
3849;2023.06.03 13:45;4;10,4375;20,3125;21,875;2058;202;0;29,9
3850;2023.06.03 14:00;4;10,5;21,25;22,5;2060;202;0;29,9
3851;2023.06.03 14:15;4;10,5;20,875;22,4375;2057;202;0;29,9
3852;2023.06.03 14:30;4;10,5625;20,75;22;2056;202;0;29,9
3853;2023.06.03 14:45;4;10,625;21,0625;22,25;2056;202;0;29,9
3854;2023.06.03 15:00;4;10,625;20,625;21,9375;2055;202;0;29,8
3855;2023.06.03 15:15;4;10,6875;20,625;22;2054;202;0;29,8
3856;2023.06.03 15:30;4;10,75;20,75;21,9375;2054;202;0;29,8
3857;2023.06.03 15:45;4;10,75;20;21,3125;2052;202;0;29,8
3858;2023.06.03 16:00;4;10,75;19,5625;21;2051;202;0;29,8
3859;2023.06.03 16:15;4;10,8125;19,1875;20,625;2049;202;0;29,7
3860;2023.06.03 16:30;4;10,8125;18,8125;20,125;2048;202;0;29,7
3861;2023.06.03 16:45;4;10,875;18,5;19,875;2047;202;0;29,7
3862;2023.06.03 17:00;4;10,875;18,25;19,625;2046;202;0;29,7
3863;2023.06.03 17:15;4;10,875;17,875;19,25;2045;202;0;29,7
3864;2023.06.03 17:30;4;10,875;17,625;19;2044;202;0;29,6
3865;2023.06.03 17:45;4;10,875;17,3125;18,625;2044;202;0;29,6
3866;2023.06.03 18:00;4;10,875;17;18,125;2042;202;0;29,6
3867;2023.06.03 18:15;4;10,875;16,625;17,75;2042;202;0;29,6
3868;2023.06.03 18:30;4;10,875;16,25;17,375;2040;202;0;29,6
3869;2023.06.03 18:45;4;10,875;15,75;16,625;2039;202;0;29,5
3870;2023.06.03 19:00;4;10,875;15,375;16,1875;2039;202;0;29,5
3871;2023.06.03 19:15;4;10,875;14,9375;15,6875;2046;202;0;29,7
3872;2023.06.03 19:30;4;10,875;14,625;15,375;2058;202;0;29,9
3873;2023.06.03 19:45;4;10,875;14,1875;14,75;2035;202;0;29,5
3874;2023.06.03 20:00;4;10,875;13,8125;14,3125;2034;202;0;29,4
3875;2023.06.03 20:15;4;10,8125;13,5;13,875;2033;202;0;29,4
3876;2023.06.03 20:30;4;10,8125;13,125;13,5;2032;202;0;29,4
3877;2023.06.03 20:45;4;10,75;12,875;13,3125;2031;202;0;29,4
3878;2023.06.03 21:00;4;10,75;12,5;12,75;2030;202;0;29,4
3879;2023.06.03 21:15;4;10,75;11,9375;11,875;2028;202;0;29,3
3880;2023.06.03 21:30;4;10,75;11,5;11,5;2027;202;0;29,3
3881;2023.06.03 21:45;4;10,75;11,3125;11,25;2026;202;0;29,3
3882;2023.06.03 22:00;4;10,6875;11,125;11,0625;2026;202;0;29,3
3883;2023.06.03 22:15;4;10,625;10,9375;10,875;2025;202;0;29,3
3884;2023.06.03 22:30;4;10,625;10,75;10,75;2025;202;0;29,3
3885;2023.06.03 22:45;4;10,625;10,875;11,0625;2025;202;0;29,3
3886;2023.06.03 23:00;4;10,625;10,6875;10,625;2024;202;0;29,2
3887;2023.06.03 23:15;4;10,5625;10,375;10,1875;2023;202;0;29,2
3888;2023.06.03 23:30;4;10,5625;10;9,6875;2023;202;0;29,2
3889;2023.06.03 23:45;4;10,5;9,75;9,375;2022;202;0;29,2
3890;2023.06.04 00:00;4;10,5;9,5;9,125;2022;202;0;29,2
3891;2023.06.04 00:15;4;10,5;9,25;8,75;2021;202;0;29,2
3892;2023.06.04 00:30;4;10,5;9;8,5;2021;202;0;29,2
3893;2023.06.04 00:45;4;10,4375;8,625;8;2021;202;0;29,2
3894;2023.06.04 01:00;4;10,375;8,5;7,9375;2021;202;0;29,2
3895;2023.06.04 01:15;4;10,375;8,25;7,5625;2021;202;0;29,2
3896;2023.06.04 01:30;4;10,375;8;7,25;2021;202;0;29,2
3897;2023.06.04 01:45;4;10,3125;7,875;7,125;2021;202;0;29,2
3898;2023.06.04 02:00;4;10,3125;7,75;7,0625;2021;202;0;29,2
3899;2023.06.04 02:15;4;10,25;7,875;7,3125;2022;202;0;29,2
3900;2023.06.04 02:30;4;10,25;8;7,5;2024;202;0;29,2
3901;2023.06.04 02:45;4;10,25;7,875;7,3125;2023;202;0;29,2
3902;2023.06.04 03:00;4;10,1875;7,875;7,25;2023;202;0;29,2
3903;2023.06.04 03:15;4;10,1875;7,75;7,125;2023;202;0;29,2
3904;2023.06.04 03:30;4;10,125;7,6875;7,0625;2023;202;0;29,2
3905;2023.06.04 03:45;4;10,125;7,625;7;2023;202;0;29,2
3906;2023.06.04 04:00;4;10,125;7,5625;6,875;2024;202;0;29,2
3907;2023.06.04 04:15;4;10,125;7,4375;6,75;2025;202;0;29,3
3908;2023.06.04 04:30;4;10,0625;7,4375;6,8125;2033;202;0;29,4
3909;2023.06.04 04:45;4;10;7,75;7,375;2026;202;0;29,3
3910;2023.06.04 05:00;4;10;8,0625;7,8125;2026;202;0;29,3
3911;2023.06.04 05:15;4;10;8,375;8,3125;2027;202;0;29,3
3912;2023.06.04 05:30;4;10;8,875;8,875;2028;202;0;29,3
3913;2023.06.04 05:45;4;10;9,25;9,5;2029;202;0;29,3
3914;2023.06.04 06:00;4;10;9,625;10;2029;202;0;29,3
3915;2023.06.04 06:15;4;10;9,875;10,25;2029;202;0;29,3
3916;2023.06.04 06:30;4;10;10,3125;10,875;2030;202;0;29,4
3917;2023.06.04 06:45;4;10;10,75;11,5;2030;202;0;29,4
3918;2023.06.04 07:00;4;10;11,25;12,0625;2030;202;0;29,4
3919;2023.06.04 07:15;4;10;11,625;12,6875;2029;202;0;29,3
3920;2023.06.04 07:30;4;10;12,125;13,375;2029;202;0;29,3
3921;2023.06.04 07:45;4;10;13,125;14,375;2029;202;0;29,3
3922;2023.06.04 08:00;4;10;13,625;14,75;2028;202;0;29,3
3923;2023.06.04 08:15;4;10;14;15,25;2027;202;0;29,3
3924;2023.06.04 08:30;4;10;14,375;16;2025;202;0;29,3
3925;2023.06.04 08:45;4;10,0625;14,625;16,0625;2024;202;0;29,2
3926;2023.06.04 09:00;4;10,125;15;16,6875;2022;202;0;29,2
3927;2023.06.04 09:15;4;10,125;15,4375;17,25;2021;202;0;29,2
3928;2023.06.04 09:30;4;10,125;15,75;17,375;2020;202;0;29,2
3929;2023.06.04 09:45;4;10,125;16,125;17,6875;2019;202;0;29,1
3930;2023.06.04 10:00;4;10,1875;16,375;17,875;2019;202;0;29,1
3931;2023.06.04 10:15;4;10,25;16,625;18;2019;202;0;29,1
3932;2023.06.04 10:30;4;10,25;17;18,3125;2018;202;0;29,1
3933;2023.06.04 10:45;4;10,25;17,25;18,75;2018;202;0;29,1
3934;2023.06.04 11:00;4;10,3125;17,125;18,3125;2017;202;0;29,1
3935;2023.06.04 11:15;4;10,375;17,1875;18,5;2017;202;0;29,1
3936;2023.06.04 11:30;4;10,375;17,5625;18,75;2017;202;0;29,1
3937;2023.06.04 11:45;4;10,375;18,5;19,75;2018;202;0;29,1
3938;2023.06.04 12:00;4;10,4375;18,25;19,0625;2017;202;0;29,1
3939;2023.06.04 12:15;4;10,5;18,1875;19,125;2017;202;0;29,1
3940;2023.06.04 12:30;4;10,5;18,5;19,75;2016;202;0;29,1
3941;2023.06.04 12:45;4;10,5;18,625;19,625;2016;202;0;29,1
3942;2023.06.04 13:00;4;10,625;18,25;18,875;2015;202;0;29,1
3943;2023.06.04 13:15;4;10,625;18,875;19,9375;2015;202;0;29,1
3944;2023.06.04 13:30;4;10,625;19,125;20,25;2015;202;0;29,1
3945;2023.06.04 13:45;4;10,6875;18,75;19,375;2014;202;0;29,0
3946;2023.06.04 14:00;4;10,75;19,25;19,875;2014;202;0;29,0
3947;2023.06.04 14:15;4;10,75;19,0625;19,875;2014;202;0;29,0
3948;2023.06.04 14:30;4;10,75;18,875;19,5;2013;202;0;29,0
3949;2023.06.04 14:45;4;10,8125;19,375;20;2013;202;0;29,0
3950;2023.06.04 15:00;4;10,875;19,125;19,875;2013;202;0;29,0
3951;2023.06.04 15:15;4;10,875;18,6875;19,0625;2012;202;0;29,0
3952;2023.06.04 15:30;4;10,875;18,3125;19;2010;202;0;29,0
3953;2023.06.04 15:45;4;10,9375;18;18,75;2009;202;0;29,0
3954;2023.06.04 16:00;4;10,9375;17,6875;18,625;2008;202;0;28,9
3955;2023.06.04 16:15;4;11;17,375;18,5;2007;202;0;28,9
3956;2023.06.04 16:30;4;11;17,5625;18,75;2007;202;0;28,9
3957;2023.06.04 16:45;4;11;17,625;19;2006;202;0;28,9
3958;2023.06.04 17:00;4;11;17,4375;18,5625;2006;202;0;28,9
3959;2023.06.04 17:15;4;11;17,5;18,75;2005;202;0;28,9
3960;2023.06.04 17:30;4;11;17,25;18,4375;2004;202;0;28,9
3961;2023.06.04 17:45;4;11;16,875;17,75;2004;202;0;28,9
3962;2023.06.04 18:00;4;11;16,5;17,3125;2002;202;0;28,8
3963;2023.06.04 18:15;4;11;16,125;17;2001;202;0;28,8
3964;2023.06.04 18:30;4;11;15,875;16,625;2000;202;0;28,8
3965;2023.06.04 18:45;4;11;15,375;16,125;2018;202;0;29,1
3966;2023.06.04 19:00;4;11;15;15,625;1998;202;0;28,7
3967;2023.06.04 19:15;4;11;14,5;15;1997;202;0;28,7
3968;2023.06.04 19:30;4;11;14;14,4375;1995;202;0;28,7
3969;2023.06.04 19:45;4;11;13,625;14;1994;202;0;28,7
3970;2023.06.04 20:00;4;11;13,1875;13,375;1993;202;0;28,6
3971;2023.06.04 20:15;4;11;12,9375;13,125;1993;202;0;28,6
3972;2023.06.04 20:30;4;11;12,625;12,875;1992;202;0;28,6
3973;2023.06.04 20:45;4;10,9375;12,375;12,625;1991;202;0;28,6
3974;2023.06.04 21:00;4;10,9375;12,125;12,25;1990;202;0;28,6
3975;2023.06.04 21:15;4;10,875;11,875;12;1989;202;0;28,6
3976;2023.06.04 21:30;4;10,875;11,625;11,5625;1989;202;0;28,6
3977;2023.06.04 21:45;4;10,875;11,25;11,125;1988;202;0;28,5
3978;2023.06.04 22:00;4;10,875;10,8125;10,5;1987;202;0;28,5
3979;2023.06.04 22:15;4;10,8125;10,3125;9,8125;1986;202;0;28,5
3980;2023.06.04 22:30;4;10,8125;10;9,5;1985;202;0;28,5
3981;2023.06.04 22:45;4;10,75;9,625;9,125;1985;202;0;28,5
3982;2023.06.04 23:00;4;10,75;9,375;8,8125;1985;202;0;28,5
3983;2023.06.04 23:15;4;10,75;9,25;8,8125;1984;202;0;28,5
3984;2023.06.04 23:30;4;10,6875;9,125;8,625;1984;202;0;28,5
3985;2023.06.04 23:45;4;10,625;8,9375;8,375;1984;202;0;28,5
3986;2023.06.05 00:00;4;10,625;8,6875;7,9375;1984;202;0;28,5
3987;2023.06.05 00:15;4;10,625;8,5;7,6875;1984;202;0;28,5
3988;2023.06.05 00:30;4;10,625;8,375;7,625;1984;202;0;28,5
3989;2023.06.05 00:45;4;10,5;8,25;7,5;1984;202;0;28,5
3990;2023.06.05 01:00;4;10,5;8,125;7,3125;1984;202;0;28,5
3991;2023.06.05 01:15;4;10,5;8;7,1875;1985;202;0;28,5
3992;2023.06.05 01:30;4;10,5;7,875;7;1985;202;0;28,5
3993;2023.06.05 01:45;4;10,4375;7,875;7,25;1986;202;0;28,5
3994;2023.06.05 02:00;4;10,375;7,8125;7,125;1986;202;0;28,5
3995;2023.06.05 02:15;4;10,375;7,8125;7,125;1987;202;0;28,5
3996;2023.06.05 02:30;4;10,375;7,625;6,75;1987;202;0;28,5
3997;2023.06.05 02:45;4;10,375;7,5;6,625;1987;202;0;28,5
3998;2023.06.05 03:00;4;10,3125;7,5;6,75;1988;202;0;28,5
3999;2023.06.05 03:15;4;10,25;7,375;6,625;1988;202;0;28,5
4000;2023.06.05 03:30;4;10,25;7,375;6,625;1988;202;0;28,5
4001;2023.06.05 03:45;4;10,25;7,25;6,4375;1990;202;0;28,6
4002;2023.06.05 04:00;4;10,25;7,25;6,4375;1990;202;0;28,6
4003;2023.06.05 04:15;4;10,1875;7,25;6,5625;1990;202;0;28,6
4004;2023.06.05 04:30;4;10,1875;7,375;6,75;1991;202;0;28,6
4005;2023.06.05 04:45;4;10,125;7,5;7;1992;202;0;28,6
4006;2023.06.05 05:00;4;10,125;7,8125;7,4375;1992;202;0;28,6
4007;2023.06.05 05:15;4;10,125;8,25;8,125;1993;202;0;28,6
4008;2023.06.05 05:30;4;10,125;8,625;8,625;1994;202;0;28,7
4009;2023.06.05 05:45;4;10,125;9;9,0625;1995;202;0;28,7
4010;2023.06.05 06:00;4;10,125;9,375;9,5;1996;202;0;28,7
4011;2023.06.05 06:15;4;10,0625;9,625;9,75;1996;202;0;28,7
4012;2023.06.05 06:30;4;10,0625;9,875;10,1875;1997;202;0;28,7
4013;2023.06.05 06:45;4;10,0625;10,25;10,625;1997;202;0;28,7
4014;2023.06.05 07:00;4;10,0625;10,5625;11,125;2023;202;0;29,2
4015;2023.06.05 07:15;4;10,0625;11;11,625;2001;202;0;28,8
4016;2023.06.05 07:30;4;10,0625;11,5;12,375;2012;202;0;29,0
4017;2023.06.05 07:45;4;10,125;12,375;13,375;2034;202;0;29,4
4018;2023.06.05 08:00;4;10,125;12,875;13,75;2082;202;0;30,4
4019;2023.06.05 08:15;4;10,125;13,375;14,375;2080;202;0;30,3
4020;2023.06.05 08:30;4;10,125;13,5625;14,75;2080;202;0;30,3
4021;2023.06.05 08:45;4;10,125;13,9375;15,25;2079;202;0;30,3
4022;2023.06.05 09:00;4;10,1875;14,5;16;2077;202;0;30,3
4023;2023.06.05 09:15;4;10,25;14,875;16,3125;2076;202;0;30,3
4024;2023.06.05 09:30;4;10,25;15,125;16,25;2065;202;0;30,0
4025;2023.06.05 09:45;4;10,25;15,3125;16,5;2065;202;0;30,0
4026;2023.06.05 10:00;4;10,25;15,5625;16,6875;2066;202;0;30,1
4027;2023.06.05 10:15;4;10,3125;16;17;2067;202;0;30,1
4028;2023.06.05 10:30;4;10,375;15,875;16,875;2067;202;0;30,1
4029;2023.06.05 10:45;4;10,375;15,875;17;2080;202;0;30,3
4030;2023.06.05 11:00;4;10,375;16,375;17,75;2075;202;0;30,2
4031;2023.06.05 11:15;4;10,4375;16,8125;18,125;2073;202;0;30,2
4032;2023.06.05 11:30;4;10,5;17,625;18,875;2074;202;0;30,2
4033;2023.06.05 11:45;4;10,5;17,125;17,8125;2069;202;0;30,1
4034;2023.06.05 12:00;4;10,5;17;17,8125;2067;202;0;30,1
4035;2023.06.05 12:15;4;10,5625;16,75;17,5;2030;202;0;29,4
4036;2023.06.05 12:30;4;10,625;16,75;17,625;1989;202;0;28,6
4037;2023.06.05 12:45;4;10,625;17,0625;17,875;1983;202;0;28,4
4038;2023.06.05 13:00;4;10,625;17,9375;18,875;1985;202;0;28,5
4039;2023.06.05 13:15;4;10,6875;18,125;19,125;1981;202;0;28,4
4040;2023.06.05 13:30;4;10,75;17,75;18,625;1980;202;0;28,4
4041;2023.06.05 13:45;4;10,75;17,875;18,8125;1980;202;0;28,4
4042;2023.06.05 14:00;4;10,75;18,4375;19,4375;1981;202;0;28,4
4043;2023.06.05 14:15;4;10,8125;18,5625;19,375;1981;202;0;28,4
4044;2023.06.05 14:30;4;10,875;18,625;19,5;1981;202;0;28,4
4045;2023.06.05 14:45;4;10,875;18,875;19,5;1979;202;0;28,4
4046;2023.06.05 15:00;4;10,875;18,125;18,625;1978;202;0;28,3
4047;2023.06.05 15:15;4;10,9375;19;19,5;1978;202;0;28,3
4048;2023.06.05 15:30;4;11;18,5;19;1977;202;0;28,3
4049;2023.06.05 15:45;4;11;18,375;19,1875;1976;202;0;28,3
4050;2023.06.05 16:00;4;11;17,5;18,125;1975;202;0;28,3
4051;2023.06.05 16:15;4;11,0625;17;17,625;1973;202;0;28,2
4052;2023.06.05 16:30;4;11,0625;16,9375;17,75;1971;202;0;28,2
4053;2023.06.05 16:45;4;11,125;16,5;17,125;1970;202;0;28,2
4054;2023.06.05 17:00;4;11,125;16,125;16,75;1969;202;0;28,2
4055;2023.06.05 17:15;4;11,125;16;16,75;1969;202;0;28,2
4056;2023.06.05 17:30;4;11,125;15,875;16,75;1968;202;0;28,1
4057;2023.06.05 17:45;4;11,125;15,9375;16,875;1967;202;0;28,1
4058;2023.06.05 18:00;4;11,125;16,125;17,25;1967;202;0;28,1
4059;2023.06.05 18:15;4;11,125;16,0625;17,125;1967;202;0;28,1
4060;2023.06.05 18:30;4;11,125;15,875;16,875;1965;202;0;28,1
4061;2023.06.05 18:45;4;11,125;15,5;16,375;1964;202;0;28,1
4062;2023.06.05 19:00;4;11,125;15,125;15,8125;1962;202;0;28,0
4063;2023.06.05 19:15;4;11,125;14,75;15,375;1961;202;0;28,0
4064;2023.06.05 19:30;4;11,125;14,4375;15;1960;202;0;28,0
4065;2023.06.05 19:45;4;11,125;14;14,375;1959;202;0;28,0
4066;2023.06.05 20:00;4;11,125;13,6875;14,125;1957;202;0;27,9
4067;2023.06.05 20:15;4;11,125;13,4375;13,875;1956;202;0;27,9
4068;2023.06.05 20:30;4;11,0625;13,0625;13,375;1955;202;0;27,9
4069;2023.06.05 20:45;4;11,0625;12,625;12,75;1954;202;0;27,9
4070;2023.06.05 21:00;4;11;12,25;12,25;1953;202;0;27,9
4071;2023.06.05 21:15;4;11;11,875;11,875;1952;202;0;27,8
4072;2023.06.05 21:30;4;11;11,5;11,375;1951;202;0;27,8
4073;2023.06.05 21:45;4;11;11,25;11,125;1950;202;0;27,8
4074;2023.06.05 22:00;4;11;11;10,875;1949;202;0;27,8
4075;2023.06.05 22:15;4;10,9375;10,75;10,5;1949;202;0;27,8
4076;2023.06.05 22:30;4;10,875;10,375;10,0625;1948;202;0;27,8
4077;2023.06.05 22:45;4;10,875;10,125;9,75;1947;202;0;27,7
4078;2023.06.05 23:00;4;10,875;10;9,625;1945;202;0;27,7
4079;2023.06.05 23:15;4;10,875;9,75;9,375;1944;202;0;27,7
4080;2023.06.05 23:30;4;10,8125;9,5;8,9375;1942;202;0;27,6
4081;2023.06.05 23:45;4;10,75;9,25;8,5625;1942;202;0;27,6
4082;2023.06.06 00:00;4;10,75;9,125;8,5;1941;202;0;27,6
4083;2023.06.06 00:15;4;10,75;8,875;8,375;1940;202;0;27,6
4084;2023.06.06 00:30;4;10,75;8,75;8,0625;1940;202;0;27,6
4085;2023.06.06 00:45;4;10,6875;8,625;8,0625;1940;202;0;27,6
4086;2023.06.06 01:00;4;10,625;8,5;7,875;1940;202;0;27,6
4087;2023.06.06 01:15;4;10,625;8,375;7,6875;1939;202;0;27,6
4088;2023.06.06 01:30;4;10,625;8,125;7,375;1939;202;0;27,6
4089;2023.06.06 01:45;4;10,5625;7,9375;7,125;1943;202;0;27,7
4090;2023.06.06 02:00;4;10,5;7,75;7;1942;202;0;27,6
4091;2023.06.06 02:15;4;10,5;7,75;7;1941;202;0;27,6
4092;2023.06.06 02:30;4;10,5;7,625;6,875;1944;202;0;27,7
4093;2023.06.06 02:45;4;10,5;7,5;6,6875;1941;202;0;27,6
4094;2023.06.06 03:00;4;10,4375;7,1875;6,25;1940;202;0;27,6
4095;2023.06.06 03:15;4;10,375;7;6,125;1940;202;0;27,6
4096;2023.06.06 03:30;4;10,375;6,9375;6;1940;202;0;27,6
4097;2023.06.06 03:45;4;10,375;6,875;6;1940;202;0;27,6
4098;2023.06.06 04:00;4;10,375;6,75;5,8125;1942;202;0;27,6
4099;2023.06.06 04:15;4;10,3125;6,625;5,625;1941;202;0;27,6
4100;2023.06.06 04:30;4;10,25;6,75;5,875;1942;202;0;27,6
4101;2023.06.06 04:45;4;10,25;7,25;6,625;1943;202;0;27,7
4102;2023.06.06 05:00;4;10,25;7,6875;7,25;1951;202;0;27,8
4103;2023.06.06 05:15;4;10,25;8,0625;7,75;1947;202;0;27,7
4104;2023.06.06 05:30;4;10,1875;8,25;7,875;1946;202;0;27,7
4105;2023.06.06 05:45;4;10,1875;8,5625;8,375;1947;202;0;27,7
4106;2023.06.06 06:00;4;10,125;8,75;8,625;1947;202;0;27,7
4107;2023.06.06 06:15;4;10,125;9;8,75;1946;202;0;27,7
4108;2023.06.06 06:30;4;10,125;9,125;9;1945;202;0;27,7
4109;2023.06.06 06:45;4;10,125;9,25;9,1875;1945;202;0;27,7
4110;2023.06.06 07:00;4;10,125;9,4375;9,375;1946;202;0;27,7
4111;2023.06.06 07:15;4;10,125;9,625;9,625;1945;202;0;27,7
4112;2023.06.06 07:30;4;10,125;9,75;9,875;1945;202;0;27,7
4113;2023.06.06 07:45;4;10,125;9,9375;10;1945;202;0;27,7
4114;2023.06.06 08:00;4;10,125;10,0625;10,125;1945;202;0;27,7
4115;2023.06.06 08:15;4;10,125;10,1875;10,375;1948;202;0;27,8
4116;2023.06.06 08:30;4;10,125;10,4375;10,6875;1947;202;0;27,7
4117;2023.06.06 08:45;4;10,125;10,75;11,0625;1948;202;0;27,8
4118;2023.06.06 09:00;4;10,125;11;11,375;1947;202;0;27,7
4119;2023.06.06 09:15;4;10,125;11,5625;12,125;1946;202;0;27,7
4120;2023.06.06 09:30;4;10,125;12,125;12,8125;1945;202;0;27,7
4121;2023.06.06 09:45;4;10,125;12,75;13,625;1946;202;0;27,7
4122;2023.06.06 10:00;4;10,1875;12,625;13,125;1946;202;0;27,7
4123;2023.06.06 10:15;4;10,1875;13,375;14,3125;1974;202;0;28,3
4124;2023.06.06 10:30;4;10,25;13,25;13,875;1960;202;0;28,0
4125;2023.06.06 10:45;4;10,25;13,25;14;1958;202;0;27,9
4126;2023.06.06 11:00;4;10,25;13,875;14,875;1956;202;0;27,9
4127;2023.06.06 11:15;4;10,25;14,375;15,4375;1954;202;0;27,9
4128;2023.06.06 11:30;4;10,25;14,875;16,125;1955;202;0;27,9
4129;2023.06.06 11:45;4;10,3125;16,0625;17,1875;1948;202;0;27,8
4130;2023.06.06 12:00;4;10,375;16,75;17,5;1938;202;0;27,6
4131;2023.06.06 12:15;4;10,375;17,375;18;1935;202;0;27,5
4132;2023.06.06 12:30;4;10,375;17,0625;17,875;1932;202;0;27,4
4133;2023.06.06 12:45;4;10,5;17;17,9375;1928;202;0;27,4
4134;2023.06.06 13:00;4;10,5;17,375;18,25;1927;202;0;27,3
4135;2023.06.06 13:15;4;10,5;17,5;18,75;1926;202;0;27,3
4136;2023.06.06 13:30;4;10,5625;17,875;19;1926;202;0;27,3
4137;2023.06.06 13:45;4;10,625;17,875;18,75;1925;202;0;27,3
4138;2023.06.06 14:00;4;10,625;18,375;19,3125;1952;202;0;27,8
4139;2023.06.06 14:15;4;10,6875;18,375;19,5;1926;202;0;27,3
4140;2023.06.06 14:30;4;10,75;18;18,5;1934;202;0;27,5
4141;2023.06.06 14:45;4;10,75;18,25;18;1924;202;0;27,3
4142;2023.06.06 15:00;4;10,75;18,125;18,75;1923;202;0;27,3
4143;2023.06.06 15:15;4;10,8125;18,5;18,875;1922;202;0;27,2
4144;2023.06.06 15:30;4;10,875;17,9375;18,0625;1921;202;0;27,2
4145;2023.06.06 15:45;4;10,875;17,375;17,875;1919;202;0;27,2
4146;2023.06.06 16:00;4;10,875;17;17,5;1917;202;0;27,1
4147;2023.06.06 16:15;4;10,875;16,5;17;1915;202;0;27,1
4148;2023.06.06 16:30;4;10,9375;16,5625;17,375;1915;202;0;27,1
4149;2023.06.06 16:45;4;10,9375;16,5;17,375;1913;202;0;27,1
4150;2023.06.06 17:00;4;11;16,3125;17,1875;1913;202;0;27,1
4151;2023.06.06 17:15;4;11;16,0625;16,875;1912;202;0;27,0
4152;2023.06.06 17:30;4;11;15,875;16,625;1913;202;0;27,1
4153;2023.06.06 17:45;4;11;15,5625;16,25;1912;202;0;27,0
4154;2023.06.06 18:00;4;11;15,25;15,9375;1909;202;0;27,0
4155;2023.06.06 18:15;4;11;15;15,5625;1907;202;0;26,9
4156;2023.06.06 18:30;4;11;14,5625;15,0625;1907;202;0;26,9
4157;2023.06.06 18:45;4;11;14;14,25;1905;202;0;26,9
4158;2023.06.06 19:00;4;11;13,6875;14;1903;202;0;26,9
4159;2023.06.06 19:15;4;10,9375;13,3125;13,625;1902;202;0;26,8
4160;2023.06.06 19:30;4;10,9375;13;13,25;1908;202;0;27,0
4161;2023.06.06 19:45;4;10,9375;12,625;12,625;1909;202;0;27,0
4162;2023.06.06 20:00;4;10,875;12,25;12,25;1900;202;0;26,8
4163;2023.06.06 20:15;4;10,875;11,8125;11,75;1900;202;0;26,8
4164;2023.06.06 20:30;4;10,875;11,25;11;1898;202;0;26,8
4165;2023.06.06 20:45;4;10,875;10,9375;10,625;1897;202;0;26,7
4166;2023.06.06 21:00;4;10,875;10,625;10,375;1897;202;0;26,7
4167;2023.06.06 21:15;4;10,8125;10,375;10,125;1896;202;0;26,7
4168;2023.06.06 21:30;4;10,75;10,125;9,8125;1896;202;0;26,7
4169;2023.06.06 21:45;4;10,75;9,9375;9,6875;1898;202;0;26,8
4170;2023.06.06 22:00;4;10,75;9,875;9,75;1899;202;0;26,8
4171;2023.06.06 22:15;4;10,75;9,75;9,4375;1897;202;0;26,7
4172;2023.06.06 22:30;4;10,6875;9,625;9,375;1898;202;0;26,8
4173;2023.06.06 22:45;4;10,625;9,5625;9,375;1899;202;0;26,8
4174;2023.06.06 23:00;4;10,625;9,5;9,25;1897;202;0;26,7
4175;2023.06.06 23:15;4;10,625;9,125;8,75;1895;202;0;26,7
4176;2023.06.06 23:30;4;10,625;8,875;8,4375;1895;202;0;26,7
4177;2023.06.06 23:45;4;10,5625;8,75;8,25;1894;202;0;26,7
4178;2023.06.07 00:00;4;10,5;8,625;8,125;1897;202;0;26,7
4179;2023.06.07 00:15;4;10,5;8,625;8,1875;1895;202;0;26,7
4180;2023.06.07 00:30;4;10,5;8,625;8,375;1897;202;0;26,7
4181;2023.06.07 00:45;4;10,5;8,6875;8,375;1896;202;0;26,7
4182;2023.06.07 01:00;4;10,4375;8,625;8,25;1897;202;0;26,7
4183;2023.06.07 01:15;4;10,375;8,625;8,3125;1896;202;0;26,7
4184;2023.06.07 01:30;4;10,375;8,5;8,125;1897;202;0;26,7
4185;2023.06.07 01:45;4;10,375;8,5;8,25;1898;202;0;26,8
4186;2023.06.07 02:00;4;10,375;8,5625;8,25;1897;202;0;26,7
4187;2023.06.07 02:15;4;10,375;8,625;8,25;1898;202;0;26,8
4188;2023.06.07 02:30;4;10,375;8,625;8,375;1894;202;0;26,7
4189;2023.06.07 02:45;4;10,3125;8,625;8,3125;1896;202;0;26,7
4190;2023.06.07 03:00;4;10,25;8,5;8,125;1895;202;0;26,7
4191;2023.06.07 03:15;4;10,25;8,5;8,25;1895;202;0;26,7
4192;2023.06.07 03:30;4;10,25;8,625;8,3125;1898;202;0;26,8
4193;2023.06.07 03:45;4;10,25;8,625;8,375;1895;202;0;26,7
4194;2023.06.07 04:00;4;10,25;8,6875;8,5;1899;202;0;26,8
4195;2023.06.07 04:15;4;10,25;8,6875;8,4375;1896;202;0;26,7
4196;2023.06.07 04:30;4;10,1875;8,625;8,375;1895;202;0;26,7
4197;2023.06.07 04:45;4;10,1875;8,75;8,5;1895;202;0;26,7
4198;2023.06.07 05:00;4;10,1875;8,875;8,625;1895;202;0;26,7
4199;2023.06.07 05:15;4;10,125;8,875;8,625;1895;202;0;26,7
4200;2023.06.07 05:30;4;10,125;8,875;8,6875;1895;202;0;26,7
4201;2023.06.07 05:45;4;10,125;9;8,875;1900;202;0;26,8
4202;2023.06.07 06:00;4;10,125;9,125;9,0625;1898;202;0;26,8
4203;2023.06.07 06:15;4;10,125;9,25;9,25;1901;202;0;26,8
4204;2023.06.07 06:30;4;10,125;9,5;9,4375;1901;202;0;26,8
4205;2023.06.07 06:45;4;10,125;9,5625;9,5625;1905;202;0;26,9
4206;2023.06.07 07:00;4;10,125;9,75;9,75;1899;202;0;26,8
4207;2023.06.07 07:15;4;10,125;10,125;10,25;1900;202;0;26,8
4208;2023.06.07 07:30;4;10,125;10,4375;10,75;1898;202;0;26,8
4209;2023.06.07 07:45;4;10,125;10,9375;11,3125;1898;202;0;26,8
4210;2023.06.07 08:00;4;10,125;11,4375;11,8125;1898;202;0;26,8
4211;2023.06.07 08:15;4;10,125;11;11;1896;202;0;26,7
4212;2023.06.07 08:30;4;10,125;10,75;10,75;1894;202;0;26,7
4213;2023.06.07 08:45;4;10,125;11,4375;12;1895;202;0;26,7
4214;2023.06.07 09:00;4;10,125;11,75;12,125;1895;202;0;26,7
4215;2023.06.07 09:15;4;10,125;12,25;12,75;1895;202;0;26,7
4216;2023.06.07 09:30;4;10,125;12,75;13,25;1893;202;0;26,7
4217;2023.06.07 09:45;4;10,125;12,8125;13,3125;1891;202;0;26,6
4218;2023.06.07 10:00;4;10,125;12,875;13,4375;1889;202;0;26,6
4219;2023.06.07 10:15;4;10,1875;13,25;13,875;1889;202;0;26,6
4220;2023.06.07 10:30;4;10,1875;13,75;14,5;1897;202;0;26,7
4221;2023.06.07 10:45;4;10,25;13,875;14,5;1887;202;0;26,5
4222;2023.06.07 11:00;4;10,25;14,3125;15,25;1885;202;0;26,5
4223;2023.06.07 11:15;4;10,25;14,625;15,5;1886;202;0;26,5
4224;2023.06.07 11:30;4;10,25;15;16;1885;202;0;26,5
4225;2023.06.07 11:45;4;10,25;15,375;16,125;1884;202;0;26,5
4226;2023.06.07 12:00;4;10,3125;16,5;17,625;1884;202;0;26,5
4227;2023.06.07 12:15;4;10,375;16,625;17;1884;202;0;26,5
4228;2023.06.07 12:30;4;10,375;16,875;17,625;1884;202;0;26,5
4229;2023.06.07 12:45;4;10,375;17,125;18,125;1883;202;0;26,5
4230;2023.06.07 13:00;4;10,5;16,875;17,5;1883;202;0;26,5
4231;2023.06.07 13:15;4;10,5;17;18,0625;1883;202;0;26,5
4232;2023.06.07 13:30;4;10,5;17,4375;18,375;1883;202;0;26,5
4233;2023.06.07 13:45;4;10,5;17;17,6875;1881;202;0;26,4
4234;2023.06.07 14:00;4;10,625;17,5;18,5;1880;202;0;26,4
4235;2023.06.07 14:15;4;10,625;17,625;18,5;1880;202;0;26,4
4236;2023.06.07 14:30;4;10,625;17,6875;18,5;1879;202;0;26,4
4237;2023.06.07 14:45;4;10,6875;18,75;19,125;1882;202;0;26,4
4238;2023.06.07 15:00;4;10,75;18,375;18,75;1881;202;0;26,4
4239;2023.06.07 15:15;4;10,75;18,25;18,75;1878;202;0;26,4
4240;2023.06.07 15:30;4;10,75;18,25;18,625;1878;202;0;26,4
4241;2023.06.07 15:45;4;10,8125;17,5;18;1877;202;0;26,3
4242;2023.06.07 16:00;4;10,8125;17,4375;18,125;1876;202;0;26,3
4243;2023.06.07 16:15;4;10,875;17;17,8125;1874;202;0;26,3
4244;2023.06.07 16:30;4;10,875;16,6875;17,5;1893;202;0;26,7
4245;2023.06.07 16:45;4;10,875;16,375;17,125;1872;202;0;26,2
4246;2023.06.07 17:00;4;10,875;16,125;16,75;1883;202;0;26,5
4247;2023.06.07 17:15;4;10,875;15,8125;16,5;1920;202;0;27,2
4248;2023.06.07 17:30;4;10,875;15,5;16,125;1894;202;0;26,7
4249;2023.06.07 17:45;4;10,875;15,125;15,6875;1869;202;0;26,2
4250;2023.06.07 18:00;4;10,875;14,75;15,25;1864;202;0;26,1
4251;2023.06.07 18:15;4;10,875;14,4375;14,875;1861;202;0;26,0
4252;2023.06.07 18:30;4;10,875;14,0625;14,375;1860;202;0;26,0
4253;2023.06.07 18:45;4;10,875;13,625;13,9375;1859;202;0;26,0
4254;2023.06.07 19:00;4;10,875;13,25;13,5625;1858;202;0;26,0
4255;2023.06.07 19:15;4;10,875;12,875;13,125;1856;202;0;25,9
4256;2023.06.07 19:30;4;10,875;12,5625;12,75;1855;202;0;25,9
4257;2023.06.07 19:45;4;10,8125;12,1875;12,25;1854;202;0;25,9
4258;2023.06.07 20:00;4;10,8125;11,875;12;1854;202;0;25,9
4259;2023.06.07 20:15;4;10,75;11,6875;11,75;1853;202;0;25,9
4260;2023.06.07 20:30;4;10,75;11,375;11,375;1853;202;0;25,9
4261;2023.06.07 20:45;4;10,75;11,125;11,125;1852;202;0;25,8
4262;2023.06.07 21:00;4;10,75;10,875;10,875;1851;202;0;25,8
4263;2023.06.07 21:15;4;10,6875;10,75;10,625;1851;202;0;25,8
4264;2023.06.07 21:30;4;10,6875;10,5625;10,5;1850;202;0;25,8
4265;2023.06.07 21:45;4;10,625;10,375;10,375;1848;202;0;25,8
4266;2023.06.07 22:00;4;10,625;10,25;10,25;1848;202;0;25,8
4267;2023.06.07 22:15;4;10,625;10,125;10,125;1848;202;0;25,8
4268;2023.06.07 22:30;4;10,625;10;9,9375;1848;202;0;25,8
4269;2023.06.07 22:45;4;10,5625;9,8125;9,625;1847;202;0;25,7
4270;2023.06.07 23:00;4;10,5;9,5;9,25;1846;202;0;25,7
4271;2023.06.07 23:15;4;10,5;9,25;8,875;1846;202;0;25,7
4272;2023.06.07 23:30;4;10,5;9;8,625;1846;202;0;25,7
4273;2023.06.07 23:45;4;10,5;8,875;8,5;1846;202;0;25,7
4274;2023.06.08 00:00;4;10,5;8,75;8,5;1846;202;0;25,7
4275;2023.06.08 00:15;4;10,4375;8,75;8,5;1846;202;0;25,7
4276;2023.06.08 00:30;4;10,375;8,625;8,3125;1846;202;0;25,7
4277;2023.06.08 00:45;4;10,375;8,5625;8,25;1847;202;0;25,7
4278;2023.06.08 01:00;4;10,375;8,5;8,125;1845;202;0;25,7
4279;2023.06.08 01:15;4;10,375;8,375;8;1849;202;0;25,8
4280;2023.06.08 01:30;4;10,3125;8,25;7,875;1846;202;0;25,7
4281;2023.06.08 01:45;4;10,25;8,125;7,875;1846;202;0;25,7
4282;2023.06.08 02:00;4;10,25;8,125;7,75;1845;202;0;25,7
4283;2023.06.08 02:15;4;10,25;8;7,75;1848;202;0;25,8
4284;2023.06.08 02:30;4;10,25;8;7,625;1849;202;0;25,8
4285;2023.06.08 02:45;4;10,25;7,875;7,5625;1846;202;0;25,7
4286;2023.06.08 03:00;4;10,1875;7,875;7,5625;1847;202;0;25,7
4287;2023.06.08 03:15;4;10,125;7,875;7,625;1846;202;0;25,7
4288;2023.06.08 03:30;4;10,125;7,875;7,625;1847;202;0;25,7
4289;2023.06.08 03:45;4;10,125;7,875;7,625;1847;202;0;25,7
4290;2023.06.08 04:00;4;10,125;7,875;7,625;1848;202;0;25,8
4291;2023.06.08 04:15;4;10,125;7,875;7,625;1849;202;0;25,8
4292;2023.06.08 04:30;4;10,0625;7,875;7,5625;1848;202;0;25,8
4293;2023.06.08 04:45;4;10,0625;7,9375;7,625;1847;202;0;25,7
4294;2023.06.08 05:00;4;10;8;7,8125;1847;202;0;25,7
4295;2023.06.08 05:15;4;10;8,1875;8;1848;202;0;25,8
4296;2023.06.08 05:30;4;10;8,375;8,25;1852;202;0;25,8
4297;2023.06.08 05:45;4;10;8,375;8,25;1855;202;0;25,9
4298;2023.06.08 06:00;4;10;8,5;8,4375;1857;202;0;25,9
4299;2023.06.08 06:15;4;10;8,625;8,625;1851;202;0;25,8
4300;2023.06.08 06:30;4;10;8,875;9;1854;202;0;25,9
4301;2023.06.08 06:45;4;10;9,25;9,5;1860;202;0;26,0
4302;2023.06.08 07:00;4;9,9375;9,625;9,9375;1851;202;0;25,8
4303;2023.06.08 07:15;4;9,9375;10;10,375;1859;202;0;26,0
4304;2023.06.08 07:30;4;9,9375;10,375;10,875;1851;202;0;25,8
4305;2023.06.08 07:45;4;9,9375;11,125;11,8125;1851;202;0;25,8
4306;2023.06.08 08:00;4;10;11,5;12,0625;1854;202;0;25,9
4307;2023.06.08 08:15;4;10;11,875;12,3125;1852;202;0;25,8
4308;2023.06.08 08:30;4;10;12;12,5;1850;202;0;25,8
4309;2023.06.08 08:45;4;10;12,125;12,6875;1854;202;0;25,9
4310;2023.06.08 09:00;4;10;12,4375;13,125;1851;202;0;25,8
4311;2023.06.08 09:15;4;10;12,875;13,6875;1851;202;0;25,8
4312;2023.06.08 09:30;4;10;13,25;14;1850;202;0;25,8
4313;2023.06.08 09:45;4;10;13,5;14,375;1851;202;0;25,8
4314;2023.06.08 10:00;4;10,0625;13,875;14,8125;1847;202;0;25,7
4315;2023.06.08 10:15;4;10,0625;14,75;15,875;1845;202;0;25,7
4316;2023.06.08 10:30;4;10,125;15,4375;16,25;1843;202;0;25,7
4317;2023.06.08 10:45;4;10,125;15,25;16,0625;1842;202;0;25,6
4318;2023.06.08 11:00;4;10,125;15,5625;16,5;1840;202;0;25,6
4319;2023.06.08 11:15;4;10,1875;15,8125;16,75;1839;202;0;25,6
4320;2023.06.08 11:30;4;10,25;16,0625;17,0625;1839;202;0;25,6
4321;2023.06.08 11:45;4;10,25;16,8125;17,8125;1839;202;0;25,6
4322;2023.06.08 12:00;4;10,25;17,375;18,375;1839;202;0;25,6
4323;2023.06.08 12:15;4;10,3125;17,875;18,625;1840;202;0;25,6
4324;2023.06.08 12:30;4;10,375;17,75;18,5625;1839;202;0;25,6
4325;2023.06.08 12:45;4;10,375;17,5;18,3125;1838;202;0;25,6
4326;2023.06.08 13:00;4;10,4375;17,875;18,75;1838;202;0;25,6
4327;2023.06.08 13:15;4;10,5;18;19,125;1838;202;0;25,6
4328;2023.06.08 13:30;4;10,5;18,4375;19,625;1838;202;0;25,6
4329;2023.06.08 13:45;4;10,5;18,5625;19,5625;1837;202;0;25,5
4330;2023.06.08 14:00;4;10,5625;18,5;19,5;1837;202;0;25,5
4331;2023.06.08 14:15;4;10,625;17,9375;18,6875;1835;202;0;25,5
4332;2023.06.08 14:30;4;10,625;17,5;18,1875;1836;202;0;25,5
4333;2023.06.08 14:45;4;10,625;18,375;19,125;1835;202;0;25,5
4334;2023.06.08 15:00;4;10,6875;18,6875;19,5;1837;202;0;25,5
4335;2023.06.08 15:15;4;10,75;18,6875;19,5625;1836;202;0;25,5
4336;2023.06.08 15:30;4;10,75;18,625;19,0625;1834;202;0;25,5
4337;2023.06.08 15:45;4;10,75;18,0625;18,8125;1833;202;0;25,5
4338;2023.06.08 16:00;4;10,8125;18,125;18,75;1833;202;0;25,5
4339;2023.06.08 16:15;4;10,8125;17,625;18,25;1830;202;0;25,4
4340;2023.06.08 16:30;4;10,875;17,25;18;1829;202;0;25,4
4341;2023.06.08 16:45;4;10,875;17;17,75;1828;202;0;25,4
4342;2023.06.08 17:00;4;10,875;16,75;17,5;1826;202;0;25,3
4343;2023.06.08 17:15;4;10,875;16,5;17,1875;1825;202;0;25,3
4344;2023.06.08 17:30;4;10,875;16,125;16,75;1824;202;0;25,3
4345;2023.06.08 17:45;4;10,875;15,625;16,125;1822;202;0;25,2
4346;2023.06.08 18:00;4;10,875;15,3125;15,9375;1821;202;0;25,2
4347;2023.06.08 18:15;4;10,875;15;15,5;1821;202;0;25,2
4348;2023.06.08 18:30;4;10,875;14,625;15,125;1819;202;0;25,2
4349;2023.06.08 18:45;4;10,875;14,125;14,5;1819;202;0;25,2
4350;2023.06.08 19:00;4;10,875;13,6875;14;1817;202;0;25,1
4351;2023.06.08 19:15;4;10,875;13,25;13,5;1817;202;0;25,1
4352;2023.06.08 19:30;4;10,875;12,9375;13,25;1814;202;0;25,1
4353;2023.06.08 19:45;4;10,8125;12,625;12,875;1814;202;0;25,1
4354;2023.06.08 20:00;4;10,8125;12,375;12,5;1812;202;0;25,0
4355;2023.06.08 20:15;4;10,75;12,125;12,25;1811;202;0;25,0
4356;2023.06.08 20:30;4;10,75;11,8125;11,875;1812;202;0;25,0
4357;2023.06.08 20:45;4;10,75;11,5;11,5;1812;202;0;25,0
4358;2023.06.08 21:00;4;10,75;11,125;11,0625;1810;202;0;25,0
4359;2023.06.08 21:15;4;10,6875;10,875;10,875;1810;202;0;25,0
4360;2023.06.08 21:30;4;10,625;10,6875;10,625;1812;202;0;25,0
4361;2023.06.08 21:45;4;10,625;10,4375;10,375;1811;202;0;25,0
4362;2023.06.08 22:00;4;10,625;10,25;10,125;1811;202;0;25,0
4363;2023.06.08 22:15;4;10,625;10;9,9375;1810;202;0;25,0
4364;2023.06.08 22:30;4;10,5625;9,875;9,875;1809;202;0;25,0
4365;2023.06.08 22:45;4;10,5625;9,6875;9,5;1806;202;0;24,9
4366;2023.06.08 23:00;4;10,5;9,5;9,375;1808;202;0;25,0
4367;2023.06.08 23:15;4;10,5;9,375;9,25;1808;202;0;25,0
4368;2023.06.08 23:30;4;10,5;9,25;9,125;1809;202;0;25,0
4369;2023.06.08 23:45;4;10,4375;9,25;9,125;1808;202;0;25,0
4370;2023.06.09 00:00;4;10,4375;9,1875;9,125;1807;202;0;24,9
4371;2023.06.09 00:15;4;10,375;9,25;9,1875;1809;202;0;25,0
4372;2023.06.09 00:30;4;10,375;9,125;9,125;1810;202;0;25,0
4373;2023.06.09 00:45;4;10,375;9,0625;9;1806;202;0;24,9
4374;2023.06.09 01:00;4;10,375;8,9375;8,875;1806;202;0;24,9
4375;2023.06.09 01:15;4;10,3125;8,875;8,75;1805;202;0;24,9
4376;2023.06.09 01:30;4;10,25;8,6875;8,4375;1805;202;0;24,9
4377;2023.06.09 01:45;4;10,25;8,625;8,5;1804;202;0;24,9
4378;2023.06.09 02:00;4;10,25;8,625;8,5;1804;202;0;24,9
4379;2023.06.09 02:15;4;10,25;8,75;8,6875;1805;202;0;24,9
4380;2023.06.09 02:30;4;10,25;8,75;8,75;1805;202;0;24,9
4381;2023.06.09 02:45;4;10,1875;8,75;8,625;1805;202;0;24,9
4382;2023.06.09 03:00;4;10,1875;8,6875;8,5625;1804;202;0;24,9
4383;2023.06.09 03:15;4;10,125;8,625;8,5625;1804;202;0;24,9
4384;2023.06.09 03:30;4;10,125;8,625;8,5;1804;202;0;24,9
4385;2023.06.09 03:45;4;10,125;8,625;8,625;1804;202;0;24,9
4386;2023.06.09 04:00;4;10,125;8,75;8,75;1804;202;0;24,9
4387;2023.06.09 04:15;4;10,125;8,75;8,75;1803;202;0;24,9
4388;2023.06.09 04:30;4;10,0625;8,75;8,75;1804;202;0;24,9
4389;2023.06.09 04:45;4;10,0625;8,875;9;1803;202;0;24,9
4390;2023.06.09 05:00;4;10,0625;9,125;9,25;1803;202;0;24,9
4391;2023.06.09 05:15;4;10;9,375;9,625;1803;202;0;24,9
4392;2023.06.09 05:30;4;10;9,5;9,6875;1802;202;0;24,8
4393;2023.06.09 05:45;4;10;9,4375;9,5;1802;202;0;24,8
4394;2023.06.09 06:00;4;10;9,5;9,5625;1802;202;0;24,8
4395;2023.06.09 06:15;4;10;9,75;9,9375;1801;202;0;24,8
4396;2023.06.09 06:30;4;10;10,25;10,8125;1802;202;0;24,8
4397;2023.06.09 06:45;4;10;10,8125;11,5;1802;202;0;24,8
4398;2023.06.09 07:00;4;10;11,25;12,0625;1801;202;0;24,8
4399;2023.06.09 07:15;4;10;11,75;12,625;1798;202;0;24,8
4400;2023.06.09 07:30;4;10;12,1875;13,125;1797;202;0;24,7
4401;2023.06.09 07:45;4;10;13;13,875;1803;202;0;24,9
4402;2023.06.09 08:00;4;10;13,25;14,125;1796;202;0;24,7
4403;2023.06.09 08:15;4;10;13,625;14,375;1802;202;0;24,8
4404;2023.06.09 08:30;4;10,0625;13,875;14,8125;1795;202;0;24,7
4405;2023.06.09 08:45;4;10,0625;14,25;15,375;1797;202;0;24,7
4406;2023.06.09 09:00;4;10,125;14,625;15,75;1795;202;0;24,7
4407;2023.06.09 09:15;4;10,125;15,3125;16,5625;1795;202;0;24,7
4408;2023.06.09 09:30;4;10,125;15,8125;17,125;1795;202;0;24,7
4409;2023.06.09 09:45;4;10,125;16,375;17,625;1795;202;0;24,7
4410;2023.06.09 10:00;4;10,1875;16,625;17,875;1795;202;0;24,7
4411;2023.06.09 10:15;4;10,25;17,25;18,875;1795;202;0;24,7
4412;2023.06.09 10:30;4;10,25;18,125;19,375;1797;202;0;24,7
4413;2023.06.09 10:45;4;10,3125;18,25;19,5;1795;202;0;24,7
4414;2023.06.09 11:00;4;10,375;18,6875;20,3125;1795;202;0;24,7
4415;2023.06.09 11:15;4;10,375;18,75;20,125;1795;202;0;24,7
4416;2023.06.09 11:30;4;10,4375;19,125;20,625;1795;202;0;24,7
4417;2023.06.09 11:45;4;10,5;20;21,5;1796;202;0;24,7
4418;2023.06.09 12:00;4;10,5;20,75;22,3125;1796;202;0;24,7
4419;2023.06.09 12:15;4;10,5625;21,25;22,625;1797;202;0;24,7
4420;2023.06.09 12:30;4;10,625;21,125;22,5;1796;202;0;24,7
4421;2023.06.09 12:45;4;10,6875;21,125;22,75;1795;202;0;24,7
4422;2023.06.09 13:00;4;10,75;21,6875;23,25;1796;202;0;24,7
4423;2023.06.09 13:15;4;10,75;21,75;23,625;1795;202;0;24,7
4424;2023.06.09 13:30;4;10,875;22,375;24,25;1796;202;0;24,7
4425;2023.06.09 13:45;4;10,875;22,25;23,875;1795;202;0;24,7
4426;2023.06.09 14:00;4;10,9375;22,3125;24;1794;202;0;24,7
4427;2023.06.09 14:15;4;11;22,125;23,75;1793;202;0;24,7
4428;2023.06.09 14:30;4;11;22,3125;23,875;1793;202;0;24,7
4429;2023.06.09 14:45;4;11,0625;22,625;23,6875;1794;202;0;24,7
4430;2023.06.09 15:00;4;11,125;22,5;23,5;1792;202;0;24,6
4431;2023.06.09 15:15;4;11,125;22,25;23,375;1791;202;0;24,6
4432;2023.06.09 15:30;4;11,25;22,1875;23,125;1790;202;0;24,6
4433;2023.06.09 15:45;4;11,25;21,5;22,75;1789;202;0;24,6
4434;2023.06.09 16:00;4;11,25;21,5;22,625;1788;202;0;24,6
4435;2023.06.09 16:15;4;11,3125;21;22,375;1786;202;0;24,5
4436;2023.06.09 16:30;4;11,375;20,625;21,8125;1784;202;0;24,5
4437;2023.06.09 16:45;4;11,375;20,4375;21,75;1783;202;0;24,5
4438;2023.06.09 17:00;4;11,375;20,125;21,5;1782;202;0;24,4
4439;2023.06.09 17:15;4;11,375;19,75;20,875;1781;202;0;24,4
4440;2023.06.09 17:30;4;11,375;19,375;20,5;1779;202;0;24,4
4441;2023.06.09 17:45;4;11,375;19,125;20,3125;1778;202;0;24,4
4442;2023.06.09 18:00;4;11,375;18,8125;20;1777;202;0;24,3
4443;2023.06.09 18:15;4;11,375;18,625;19,6875;1776;202;0;24,3
4444;2023.06.09 18:30;4;11,375;18,3125;19,3125;1776;202;0;24,3
4445;2023.06.09 18:45;4;11,375;18;19;1775;202;0;24,3
4446;2023.06.09 19:00;4;11,375;17,625;18,625;1773;202;0;24,3
4447;2023.06.09 19:15;4;11,375;17,25;18,125;1771;202;0;24,2
4448;2023.06.09 19:30;4;11,375;16,875;17,75;1770;202;0;24,2
4449;2023.06.09 19:45;4;11,375;16,6875;17,625;1769;202;0;24,2
4450;2023.06.09 20:00;4;11,375;16,375;17,125;1768;202;0;24,2
4451;2023.06.09 20:15;4;11,375;16;16,75;1767;202;0;24,1
4452;2023.06.09 20:30;4;11,375;15,75;16,375;1766;202;0;24,1
4453;2023.06.09 20:45;4;11,375;15,5;16,1875;1765;202;0;24,1
4454;2023.06.09 21:00;4;11,375;15,25;15,875;1764;202;0;24,1
4455;2023.06.09 21:15;4;11,375;15,1875;15,9375;1764;202;0;24,1
4456;2023.06.09 21:30;4;11,3125;15,25;16;1763;202;0;24,1
4457;2023.06.09 21:45;4;11,3125;14,875;15,5;1762;202;0;24,0
4458;2023.06.09 22:00;4;11,25;14,625;15,25;1761;202;0;24,0
4459;2023.06.09 22:15;4;11,25;14,625;15,3125;1761;202;0;24,0
4460;2023.06.09 22:30;4;11,25;14,75;15,6875;1761;202;0;24,0
4461;2023.06.09 22:45;4;11,25;15,125;16,125;1761;202;0;24,0
4462;2023.06.09 23:00;4;11,25;15,4375;16,5;1761;202;0;24,0
4463;2023.06.09 23:15;4;11,25;15,75;16,875;1761;202;0;24,0
4464;2023.06.09 23:30;4;11,25;16;17;1761;202;0;24,0
4465;2023.06.09 23:45;4;11,1875;15,9375;16,875;1761;202;0;24,0
4466;2023.06.10 00:00;4;11,1875;15,875;16,875;1760;202;0;24,0
4467;2023.06.10 00:15;4;11,1875;15,875;16,875;1760;202;0;24,0
4468;2023.06.10 00:30;4;11,1875;15,8125;16,6875;1759;202;0;24,0
4469;2023.06.10 00:45;4;11,1875;15,875;16,875;1759;202;0;24,0
4470;2023.06.10 01:00;4;11,1875;15,875;16,875;1758;202;0;24,0
4471;2023.06.10 01:15;4;11,1875;16;17,125;1758;202;0;24,0
4472;2023.06.10 01:30;4;11,1875;16,25;17,4375;1758;202;0;24,0
4473;2023.06.10 01:45;4;11,1875;16,375;17,5;1757;202;0;23,9
4474;2023.06.10 02:00;4;11,1875;16,25;17,1875;1756;202;0;23,9
4475;2023.06.10 02:15;4;11,1875;16,25;17,25;1756;202;0;23,9
4476;2023.06.10 02:30;4;11,1875;16,375;17,5;1756;202;0;23,9
4477;2023.06.10 02:45;4;11,1875;16,4375;17,5;1755;202;0;23,9
4478;2023.06.10 03:00;4;11,1875;16,4375;17,5625;1755;202;0;23,9
4479;2023.06.10 03:15;4;11,1875;16,5;17,5;1754;202;0;23,9
4480;2023.06.10 03:30;4;11,25;16,625;17,75;1754;202;0;23,9
4481;2023.06.10 03:45;4;11,25;16,625;17,75;1754;202;0;23,9
4482;2023.06.10 04:00;4;11,25;16,5625;17,625;1753;202;0;23,9
4483;2023.06.10 04:15;4;11,25;16,625;17,75;1753;202;0;23,9
4484;2023.06.10 04:30;4;11,25;16,6875;17,875;1761;202;0;24,0
4485;2023.06.10 04:45;4;11,25;16,75;18;1752;202;0;23,8
4486;2023.06.10 05:00;4;11,25;16,8125;18;1752;202;0;23,8
4487;2023.06.10 05:15;4;11,25;16,9375;18,25;1751;202;0;23,8
4488;2023.06.10 05:30;4;11,25;17,1875;18,625;1751;202;0;23,8
4489;2023.06.10 05:45;4;11,25;17,3125;18,75;1752;202;0;23,8
4490;2023.06.10 06:00;4;11,25;17,5;19;1751;202;0;23,8
4491;2023.06.10 06:15;4;11,25;17,75;19,25;1762;202;0;24,0
4492;2023.06.10 06:30;4;11,25;17,9375;19,3125;1751;202;0;23,8
4493;2023.06.10 06:45;4;11,3125;18,25;19,75;1751;202;0;23,8
4494;2023.06.10 07:00;4;11,3125;18,5625;20,1875;1751;202;0;23,8
4495;2023.06.10 07:15;4;11,375;19;20,75;1751;202;0;23,8
4496;2023.06.10 07:30;4;11,375;19,3125;21;1751;202;0;23,8
4497;2023.06.10 07:45;4;11,375;19,75;21,4375;1751;202;0;23,8
4498;2023.06.10 08:00;4;11,375;19,8125;21,125;1751;202;0;23,8
4499;2023.06.10 08:15;4;11,375;20,0625;21,5;1751;202;0;23,8
4500;2023.06.10 08:30;4;11,4375;20,3125;21,875;1751;202;0;23,8
4501;2023.06.10 08:45;4;11,5;20,625;22,3125;1751;202;0;23,8
4502;2023.06.10 09:00;4;11,5;21,125;23;1751;202;0;23,8
4503;2023.06.10 09:15;4;11,5;21,625;23,4375;1752;202;0;23,8
4504;2023.06.10 09:30;4;11,5625;22,125;24;1752;202;0;23,8
4505;2023.06.10 09:45;4;11,625;22,1875;24;1751;202;0;23,8
4506;2023.06.10 10:00;4;11,625;22,375;24,1875;1750;202;0;23,8
4507;2023.06.10 10:15;4;11,625;23;25;1751;202;0;23,8
4508;2023.06.10 10:30;4;11,75;23,5;25,25;1752;202;0;23,8
4509;2023.06.10 10:45;4;11,75;23,75;25,625;1751;202;0;23,8
4510;2023.06.10 11:00;4;11,75;23,875;25,8125;1751;202;0;23,8
4511;2023.06.10 11:15;4;11,875;24,25;26,5;1751;202;0;23,8
4512;2023.06.10 11:30;4;11,875;24,5;26,5;1751;202;0;23,8
4513;2023.06.10 11:45;4;11,9375;24,5;26,375;1750;202;0;23,8
4514;2023.06.10 12:00;4;12;25,1875;27;1751;202;0;23,8
4515;2023.06.10 12:15;4;12;25,875;27,75;1752;202;0;23,8
4516;2023.06.10 12:30;4;12,0625;24,875;26,3125;1749;202;0;23,8
4517;2023.06.10 12:45;4;12,125;25,375;27,375;1749;202;0;23,8
4518;2023.06.10 13:00;4;12,1875;25,75;27,625;1750;202;0;23,8
4519;2023.06.10 13:15;4;12,25;26,375;28,5;1750;202;0;23,8
4520;2023.06.10 13:30;4;12,25;26,5;28,5;1749;202;0;23,8
4521;2023.06.10 13:45;4;12,375;26,5;28,5;1749;202;0;23,8
4522;2023.06.10 14:00;4;12,375;26,9375;29;1749;202;0;23,8
4523;2023.06.10 14:15;4;12,4375;25,8125;27,25;1746;202;0;23,7
4524;2023.06.10 14:30;4;12,5;25,125;26,5;1744;202;0;23,7
4525;2023.06.10 14:45;4;12,5;26;27,875;1745;202;0;23,7
4526;2023.06.10 15:00;4;12,5;26,375;28,125;1745;202;0;23,7
4527;2023.06.10 15:15;4;12,5625;25,5625;26,875;1743;202;0;23,6
4528;2023.06.10 15:30;4;12,625;25,5;27,0625;1743;202;0;23,6
4529;2023.06.10 15:45;4;12,625;25,0625;26,625;1741;202;0;23,6
4530;2023.06.10 16:00;4;12,625;25;26,5;1740;202;0;23,6
4531;2023.06.10 16:15;4;12,6875;24,75;26,25;1739;202;0;23,6
4532;2023.06.10 16:30;4;12,75;24,625;26,25;1739;202;0;23,6
4533;2023.06.10 16:45;4;12,75;24,3125;25,9375;1737;202;0;23,5
4534;2023.06.10 17:00;4;12,75;24;25,625;1736;202;0;23,5
4535;2023.06.10 17:15;4;12,75;23,625;25,1875;1735;202;0;23,5
4536;2023.06.10 17:30;4;12,75;23,375;24,9375;1734;202;0;23,5
4537;2023.06.10 17:45;4;12,75;22,875;24,375;1732;202;0;23,4
4538;2023.06.10 18:00;4;12,8125;22,4375;23,875;1731;202;0;23,4
4539;2023.06.10 18:15;4;12,8125;22,25;23,875;1734;202;0;23,5
4540;2023.06.10 18:30;4;12,8125;22,25;23,875;1734;202;0;23,5
4541;2023.06.10 18:45;4;12,8125;22,125;23,625;1729;202;0;23,4
4542;2023.06.10 19:00;4;12,75;21,75;23,125;1728;202;0;23,3
4543;2023.06.10 19:15;4;12,75;21,4375;22,75;1726;202;0;23,3
4544;2023.06.10 19:30;4;12,75;21,125;22,375;1725;202;0;23,3
4545;2023.06.10 19:45;4;12,75;20,75;22,125;1724;202;0;23,3
4546;2023.06.10 20:00;4;12,75;20,5;21,75;1728;202;0;23,3
4547;2023.06.10 20:15;4;12,75;20,0625;21,25;1729;202;0;23,4
4548;2023.06.10 20:30;4;12,75;19,8125;21;1726;202;0;23,3
4549;2023.06.10 20:45;4;12,75;19,0625;19,875;1725;202;0;23,3
4550;2023.06.10 21:00;4;12,75;17,25;17,1875;1716;202;0;23,1
4551;2023.06.10 21:15;4;12,75;16,5625;16,625;1714;202;0;23,1
4552;2023.06.10 21:30;4;12,6875;16,1875;16,375;1712;202;0;23,0
4553;2023.06.10 21:45;4;12,625;16;16,125;1712;202;0;23,0
4554;2023.06.10 22:00;4;12,625;15,75;16,0625;1711;202;0;23,0
4555;2023.06.10 22:15;4;12,625;15,5;15,875;1710;202;0;23,0
4556;2023.06.10 22:30;4;12,625;15,3125;15,625;1710;202;0;23,0
4557;2023.06.10 22:45;4;12,5625;15,1875;15,5625;1709;202;0;23,0
4558;2023.06.10 23:00;4;12,5625;15;15,375;1708;202;0;22,9
4559;2023.06.10 23:15;4;12,5;14,875;15,3125;1708;202;0;22,9
4560;2023.06.10 23:30;4;12,5;14,875;15,25;1716;202;0;23,1
4561;2023.06.10 23:45;4;12,5;14,875;15,25;1727;202;0;23,3
4562;2023.06.11 00:00;4;12,5;14,875;15,25;1718;202;0;23,1
4563;2023.06.11 00:15;4;12,5;14,875;15,25;1718;202;0;23,1
4564;2023.06.11 00:30;4;12,4375;14,875;15,3125;1719;202;0;23,2
4565;2023.06.11 00:45;4;12,4375;14,875;15,25;1718;202;0;23,1
4566;2023.06.11 01:00;4;12,4375;14,75;15,1875;1720;202;0;23,2
4567;2023.06.11 01:15;4;12,375;14,75;15,125;1719;202;0;23,2
4568;2023.06.11 01:30;4;12,375;14,6875;15,0625;1718;202;0;23,1
4569;2023.06.11 01:45;4;12,375;14,75;15,25;1722;202;0;23,2
4570;2023.06.11 02:00;4;12,375;14,875;15,375;1721;202;0;23,2
4571;2023.06.11 02:15;4;12,375;15;15,75;1705;202;0;22,9
4572;2023.06.11 02:30;4;12,375;15,0625;15,6875;1706;202;0;22,9
4573;2023.06.11 02:45;4;12,375;15;15,5;1708;202;0;22,9
4574;2023.06.11 03:00;4;12,375;14,875;15,375;1705;202;0;22,9
4575;2023.06.11 03:15;4;12,375;14,875;15,375;1705;202;0;22,9
4576;2023.06.11 03:30;4;12,3125;14,875;15,375;1705;202;0;22,9
4577;2023.06.11 03:45;4;12,3125;14,8125;15,3125;1705;202;0;22,9
4578;2023.06.11 04:00;4;12,3125;14,8125;15,375;1705;202;0;22,9
4579;2023.06.11 04:15;4;12,3125;14,8125;15,375;1706;202;0;22,9
4580;2023.06.11 04:30;4;12,3125;14,75;15,1875;1708;202;0;22,9
4581;2023.06.11 04:45;4;12,3125;14,75;15,25;1706;202;0;22,9
4582;2023.06.11 05:00;4;12,25;14,875;15,4375;1701;202;0;22,8
4583;2023.06.11 05:15;4;12,25;14,875;15,5;1702;202;0;22,8
4584;2023.06.11 05:30;4;12,25;15;15,75;1703;202;0;22,8
4585;2023.06.11 05:45;4;12,25;15,125;15,75;1702;202;0;22,8
4586;2023.06.11 06:00;4;12,25;15,1875;15,9375;1702;202;0;22,8
4587;2023.06.11 06:15;4;12,25;15,3125;16,125;1704;202;0;22,9
4588;2023.06.11 06:30;4;12,25;15,375;16,1875;1702;202;0;22,8
4589;2023.06.11 06:45;4;12,25;15,4375;16,25;1702;202;0;22,8
4590;2023.06.11 07:00;4;12,25;15,375;16,125;1701;202;0;22,8
4591;2023.06.11 07:15;4;12,25;15,375;16,125;1700;202;0;22,8
4592;2023.06.11 07:30;4;12,25;15,375;16,25;1699;202;0;22,8
4593;2023.06.11 07:45;4;12,25;15,625;16,625;1699;202;0;22,8
4594;2023.06.11 08:00;4;12,25;16,125;17,375;1699;202;0;22,8
4595;2023.06.11 08:15;4;12,25;16,875;18,25;1700;202;0;22,8
4596;2023.06.11 08:30;4;12,25;17,5625;19,125;1701;202;0;22,8
4597;2023.06.11 08:45;4;12,3125;18,0625;19,75;1701;202;0;22,8
4598;2023.06.11 09:00;4;12,375;18,625;20,375;1702;202;0;22,8
4599;2023.06.11 09:15;4;12,375;19;20,6875;1701;202;0;22,8
4600;2023.06.11 09:30;4;12,375;19,25;20,9375;1701;202;0;22,8
4601;2023.06.11 09:45;4;12,4375;19,5625;21,375;1701;202;0;22,8
4602;2023.06.11 10:00;4;12,5;19,875;21,8125;1701;202;0;22,8
4603;2023.06.11 10:15;4;12,5;20,625;22,875;1701;202;0;22,8
4604;2023.06.11 10:30;4;12,5;21,375;23,25;1702;202;0;22,8
4605;2023.06.11 10:45;4;12,5625;21,5;23,4375;1702;202;0;22,8
4606;2023.06.11 11:00;4;12,625;21,625;23,6875;1702;202;0;22,8
4607;2023.06.11 11:15;4;12,625;21,8125;23,875;1703;202;0;22,8
4608;2023.06.11 11:30;4;12,6875;22,125;24,4375;1706;202;0;22,9
4609;2023.06.11 11:45;4;12,75;23;25,375;1703;202;0;22,8
4610;2023.06.11 12:00;4;12,8125;23,4375;25;1704;202;0;22,9
4611;2023.06.11 12:15;4;12,875;23,375;24,75;1703;202;0;22,8
4612;2023.06.11 12:30;4;12,875;22,5;23,375;1701;202;0;22,8
4613;2023.06.11 12:45;4;13;22,3125;23,5;1700;202;0;22,8
4614;2023.06.11 13:00;4;13;21,625;22,5;1698;202;0;22,7
4615;2023.06.11 13:15;4;13;21,1875;22;1699;202;0;22,8
4616;2023.06.11 13:30;4;13,0625;20,8125;21,75;1695;202;0;22,7
4617;2023.06.11 13:45;4;13,0625;20,8125;21,875;1695;202;0;22,7
4618;2023.06.11 14:00;4;13,125;21,125;22,25;1698;202;0;22,7
4619;2023.06.11 14:15;4;13,125;21,375;22,5;1695;202;0;22,7
4620;2023.06.11 14:30;4;13,125;21,125;22,125;1694;202;0;22,7
4621;2023.06.11 14:45;4;13,125;20,875;21,75;1693;202;0;22,6
4622;2023.06.11 15:00;4;13,125;20,8125;21,875;1692;202;0;22,6
4623;2023.06.11 15:15;4;13,125;21;22,25;1692;202;0;22,6
4624;2023.06.11 15:30;4;13,125;20,625;21,625;1691;202;0;22,6
4625;2023.06.11 15:45;4;13,125;20,25;21,125;1690;202;0;22,6
4626;2023.06.11 16:00;4;13,1875;19,875;20,75;1693;202;0;22,6
4627;2023.06.11 16:15;4;13,1875;19,875;20,9375;1689;202;0;22,5
4628;2023.06.11 16:30;4;13,1875;20,125;21,375;1691;202;0;22,6
4629;2023.06.11 16:45;4;13,1875;20,625;22,125;1692;202;0;22,6
4630;2023.06.11 17:00;4;13,1875;20,75;22,125;1692;202;0;22,6
4631;2023.06.11 17:15;4;13,25;20,75;22;1692;202;0;22,6
4632;2023.06.11 17:30;4;13,25;20,625;21,8125;1689;202;0;22,5
4633;2023.06.11 17:45;4;13,25;20,5;21,625;1688;202;0;22,5
4634;2023.06.11 18:00;4;13,25;20,3125;21,375;1688;202;0;22,5
4635;2023.06.11 18:15;4;13,25;19,875;20,875;1687;202;0;22,5
4636;2023.06.11 18:30;4;13,25;19,5;20,5;1686;202;0;22,5
4637;2023.06.11 18:45;4;13,25;19,0625;20;1684;202;0;22,4
4638;2023.06.11 19:00;4;13,25;18,75;19,6875;1683;202;0;22,4
4639;2023.06.11 19:15;4;13,25;18,625;19,5;1683;202;0;22,4
4640;2023.06.11 19:30;4;13,25;18,625;19,625;1683;202;0;22,4
4641;2023.06.11 19:45;4;13,25;18,625;19,625;1681;202;0;22,4
4642;2023.06.11 20:00;4;13,25;18,375;19,25;1681;202;0;22,4
4643;2023.06.11 20:15;4;13,1875;18,125;19;1679;202;0;22,3
4644;2023.06.11 20:30;4;13,1875;17,875;18,625;1678;202;0;22,3
4645;2023.06.11 20:45;4;13,1875;17,5625;18,375;1678;202;0;22,3
4646;2023.06.11 21:00;4;13,125;17,25;17,8125;1677;202;0;22,3
4647;2023.06.11 21:15;4;13,125;16,875;17,375;1676;202;0;22,3
4648;2023.06.11 21:30;4;13,125;16,6875;17,25;1675;202;0;22,3
4649;2023.06.11 21:45;4;13,125;16,5625;17,125;1674;202;0;22,2
4650;2023.06.11 22:00;4;13,125;16,4375;17;1674;202;0;22,2
4651;2023.06.11 22:15;4;13,125;16,25;16,6875;1673;202;0;22,2
4652;2023.06.11 22:30;4;13,125;16;16,375;1672;202;0;22,2
4653;2023.06.11 22:45;4;13,0625;15,75;16,125;1671;202;0;22,2
4654;2023.06.11 23:00;4;13;15,625;16;1670;202;0;22,2
4655;2023.06.11 23:15;4;13;15,375;15,75;1670;202;0;22,2
4656;2023.06.11 23:30;4;13;15,1875;15,5;1668;202;0;22,1
4657;2023.06.11 23:45;4;13;15,0625;15,375;1667;202;0;22,1
4658;2023.06.12 00:00;4;13;14,875;15,125;1667;202;0;22,1
4659;2023.06.12 00:15;4;12,9375;14,875;15,1875;1665;202;0;22,1
4660;2023.06.12 00:30;4;12,9375;14,8125;15,125;1666;202;0;22,1
4661;2023.06.12 00:45;4;12,875;14,875;15,25;1667;202;0;22,1
4662;2023.06.12 01:00;4;12,875;14,875;15,125;1665;202;0;22,1
4663;2023.06.12 01:15;4;12,875;14,75;15;1664;202;0;22,0
4664;2023.06.12 01:30;4;12,875;14,625;14,875;1666;202;0;22,1
4665;2023.06.12 01:45;4;12,875;14,5625;14,875;1664;202;0;22,0
4666;2023.06.12 02:00;4;12,875;14,625;15;1664;202;0;22,0
4667;2023.06.12 02:15;4;12,8125;14,5625;14,875;1663;202;0;22,0
4668;2023.06.12 02:30;4;12,75;14,5;14,875;1662;202;0;22,0
4669;2023.06.12 02:45;4;12,75;14,5;14,8125;1661;202;0;22,0
4670;2023.06.12 03:00;4;12,75;14,4375;14,75;1661;202;0;22,0
4671;2023.06.12 03:15;4;12,75;14,5;14,875;1660;202;0;22,0
4672;2023.06.12 03:30;4;12,75;14,625;15;1660;202;0;22,0
4673;2023.06.12 03:45;4;12,75;14,6875;15,125;1660;202;0;22,0
4674;2023.06.12 04:00;4;12,75;14,875;15,375;1660;202;0;22,0
4675;2023.06.12 04:15;4;12,75;15,1875;15,875;1665;202;0;22,1
4676;2023.06.12 04:30;4;12,6875;15,3125;16;1660;202;0;22,0
4677;2023.06.12 04:45;4;12,6875;15,375;16;1660;202;0;22,0
4678;2023.06.12 05:00;4;12,6875;15,375;16;1659;202;0;21,9
4679;2023.06.12 05:15;4;12,6875;15,5;16,1875;1659;202;0;21,9
4680;2023.06.12 05:30;4;12,6875;15,625;16,375;1659;202;0;21,9
4681;2023.06.12 05:45;4;12,6875;15,8125;16,625;1659;202;0;21,9
4682;2023.06.12 06:00;4;12,6875;16,125;17;1660;202;0;22,0
4683;2023.06.12 06:15;4;12,6875;16,5;17,5;1660;202;0;22,0
4684;2023.06.12 06:30;4;12,75;16,875;18;1660;202;0;22,0
4685;2023.06.12 06:45;4;12,75;17,25;18,5;1660;202;0;22,0
4686;2023.06.12 07:00;4;12,75;17,625;19;1660;202;0;22,0
4687;2023.06.12 07:15;4;12,75;18,125;19,625;1661;202;0;22,0
4688;2023.06.12 07:30;4;12,75;18,375;19,75;1661;202;0;22,0
4689;2023.06.12 07:45;4;12,75;18,875;20,375;1661;202;0;22,0
4690;2023.06.12 08:00;4;12,8125;19,5;21,25;1662;202;0;22,0
4691;2023.06.12 08:15;4;12,875;20,25;22,125;1663;202;0;22,0
4692;2023.06.12 08:30;4;12,875;20,9375;22,875;1663;202;0;22,0
4693;2023.06.12 08:45;4;12,875;21,3125;23,25;1664;202;0;22,0
4694;2023.06.12 09:00;4;12,9375;21,3125;23,125;1663;202;0;22,0
4695;2023.06.12 09:15;4;13;21,3125;23;1662;202;0;22,0
4696;2023.06.12 09:30;4;13;21,5625;23,375;1662;202;0;22,0
4697;2023.06.12 09:45;4;13,0625;21,625;23,5;1662;202;0;22,0
4698;2023.06.12 10:00;4;13,125;22;24;1662;202;0;22,0
4699;2023.06.12 10:15;4;13,125;22,375;24,375;1662;202;0;22,0
4700;2023.06.12 10:30;4;13,125;23,25;25,6875;1663;202;0;22,0
4701;2023.06.12 10:45;4;13,25;23,875;26,4375;1664;202;0;22,0
4702;2023.06.12 11:00;4;13,25;24,375;26,875;1664;202;0;22,0
4703;2023.06.12 11:15;4;13,25;24,75;27,25;1664;202;0;22,0
4704;2023.06.12 11:30;4;13,375;25;27,375;1667;202;0;22,1
4705;2023.06.12 11:45;4;13,375;25,9375;28,3125;1666;202;0;22,1
4706;2023.06.12 12:00;4;13,4375;26,375;28,375;1667;202;0;22,1
4707;2023.06.12 12:15;4;13,5;27,125;29,375;1668;202;0;22,1
4708;2023.06.12 12:30;4;13,5;26,1875;27,625;1669;202;0;22,1
4709;2023.06.12 12:45;4;13,5625;26,1875;28,3125;1664;202;0;22,0
4710;2023.06.12 13:00;4;13,625;26,1875;28,1875;1664;202;0;22,0
4711;2023.06.12 13:15;4;13,625;25,5625;27,25;1660;202;0;22,0
4712;2023.06.12 13:30;4;13,6875;26,6875;29;1661;202;0;22,0
4713;2023.06.12 13:45;4;13,75;27;29,3125;1661;202;0;22,0
4714;2023.06.12 14:00;4;13,75;26,5625;28,3125;1659;202;0;21,9
4715;2023.06.12 14:15;4;13,75;25,5;26,75;1657;202;0;21,9
4716;2023.06.12 14:30;4;13,8125;25,9375;27,875;1657;202;0;21,9
4717;2023.06.12 14:45;4;13,8125;24,75;26;1654;202;0;21,8
4718;2023.06.12 15:00;4;13,875;25,875;27,875;1655;202;0;21,9
4719;2023.06.12 15:15;4;13,875;25,375;26,875;1654;202;0;21,8
4720;2023.06.12 15:30;4;13,875;26;27,625;1655;202;0;21,9
4721;2023.06.12 15:45;4;13,875;25,9375;27,75;1652;202;0;21,8
4722;2023.06.12 16:00;4;13,875;24,875;26,25;1649;202;0;21,7
4723;2023.06.12 16:15;4;13,9375;24;25,3125;1647;202;0;21,7
4724;2023.06.12 16:30;4;13,9375;23,625;25,0625;1646;202;0;21,7
4725;2023.06.12 16:45;4;14;23,5625;25,1875;1645;202;0;21,6
4726;2023.06.12 17:00;4;14;23,1875;24,5;1643;202;0;21,6
4727;2023.06.12 17:15;4;14;21,25;21,125;1640;202;0;21,5
4728;2023.06.12 17:30;4;14;20,0625;20;1637;202;0;21,5
4729;2023.06.12 17:45;4;13,9375;19,5;19,625;1635;202;0;21,4
4730;2023.06.12 18:00;4;13,9375;19,1875;19,5;1634;202;0;21,4
4731;2023.06.12 18:15;4;13,875;19,125;19,8125;1634;202;0;21,4
4732;2023.06.12 18:30;4;13,875;19,125;19,875;1633;202;0;21,4
4733;2023.06.12 18:45;4;13,875;19;19,8125;1634;202;0;21,4
4734;2023.06.12 19:00;4;13,875;18,75;19,375;1632;202;0;21,4
4735;2023.06.12 19:15;4;13,875;18,4375;19;1631;202;0;21,4
4736;2023.06.12 19:30;4;13,8125;18,3125;19;1630;202;0;21,3
4737;2023.06.12 19:45;4;13,8125;18,25;19;1630;202;0;21,3
4738;2023.06.12 20:00;4;13,75;18,375;19,25;1629;202;0;21,3
4739;2023.06.12 20:15;4;13,75;18,5;19,375;1630;202;0;21,3
4740;2023.06.12 20:30;4;13,75;18,6875;19,5;1630;202;0;21,3
4741;2023.06.12 20:45;4;13,75;19;20,25;1630;202;0;21,3
4742;2023.06.12 21:00;4;13,75;18,9375;19,9375;1629;202;0;21,3
4743;2023.06.12 21:15;4;13,75;18,375;19;1628;202;0;21,3
4744;2023.06.12 21:30;4;13,75;18;18,625;1627;202;0;21,3
4745;2023.06.12 21:45;4;13,6875;17,625;18,0625;1625;202;0;21,2
4746;2023.06.12 22:00;4;13,6875;17,0625;17,375;1626;202;0;21,3
4747;2023.06.12 22:15;4;13,625;16,5;16,6875;1624;202;0;21,2
4748;2023.06.12 22:30;4;13,625;16,125;16,3125;1623;202;0;21,2
4749;2023.06.12 22:45;4;13,625;15,8125;16;1621;202;0;21,2
4750;2023.06.12 23:00;4;13,625;15,625;15,875;1622;202;0;21,2
4751;2023.06.12 23:15;4;13,5625;15,625;15,875;1620;202;0;21,1
4752;2023.06.12 23:30;4;13,5;15,375;15,5625;1619;202;0;21,1
4753;2023.06.12 23:45;4;13,5;15,125;15,25;1618;202;0;21,1
4754;2023.06.13 00:00;4;13,5;15,1875;15,375;1618;202;0;21,1
4755;2023.06.13 00:15;4;13,5;15,3125;15,625;1618;202;0;21,1
4756;2023.06.13 00:30;4;13,4375;15,375;15,6875;1617;202;0;21,1
4757;2023.06.13 00:45;4;13,375;15,5;15,9375;1617;202;0;21,1
4758;2023.06.13 01:00;4;13,375;16,25;17;1618;202;0;21,1
4759;2023.06.13 01:15;4;13,375;16,625;17,5;1618;202;0;21,1
4760;2023.06.13 01:30;4;13,375;16,8125;17,625;1618;202;0;21,1
4761;2023.06.13 01:45;4;13,375;17;17,875;1618;202;0;21,1
4762;2023.06.13 02:00;4;13,375;17,375;18,375;1618;202;0;21,1
4763;2023.06.13 02:15;4;13,375;17,4375;18,375;1618;202;0;21,1
4764;2023.06.13 02:30;4;13,375;17,3125;18;1617;202;0;21,1
4765;2023.06.13 02:45;4;13,375;17,375;18,25;1617;202;0;21,1
4766;2023.06.13 03:00;4;13,375;17,5;18,375;1617;202;0;21,1
4767;2023.06.13 03:15;4;13,375;17,4375;18,25;1616;202;0;21,1
4768;2023.06.13 03:30;4;13,375;17,25;18;1615;202;0;21,0
4769;2023.06.13 03:45;4;13,375;17,375;18,3125;1614;202;0;21,0
4770;2023.06.13 04:00;4;13,375;17,375;18,375;1614;202;0;21,0
4771;2023.06.13 04:15;4;13,375;17,5;18,625;1615;202;0;21,0
4772;2023.06.13 04:30;4;13,375;17,6875;19;1613;202;0;21,0
4773;2023.06.13 04:45;4;13,3125;17,75;18,9375;1611;202;0;20,9
4774;2023.06.13 05:00;4;13,3125;17,8125;19;1613;202;0;21,0
4775;2023.06.13 05:15;4;13,3125;18;19,3125;1611;202;0;20,9
4776;2023.06.13 05:30;4;13,3125;18,125;19,25;1611;202;0;20,9
4777;2023.06.13 05:45;4;13,25;18,1875;19,375;1610;202;0;20,9
4778;2023.06.13 06:00;4;13,25;18,25;19,3125;1610;202;0;20,9
4779;2023.06.13 06:15;4;13,25;17,875;18,75;1609;202;0;20,9
4780;2023.06.13 06:30;4;13,25;18;19;1608;202;0;20,9
4781;2023.06.13 06:45;4;13,25;18,25;19,5;1608;202;0;20,9
4782;2023.06.13 07:00;4;13,25;18,8125;20,25;1609;202;0;20,9
4783;2023.06.13 07:15;4;13,25;19,375;21;1609;202;0;20,9
4784;2023.06.13 07:30;4;13,25;19,875;21,6875;1609;202;0;20,9
4785;2023.06.13 07:45;4;13,25;20,875;22,5;1611;202;0;20,9
4786;2023.06.13 08:00;4;13,3125;21,125;22,875;1611;202;0;20,9
4787;2023.06.13 08:15;4;13,3125;21,25;22,875;1611;202;0;20,9
4788;2023.06.13 08:30;4;13,375;21,6875;23,5;1609;202;0;20,9
4789;2023.06.13 08:45;4;13,375;22,375;24,375;1609;202;0;20,9
4790;2023.06.13 09:00;4;13,375;22,875;24,75;1610;202;0;20,9
4791;2023.06.13 09:15;4;13,375;23,125;24,875;1610;202;0;20,9
4792;2023.06.13 09:30;4;13,4375;23,25;25,125;1609;202;0;20,9
4793;2023.06.13 09:45;4;13,5;23,375;25,25;1609;202;0;20,9
4794;2023.06.13 10:00;4;13,5;23,75;25,75;1609;202;0;20,9
4795;2023.06.13 10:15;4;13,5;24,625;26,875;1610;202;0;20,9
4796;2023.06.13 10:30;4;13,5;24,75;26,6875;1612;202;0;21,0
4797;2023.06.13 10:45;4;13,5625;24,8125;26,75;1611;202;0;20,9
4798;2023.06.13 11:00;4;13,625;25,125;27,125;1617;202;0;21,1
4799;2023.06.13 11:15;4;13,625;25,25;27,125;1607;202;0;20,9
4800;2023.06.13 11:30;4;13,625;25,5;27,375;1617;202;0;21,1
4801;2023.06.13 11:45;4;13,625;26,0625;27,875;1607;202;0;20,9
4802;2023.06.13 12:00;4;13,75;26,5625;28,0625;1607;202;0;20,9
4803;2023.06.13 12:15;4;13,75;27,125;28,625;1607;202;0;20,9
4804;2023.06.13 12:30;4;13,75;27,0625;28,375;1607;202;0;20,9
4805;2023.06.13 12:45;4;13,875;26,625;28,1875;1605;202;0;20,8
4806;2023.06.13 13:00;4;13,875;26,375;28;1604;202;0;20,8
4807;2023.06.13 13:15;4;13,875;26,375;27,9375;1625;202;0;21,2
4808;2023.06.13 13:30;4;13,9375;26,625;28;1625;202;0;21,2
4809;2023.06.13 13:45;4;14;26,375;27,8125;1624;202;0;21,2
4810;2023.06.13 14:00;4;14;26,5;27,9375;1623;202;0;21,2
4811;2023.06.13 14:15;4;14;26,625;27,875;1624;202;0;21,2
4812;2023.06.13 14:30;4;14;26,375;27,6875;1624;202;0;21,2
4813;2023.06.13 14:45;4;14,0625;26,875;27,8125;1624;202;0;21,2
4814;2023.06.13 15:00;4;14,0625;26,5;27,625;1624;202;0;21,2
4815;2023.06.13 15:15;4;14,125;26,6875;27,75;1623;202;0;21,2
4816;2023.06.13 15:30;4;14,125;26,6875;27,9375;1623;202;0;21,2
4817;2023.06.13 15:45;4;14,125;25,75;26,9375;1626;202;0;21,3
4818;2023.06.13 16:00;4;14,125;25,375;26,625;1610;202;0;20,9
4819;2023.06.13 16:15;4;14,125;24,5625;25,625;1599;202;0;20,7
4820;2023.06.13 16:30;4;14,125;24,3125;25,5;1591;202;0;20,5
4821;2023.06.13 16:45;4;14,125;23,5;24,625;1590;202;0;20,5
4822;2023.06.13 17:00;4;14,125;23,625;25,0625;1589;202;0;20,5
4823;2023.06.13 17:15;4;14,1875;22,875;24;1587;202;0;20,5
4824;2023.06.13 17:30;4;14,125;22,5;23,625;1586;202;0;20,4
4825;2023.06.13 17:45;4;14,125;22,5;23,9375;1585;202;0;20,4
4826;2023.06.13 18:00;4;14,125;22,5;23,875;1593;202;0;20,6
4827;2023.06.13 18:15;4;14,125;22,125;23,375;1591;202;0;20,5
4828;2023.06.13 18:30;4;14,125;21,5625;22,6875;1592;202;0;20,6
4829;2023.06.13 18:45;4;14,125;21,125;22,1875;1588;202;0;20,5
4830;2023.06.13 19:00;4;14,125;20,75;21,6875;1587;202;0;20,5
4831;2023.06.13 19:15;4;14,125;20,5625;21,6875;1587;202;0;20,5
4832;2023.06.13 19:30;4;14,0625;20,375;21,5;1584;202;0;20,4
4833;2023.06.13 19:45;4;14,0625;20,125;21,125;1583;202;0;20,4
4834;2023.06.13 20:00;4;14;19,875;20,875;1581;202;0;20,3
4835;2023.06.13 20:15;4;14;19,6875;20,75;1581;202;0;20,3
4836;2023.06.13 20:30;4;14;19,5;20,4375;1581;202;0;20,3
4837;2023.06.13 20:45;4;14;19,3125;20,25;1579;202;0;20,3
4838;2023.06.13 21:00;4;13,9375;19,25;20,375;1579;202;0;20,3
4839;2023.06.13 21:15;4;13,875;19,25;20,375;1573;202;0;20,2
4840;2023.06.13 21:30;4;13,875;19,125;20,25;1576;202;0;20,2
4841;2023.06.13 21:45;4;13,875;18,75;19,4375;1569;202;0;20,1
4842;2023.06.13 22:00;4;13,875;18;18,5;1568;202;0;20,1
4843;2023.06.13 22:15;4;13,8125;17,625;18,125;1566;202;0;20,0
4844;2023.06.13 22:30;4;13,75;17,6875;18,4375;1568;202;0;20,1
4845;2023.06.13 22:45;4;13,75;17,625;18,375;1566;202;0;20,0
4846;2023.06.13 23:00;4;13,75;17,4375;18,125;1565;202;0;20,0
4847;2023.06.13 23:15;4;13,75;16,9375;17,375;1564;202;0;20,0
4848;2023.06.13 23:30;4;13,6875;16,625;16,9375;1562;202;0;19,9
4849;2023.06.13 23:45;4;13,625;16,4375;16,9375;1562;202;0;19,9
4850;2023.06.14 00:00;4;13,625;16,4375;17;1562;202;0;19,9
4851;2023.06.14 00:15;4;13,625;16,6875;17,5;1561;202;0;19,9
4852;2023.06.14 00:30;4;13,5625;16,875;17,75;1561;202;0;19,9
4853;2023.06.14 00:45;4;13,5;16,875;17,625;1560;202;0;19,9
4854;2023.06.14 01:00;4;13,5;17;17,9375;1560;202;0;19,9
4855;2023.06.14 01:15;4;13,5;16,875;17,625;1560;202;0;19,9
4856;2023.06.14 01:30;4;13,5;16,625;17,25;1559;202;0;19,9
4857;2023.06.14 01:45;4;13,5;16,5;17,25;1559;202;0;19,9
4858;2023.06.14 02:00;4;13,4375;16,5;17,25;1561;202;0;19,9
4859;2023.06.14 02:15;4;13,375;16,375;16,875;1562;202;0;19,9
4860;2023.06.14 02:30;4;13,375;16;16,3125;1560;202;0;19,9
4861;2023.06.14 02:45;4;13,375;16;16,625;1557;202;0;19,8
4862;2023.06.14 03:00;4;13,375;15,6875;16;1557;202;0;19,8
4863;2023.06.14 03:15;4;13,375;15,125;15,375;1555;202;0;19,8
4864;2023.06.14 03:30;4;13,3125;15,4375;16,125;1555;202;0;19,8
4865;2023.06.14 03:45;4;13,25;15,625;16,375;1556;202;0;19,8
4866;2023.06.14 04:00;4;13,25;15,8125;16,5625;1555;202;0;19,8
4867;2023.06.14 04:15;4;13,25;15,9375;16,625;1555;202;0;19,8
4868;2023.06.14 04:30;4;13,25;15,4375;15,6875;1551;202;0;19,7
4869;2023.06.14 04:45;4;13,25;14,9375;15,125;1554;202;0;19,8
4870;2023.06.14 05:00;4;13,1875;14,6875;14,875;1569;202;0;20,1
4871;2023.06.14 05:15;4;13,125;14,625;15;1588;202;0;20,5
4872;2023.06.14 05:30;4;13,125;14,75;15,25;1577;202;0;20,2
4873;2023.06.14 05:45;4;13,125;14,8125;15,25;1551;202;0;19,7
4874;2023.06.14 06:00;4;13,125;14,875;15,375;1551;202;0;19,7
4875;2023.06.14 06:15;4;13,125;15;15,625;1551;202;0;19,7
4876;2023.06.14 06:30;4;13,0625;15,25;15,9375;1549;202;0;19,7
4877;2023.06.14 06:45;4;13,0625;15,5;16,25;1549;202;0;19,7
4878;2023.06.14 07:00;4;13,0625;15,875;16,6875;1550;202;0;19,7
4879;2023.06.14 07:15;4;13;16,125;16,9375;1550;202;0;19,7
4880;2023.06.14 07:30;4;13;16,5625;17,5;1551;202;0;19,7
4881;2023.06.14 07:45;4;13;17,5625;18,25;1552;202;0;19,7
4882;2023.06.14 08:00;4;13;17,8125;18,75;1552;202;0;19,7
4883;2023.06.14 08:15;4;13;17,875;18,8125;1552;202;0;19,7
4884;2023.06.14 08:30;4;13;18,25;19,25;1553;202;0;19,7
4885;2023.06.14 08:45;4;13;18,375;19,5;1552;202;0;19,7
4886;2023.06.14 09:00;4;13;19;20,1875;1552;202;0;19,7
4887;2023.06.14 09:15;4;13,0625;19,375;20,625;1553;202;0;19,7
4888;2023.06.14 09:30;4;13,0625;19,75;21;1552;202;0;19,7
4889;2023.06.14 09:45;4;13,125;20,25;21,625;1552;202;0;19,7
4890;2023.06.14 10:00;4;13,125;20,5625;22;1553;202;0;19,7
4891;2023.06.14 10:15;4;13,125;21,5625;23,125;1555;202;0;19,8
4892;2023.06.14 10:30;4;13,125;22,125;23,5;1556;202;0;19,8
4893;2023.06.14 10:45;4;13,1875;22,125;23,4375;1556;202;0;19,8
4894;2023.06.14 11:00;4;13,25;22,3125;23,75;1555;202;0;19,8
4895;2023.06.14 11:15;4;13,25;22,625;24,25;1553;202;0;19,7
4896;2023.06.14 11:30;4;13,25;22,875;24,5;1554;202;0;19,8
4897;2023.06.14 11:45;4;13,3125;23,375;24,875;1555;202;0;19,8
4898;2023.06.14 12:00;4;13,375;24;25;1556;202;0;19,8
4899;2023.06.14 12:15;4;13,375;24,75;25,625;1562;202;0;19,9
4900;2023.06.14 12:30;4;13,375;24,75;25,75;1557;202;0;19,8
4901;2023.06.14 12:45;4;13,5;24,25;25,375;1555;202;0;19,8
4902;2023.06.14 13:00;4;13,5;24;25,1875;1551;202;0;19,7
4903;2023.06.14 13:15;4;13,5;24,25;25,6875;1551;202;0;19,7
4904;2023.06.14 13:30;4;13,5;24,875;26,125;1551;202;0;19,7
4905;2023.06.14 13:45;4;13,5625;24,5625;25,625;1551;202;0;19,7
4906;2023.06.14 14:00;4;13,625;24,75;25,875;1550;202;0;19,7
4907;2023.06.14 14:15;4;13,625;24,875;25,75;1549;202;0;19,7
4908;2023.06.14 14:30;4;13,625;24,5;25,5;1548;202;0;19,6
4909;2023.06.14 14:45;4;13,6875;24,875;25,5;1548;202;0;19,6
4910;2023.06.14 15:00;4;13,6875;24,3125;25;1546;202;0;19,6
4911;2023.06.14 15:15;4;13,75;24,375;25,125;1551;202;0;19,7
4912;2023.06.14 15:30;4;13,75;24,3125;24,9375;1545;202;0;19,6
4913;2023.06.14 15:45;4;13,75;23,5;24,4375;1544;202;0;19,6
4914;2023.06.14 16:00;4;13,75;23,125;24,125;1543;202;0;19,5
4915;2023.06.14 16:15;4;13,75;22,8125;23,75;1542;202;0;19,5
4916;2023.06.14 16:30;4;13,75;22,4375;23,375;1539;202;0;19,5
4917;2023.06.14 16:45;4;13,75;22,125;23,0625;1538;202;0;19,4
4918;2023.06.14 17:00;4;13,75;21,75;22,625;1537;202;0;19,4
4919;2023.06.14 17:15;4;13,75;21,375;22,25;1535;202;0;19,4
4920;2023.06.14 17:30;4;13,75;20,9375;21,8125;1534;202;0;19,3
4921;2023.06.14 17:45;4;13,75;20,625;21,5;1533;202;0;19,3
4922;2023.06.14 18:00;4;13,75;20,375;21,1875;1533;202;0;19,3
4923;2023.06.14 18:15;4;13,75;20;20,75;1531;202;0;19,3
4924;2023.06.14 18:30;4;13,6875;19,625;20,375;1530;202;0;19,3
4925;2023.06.14 18:45;4;13,6875;19,25;20;1529;202;0;19,2
4926;2023.06.14 19:00;4;13,625;18,875;19,5625;1527;202;0;19,2
4927;2023.06.14 19:15;4;13,625;18,3125;18,75;1526;202;0;19,2
4928;2023.06.14 19:30;4;13,625;18;18,625;1525;202;0;19,2
4929;2023.06.14 19:45;4;13,625;17,75;18,375;1523;202;0;19,1
4930;2023.06.14 20:00;4;13,5625;17,375;17,875;1529;202;0;19,2
4931;2023.06.14 20:15;4;13,5;17;17,375;1530;202;0;19,3
4932;2023.06.14 20:30;4;13,5;16,625;17;1520;202;0;19,1
4933;2023.06.14 20:45;4;13,5;16,375;16,75;1519;202;0;19,0
4934;2023.06.14 21:00;4;13,4375;16,125;16,4375;1518;202;0;19,0
4935;2023.06.14 21:15;4;13,375;15,75;16;1518;202;0;19,0
4936;2023.06.14 21:30;4;13,375;15,4375;15,6875;1516;202;0;19,0
4937;2023.06.14 21:45;4;13,375;15,125;15,375;1518;202;0;19,0
4938;2023.06.14 22:00;4;13,3125;14,875;15,0625;1516;202;0;19,0
4939;2023.06.14 22:15;4;13,25;14,625;14,875;1515;202;0;19,0
4940;2023.06.14 22:30;4;13,25;14,5;14,8125;1514;202;0;18,9
4941;2023.06.14 22:45;4;13,25;14,25;14,375;1512;202;0;18,9
4942;2023.06.14 23:00;4;13,1875;14,0625;14,25;1512;202;0;18,9
4943;2023.06.14 23:15;4;13,125;14;14,125;1511;202;0;18,9
4944;2023.06.14 23:30;4;13,125;13,875;14;1510;202;0;18,8
4945;2023.06.14 23:45;4;13,125;13,875;14,1875;1510;202;0;18,8
4946;2023.06.15 00:00;4;13,0625;13,875;14,125;1510;202;0;18,8
4947;2023.06.15 00:15;4;13;13,875;14,125;1509;202;0;18,8
4948;2023.06.15 00:30;4;13;13,75;14;1508;202;0;18,8
4949;2023.06.15 00:45;4;13;13,5625;13,75;1508;202;0;18,8
4950;2023.06.15 01:00;4;13;13,5;13,625;1507;202;0;18,8
4951;2023.06.15 01:15;4;12,9375;13,6875;14,0625;1507;202;0;18,8
4952;2023.06.15 01:30;4;12,875;13,6875;14;1507;202;0;18,8
4953;2023.06.15 01:45;4;12,875;13,8125;14,1875;1507;202;0;18,8
4954;2023.06.15 02:00;4;12,875;13,625;13,75;1506;202;0;18,8
4955;2023.06.15 02:15;4;12,875;13,5;13,75;1505;202;0;18,7
4956;2023.06.15 02:30;4;12,875;13,625;13,9375;1505;202;0;18,7
4957;2023.06.15 02:45;4;12,8125;13,5625;13,8125;1505;202;0;18,7
4958;2023.06.15 03:00;4;12,75;13,875;14,5;1505;202;0;18,7
4959;2023.06.15 03:15;4;12,75;13,9375;14,375;1504;202;0;18,7
4960;2023.06.15 03:30;4;12,75;13,625;13,75;1503;202;0;18,7
4961;2023.06.15 03:45;4;12,75;13,0625;12,875;1502;202;0;18,7
4962;2023.06.15 04:00;4;12,75;12,875;12,875;1503;202;0;18,7
4963;2023.06.15 04:15;4;12,6875;12,75;12,75;1501;202;0;18,7
4964;2023.06.15 04:30;4;12,625;13,25;13,6875;1501;202;0;18,7
4965;2023.06.15 04:45;4;12,625;13,625;14,25;1512;202;0;18,9
4966;2023.06.15 05:00;4;12,625;14,125;14,75;1502;202;0;18,7
4967;2023.06.15 05:15;4;12,625;14,375;14,9375;1502;202;0;18,7
4968;2023.06.15 05:30;4;12,625;14,4375;15;1503;202;0;18,7
4969;2023.06.15 05:45;4;12,625;14,375;14,75;1509;202;0;18,8
4970;2023.06.15 06:00;4;12,625;14,4375;14,875;1501;202;0;18,7
4971;2023.06.15 06:15;4;12,625;14,75;15,375;1501;202;0;18,7
4972;2023.06.15 06:30;4;12,625;15,1875;15,875;1502;202;0;18,7
4973;2023.06.15 06:45;4;12,625;15,625;16,5;1502;202;0;18,7
4974;2023.06.15 07:00;4;12,625;16;16,875;1502;202;0;18,7
4975;2023.06.15 07:15;4;12,625;16,4375;17,5;1503;202;0;18,7
4976;2023.06.15 07:30;4;12,625;16,875;18;1503;202;0;18,7
4977;2023.06.15 07:45;4;12,625;17,875;18,75;1505;202;0;18,7
4978;2023.06.15 08:00;4;12,625;18,125;19,25;1505;202;0;18,7
4979;2023.06.15 08:15;4;12,6875;18,125;19,0625;1505;202;0;18,7
4980;2023.06.15 08:30;4;12,6875;18,375;19,5;1504;202;0;18,7
4981;2023.06.15 08:45;4;12,75;18,5;19,625;1505;202;0;18,7
4982;2023.06.15 09:00;4;12,75;19,0625;20,1875;1504;202;0;18,7
4983;2023.06.15 09:15;4;12,75;19,375;20,625;1506;202;0;18,8
4984;2023.06.15 09:30;4;12,75;19,6875;20,9375;1506;202;0;18,8
4985;2023.06.15 09:45;4;12,8125;20,25;21,6875;1506;202;0;18,8
4986;2023.06.15 10:00;4;12,875;20,5625;22;1506;202;0;18,8
4987;2023.06.15 10:15;4;12,875;21,5;23,375;1507;202;0;18,8
4988;2023.06.15 10:30;4;12,9375;22;23,375;1508;202;0;18,8
4989;2023.06.15 10:45;4;12,9375;22;23,3125;1507;202;0;18,8
4990;2023.06.15 11:00;4;13;22;23,4375;1506;202;0;18,8
4991;2023.06.15 11:15;4;13;22,25;23,75;1507;202;0;18,8
4992;2023.06.15 11:30;4;13,0625;22,5;24;1506;202;0;18,8
4993;2023.06.15 11:45;4;13,125;22,9375;24,25;1507;202;0;18,8
4994;2023.06.15 12:00;4;13,125;23,75;24,875;1508;202;0;18,8
4995;2023.06.15 12:15;4;13,1875;24,625;25,625;1510;202;0;18,8
4996;2023.06.15 12:30;4;13,25;24,375;25,5;1508;202;0;18,8
4997;2023.06.15 12:45;4;13,25;24;25,125;1507;202;0;18,8
4998;2023.06.15 13:00;4;13,3125;23,875;25,125;1506;202;0;18,8
4999;2023.06.15 13:15;4;13,375;24,0625;25,3125;1506;202;0;18,8
5000;2023.06.15 13:30;4;13,375;24,75;26,125;1507;202;0;18,8
5001;2023.06.15 13:45;4;13,375;24,375;25,4375;1506;202;0;18,8
5002;2023.06.15 14:00;4;13,4375;24,625;25,625;1506;202;0;18,8
5003;2023.06.15 14:15;4;13,5;24,75;25,625;1506;202;0;18,8
5004;2023.06.15 14:30;4;13,5;24,375;25,4375;1504;202;0;18,7
5005;2023.06.15 14:45;4;13,5;25,125;25,875;1506;202;0;18,8
5006;2023.06.15 15:00;4;13,5625;24,875;25,75;1505;202;0;18,7
5007;2023.06.15 15:15;4;13,5625;24,875;25,5;1504;202;0;18,7
5008;2023.06.15 15:30;4;13,625;24,6875;25,3125;1503;202;0;18,7
5009;2023.06.15 15:45;4;13,625;23,9375;24,875;1501;202;0;18,7
5010;2023.06.15 16:00;4;13,625;23,5;24,5;1500;202;0;18,6
5011;2023.06.15 16:15;4;13,625;22,9375;23,875;1498;202;0;18,6
5012;2023.06.15 16:30;4;13,625;22,625;23,75;1497;202;0;18,6
5013;2023.06.15 16:45;4;13,625;22,5;23,6875;1496;202;0;18,6
5014;2023.06.15 17:00;4;13,625;22,25;23,25;1496;202;0;18,6
5015;2023.06.15 17:15;4;13,625;21,875;22,875;1494;202;0;18,5
5016;2023.06.15 17:30;4;13,625;21,375;22,375;1492;202;0;18,5
5017;2023.06.15 17:45;4;13,625;21,125;22,125;1492;202;0;18,5
5018;2023.06.15 18:00;4;13,625;20,75;21,5;1490;202;0;18,4
5019;2023.06.15 18:15;4;13,625;20,375;21,1875;1489;202;0;18,4
5020;2023.06.15 18:30;4;13,625;19,8125;20,375;1488;202;0;18,4
5021;2023.06.15 18:45;4;13,625;19,1875;19,625;1486;202;0;18,3
5022;2023.06.15 19:00;4;13,625;18,6875;19,125;1485;202;0;18,3
5023;2023.06.15 19:15;4;13,5625;18,375;18,875;1483;202;0;18,3
5024;2023.06.15 19:30;4;13,5;18;18,5;1482;202;0;18,3
5025;2023.06.15 19:45;4;13,5;17,6875;18,125;1483;202;0;18,3
5026;2023.06.15 20:00;4;13,5;17,375;17,625;1482;202;0;18,3
5027;2023.06.15 20:15;4;13,5;17,25;17,8125;1481;202;0;18,2
5028;2023.06.15 20:30;4;13,4375;17,8125;18,8125;1480;202;0;18,2
5029;2023.06.15 20:45;4;13,4375;18,1875;19,25;1480;202;0;18,2
5030;2023.06.15 21:00;4;13,375;18,25;19,25;1481;202;0;18,2
5031;2023.06.15 21:15;4;13,375;18,25;19,1875;1481;202;0;18,2
5032;2023.06.15 21:30;4;13,375;18,125;19;1480;202;0;18,2
5033;2023.06.15 21:45;4;13,375;18;18,75;1480;202;0;18,2
5034;2023.06.15 22:00;4;13,375;17,75;18,5;1479;202;0;18,2
5035;2023.06.15 22:15;4;13,375;17,625;18,25;1478;202;0;18,2
5036;2023.06.15 22:30;4;13,375;17,375;18;1478;202;0;18,2
5037;2023.06.15 22:45;4;13,3125;17,25;18;1477;202;0;18,2
5038;2023.06.15 23:00;4;13,3125;17,0625;17,625;1476;202;0;18,1
5039;2023.06.15 23:15;4;13,25;16,875;17,375;1476;202;0;18,1
5040;2023.06.15 23:30;4;13,25;16,375;16,625;1474;202;0;18,1
5041;2023.06.15 23:45;4;13,25;16;16,25;1474;202;0;18,1
5042;2023.06.16 00:00;4;13,25;15,75;16,0625;1473;202;0;18,1
5043;2023.06.16 00:15;4;13,25;15,375;15,625;1472;202;0;18,1
5044;2023.06.16 00:30;4;13,25;15,125;15,25;1471;202;0;18,0
5045;2023.06.16 00:45;4;13,1875;14,875;15;1470;202;0;18,0
5046;2023.06.16 01:00;4;13,125;14,875;15,125;1470;202;0;18,0
5047;2023.06.16 01:15;4;13,125;14,9375;15,375;1470;202;0;18,0
5048;2023.06.16 01:30;4;13,125;15;15,375;1469;202;0;18,0
5049;2023.06.16 01:45;4;13,125;14,875;15,125;1469;202;0;18,0
5050;2023.06.16 02:00;4;13,0625;14,5;14,5;1475;202;0;18,1
5051;2023.06.16 02:15;4;13,0625;14,1875;14,25;1468;202;0;18,0
5052;2023.06.16 02:30;4;13;14,25;14,375;1467;202;0;17,9
5053;2023.06.16 02:45;4;13;14,3125;14,625;1467;202;0;17,9
5054;2023.06.16 03:00;4;13;14,1875;14,375;1466;202;0;17,9
5055;2023.06.16 03:15;4;13;14,1875;14,4375;1466;202;0;17,9
5056;2023.06.16 03:30;4;12,9375;14;14,125;1465;202;0;17,9
5057;2023.06.16 03:45;4;12,9375;14,3125;14,8125;1466;202;0;17,9
5058;2023.06.16 04:00;4;12,875;14,3125;14,625;1465;202;0;17,9
5059;2023.06.16 04:15;4;12,875;14,1875;14,4375;1465;202;0;17,9
5060;2023.06.16 04:30;4;12,875;14,3125;14,75;1465;202;0;17,9
5061;2023.06.16 04:45;4;12,875;14,375;14,8125;1465;202;0;17,9
5062;2023.06.16 05:00;4;12,875;14,75;15,4375;1465;202;0;17,9
5063;2023.06.16 05:15;4;12,875;14,875;15,375;1465;202;0;17,9
5064;2023.06.16 05:30;4;12,875;15;15,625;1465;202;0;17,9
5065;2023.06.16 05:45;4;12,8125;15,25;16;1465;202;0;17,9
5066;2023.06.16 06:00;4;12,8125;15,625;16,5;1466;202;0;17,9
5067;2023.06.16 06:15;4;12,8125;15,75;16,5;1466;202;0;17,9
5068;2023.06.16 06:30;4;12,875;16;16,875;1466;202;0;17,9
5069;2023.06.16 06:45;4;12,875;16,375;17,25;1466;202;0;17,9
5070;2023.06.16 07:00;4;12,875;16,75;17,75;1467;202;0;17,9
5071;2023.06.16 07:15;4;12,875;17,25;18,375;1467;202;0;17,9
5072;2023.06.16 07:30;4;12,875;17,625;18,875;1468;202;0;18,0
5073;2023.06.16 07:45;4;12,875;18,5625;19,5;1469;202;0;18,0
5074;2023.06.16 08:00;4;12,875;18,75;19,875;1469;202;0;18,0
5075;2023.06.16 08:15;4;12,9375;18,9375;20,125;1469;202;0;18,0
5076;2023.06.16 08:30;4;13;19,375;20,625;1470;202;0;18,0
5077;2023.06.16 08:45;4;13;19,75;21;1470;202;0;18,0
5078;2023.06.16 09:00;4;13;20,375;21,75;1472;202;0;18,1
5079;2023.06.16 09:15;4;13;20,5;21,75;1480;202;0;18,2
5080;2023.06.16 09:30;4;13,0625;20,75;22,125;1476;202;0;18,1
5081;2023.06.16 09:45;4;13,125;21,375;23;1477;202;0;18,2
5082;2023.06.16 10:00;4;13,125;21,9375;23,625;1478;202;0;18,2
5083;2023.06.16 10:15;4;13,1875;22,875;24,5;1479;202;0;18,2
5084;2023.06.16 10:30;4;13,25;23,375;24,75;1484;202;0;18,3
5085;2023.06.16 10:45;4;13,25;23,3125;24,6875;1476;202;0;18,1
5086;2023.06.16 11:00;4;13,3125;23,4375;24,875;1473;202;0;18,1
5087;2023.06.16 11:15;4;13,375;23,75;25,375;1473;202;0;18,1
5088;2023.06.16 11:30;4;13,375;23,75;25,25;1473;202;0;18,1
5089;2023.06.16 11:45;4;13,4375;22,625;23,5;1470;202;0;18,0
5090;2023.06.16 12:00;4;13,5;23,625;24,875;1471;202;0;18,0
5091;2023.06.16 12:15;4;13,5;25;26,375;1474;202;0;18,1
5092;2023.06.16 12:30;4;13,5;23,875;25;1471;202;0;18,0
5093;2023.06.16 12:45;4;13,5625;24,125;25,5;1471;202;0;18,0
5094;2023.06.16 13:00;4;13,625;24,6875;26,1875;1472;202;0;18,1
5095;2023.06.16 13:15;4;13,625;24,3125;25,375;1471;202;0;18,0
5096;2023.06.16 13:30;4;13,625;24;24,9375;1470;202;0;18,0
5097;2023.06.16 13:45;4;13,625;24,25;25,625;1470;202;0;18,0
5098;2023.06.16 14:00;4;13,6875;25;26,375;1471;202;0;18,0
5099;2023.06.16 14:15;4;13,75;25,0625;26;1471;202;0;18,0
5100;2023.06.16 14:30;4;13,75;24,875;26;1470;202;0;18,0
5101;2023.06.16 14:45;4;13,75;25,125;26,125;1470;202;0;18,0
5102;2023.06.16 15:00;4;13,8125;24,8125;25,875;1469;202;0;18,0
5103;2023.06.16 15:15;4;13,8125;24,875;26;1468;202;0;18,0
5104;2023.06.16 15:30;4;13,875;24,875;25,875;1468;202;0;18,0
5105;2023.06.16 15:45;4;13,875;24,125;25,125;1466;202;0;17,9
5106;2023.06.16 16:00;4;13,875;23,75;24,8125;1465;202;0;17,9
5107;2023.06.16 16:15;4;13,875;23,6875;24,875;1465;202;0;17,9
5108;2023.06.16 16:30;4;13,875;23,625;24,875;1464;202;0;17,9
5109;2023.06.16 16:45;4;13,875;23,375;24,5;1463;202;0;17,9
5110;2023.06.16 17:00;4;13,875;23;24;1462;202;0;17,8
5111;2023.06.16 17:15;4;13,875;22,5;23,5;1461;202;0;17,8
5112;2023.06.16 17:30;4;13,875;22,25;23,375;1469;202;0;18,0
5113;2023.06.16 17:45;4;13,875;21,875;22,875;1458;202;0;17,8
5114;2023.06.16 18:00;4;13,875;21,625;22,625;1457;202;0;17,7
5115;2023.06.16 18:15;4;13,875;21,125;22;1457;202;0;17,7
5116;2023.06.16 18:30;4;13,875;20,6875;21,5;1455;202;0;17,7
5117;2023.06.16 18:45;4;13,875;20,375;21,125;1458;202;0;17,8
5118;2023.06.16 19:00;4;13,875;20;20,75;1455;202;0;17,7
5119;2023.06.16 19:15;4;13,875;19,625;20,375;1452;202;0;17,6
5120;2023.06.16 19:30;4;13,875;19,25;20;1450;202;0;17,6
5121;2023.06.16 19:45;4;13,8125;18,875;19,5;1449;202;0;17,6
5122;2023.06.16 20:00;4;13,8125;18,625;19,1875;1448;202;0;17,5
5123;2023.06.16 20:15;4;13,75;18,6875;19,5;1448;202;0;17,5
5124;2023.06.16 20:30;4;13,75;18,5;19,0625;1447;202;0;17,5
5125;2023.06.16 20:45;4;13,75;18,25;18,75;1447;202;0;17,5
5126;2023.06.16 21:00;4;13,75;17,875;18,375;1445;202;0;17,5
5127;2023.06.16 21:15;4;13,75;17,375;17,6875;1445;202;0;17,5
5128;2023.06.16 21:30;4;13,6875;17;17,25;1443;202;0;17,4
5129;2023.06.16 21:45;4;13,625;16,625;16,8125;1442;202;0;17,4
5130;2023.06.16 22:00;4;13,625;16,375;16,5625;1443;202;0;17,4
5131;2023.06.16 22:15;4;13,625;16;16,1875;1441;202;0;17,4
5132;2023.06.16 22:30;4;13,625;15,8125;16;1442;202;0;17,4
5133;2023.06.16 22:45;4;13,5625;15,625;15,875;1440;202;0;17,4
5134;2023.06.16 23:00;4;13,5;15,625;16;1439;202;0;17,4
5135;2023.06.16 23:15;4;13,5;16,0625;16,75;1440;202;0;17,4
5136;2023.06.16 23:30;4;13,5;16,375;17,25;1440;202;0;17,4
5137;2023.06.16 23:45;4;13,5;16,5;17,25;1442;202;0;17,4
5138;2023.06.17 00:00;4;13,5;16,6875;17,5;1442;202;0;17,4
5139;2023.06.17 00:15;4;13,4375;16,75;17,5;1440;202;0;17,4
5140;2023.06.17 00:30;4;13,4375;16,75;17,5;1439;202;0;17,4
5141;2023.06.17 00:45;4;13,375;16,6875;17,3125;1439;202;0;17,4
5142;2023.06.17 01:00;4;13,375;16,625;17,3125;1439;202;0;17,4
5143;2023.06.17 01:15;4;13,375;16,6875;17,375;1438;202;0;17,3
5144;2023.06.17 01:30;4;13,375;16,625;17,25;1438;202;0;17,3
5145;2023.06.17 01:45;4;13,375;16,5;17,125;1437;202;0;17,3
5146;2023.06.17 02:00;4;13,375;16,5;17,25;1437;202;0;17,3
5147;2023.06.17 02:15;4;13,3125;16,3125;16,8125;1436;202;0;17,3
5148;2023.06.17 02:30;4;13,3125;16,125;16,625;1435;202;0;17,3
5149;2023.06.17 02:45;4;13,3125;15,8125;16,125;1435;202;0;17,3
5150;2023.06.17 03:00;4;13,25;15,75;16,1875;1434;202;0;17,3
5151;2023.06.17 03:15;4;13,25;15,75;16,25;1434;202;0;17,3
5152;2023.06.17 03:30;4;13,25;15,5;15,9375;1433;202;0;17,2
5153;2023.06.17 03:45;4;13,25;15,4375;15,8125;1433;202;0;17,2
5154;2023.06.17 04:00;4;13,25;15;15,25;1432;202;0;17,2
5155;2023.06.17 04:15;4;13,1875;14,75;14,8125;1437;202;0;17,3
5156;2023.06.17 04:30;4;13,125;14,5;14,6875;1430;202;0;17,2
5157;2023.06.17 04:45;4;13,125;14,6875;15;1431;202;0;17,2
5158;2023.06.17 05:00;4;13,125;14,75;15,125;1431;202;0;17,2
5159;2023.06.17 05:15;4;13,125;15;15,5;1431;202;0;17,2
5160;2023.06.17 05:30;4;13,125;15,25;15,6875;1431;202;0;17,2
5161;2023.06.17 05:45;4;13,125;15,5;16;1431;202;0;17,2
5162;2023.06.17 06:00;4;13,125;15,6875;16,25;1431;202;0;17,2
5163;2023.06.17 06:15;4;13,0625;16;16,6875;1431;202;0;17,2
5164;2023.06.17 06:30;4;13,0625;16,1875;16,875;1443;202;0;17,4
5165;2023.06.17 06:45;4;13,0625;16,5;17,25;1443;202;0;17,4
5166;2023.06.17 07:00;4;13,0625;16,75;17,625;1443;202;0;17,4
5167;2023.06.17 07:15;4;13,125;16,9375;17,75;1442;202;0;17,4
5168;2023.06.17 07:30;4;13,125;17;17,75;1441;202;0;17,4
5169;2023.06.17 07:45;4;13,125;17,125;17,875;1441;202;0;17,4
5170;2023.06.17 08:00;4;13,125;17,0625;17,75;1441;202;0;17,4
5171;2023.06.17 08:15;4;13,125;16,875;17,5;1450;202;0;17,6
5172;2023.06.17 08:30;4;13,125;16,9375;17,625;1451;202;0;17,6
5173;2023.06.17 08:45;4;13,125;16,875;17,625;1443;202;0;17,4
5174;2023.06.17 09:00;4;13,125;17,1875;18;1442;202;0;17,4
5175;2023.06.17 09:15;4;13,125;17,125;17,875;1442;202;0;17,4
5176;2023.06.17 09:30;4;13,125;17;17,6875;1442;202;0;17,4
5177;2023.06.17 09:45;4;13,125;17,25;18;1440;202;0;17,4
5178;2023.06.17 10:00;4;13,125;17,375;18,1875;1435;202;0;17,3
5179;2023.06.17 10:15;4;13,125;17,625;18,5;1440;202;0;17,4
5180;2023.06.17 10:30;4;13,125;17,6875;18,5;1440;202;0;17,4
5181;2023.06.17 10:45;4;13,125;17,9375;18,8125;1440;202;0;17,4
5182;2023.06.17 11:00;4;13,125;18,25;19,125;1440;202;0;17,4
5183;2023.06.17 11:15;4;13,125;18,375;19,25;1440;202;0;17,4
5184;2023.06.17 11:30;4;13,125;19;20,125;1441;202;0;17,4
5185;2023.06.17 11:45;4;13,125;18,875;19,75;1440;202;0;17,4
5186;2023.06.17 12:00;4;13,125;18,6875;19,375;1439;202;0;17,4
5187;2023.06.17 12:15;4;13,125;18,875;19,75;1440;202;0;17,4
5188;2023.06.17 12:30;4;13,125;18,75;19,5;1439;202;0;17,4
5189;2023.06.17 12:45;4;13,125;18,625;19,0625;1439;202;0;17,4
5190;2023.06.17 13:00;4;13,1875;18,75;19,4375;1439;202;0;17,4
5191;2023.06.17 13:15;4;13,25;19,1875;20;1447;202;0;17,5
5192;2023.06.17 13:30;4;13,25;19,25;20;1448;202;0;17,5
5193;2023.06.17 13:45;4;13,25;19,125;19,8125;1448;202;0;17,5
5194;2023.06.17 14:00;4;13,25;19,125;19,75;1444;202;0;17,5
5195;2023.06.17 14:15;4;13,25;19;19,6875;1443;202;0;17,4
5196;2023.06.17 14:30;4;13,25;18,9375;19,625;1428;202;0;17,1
5197;2023.06.17 14:45;4;13,25;19,5625;20,375;1430;202;0;17,2
5198;2023.06.17 15:00;4;13,25;19,75;20,5;1433;202;0;17,2
5199;2023.06.17 15:15;4;13,3125;19,3125;19,875;1428;202;0;17,1
5200;2023.06.17 15:30;4;13,3125;18,75;19,25;1430;202;0;17,2
5201;2023.06.17 15:45;4;13,3125;18,5625;19,1875;1426;202;0;17,1
5202;2023.06.17 16:00;4;13,3125;18,5;19,1875;1426;202;0;17,1
5203;2023.06.17 16:15;4;13,3125;18,3125;18,9375;1425;202;0;17,1
5204;2023.06.17 16:30;4;13,3125;18,125;18,6875;1424;202;0;17,0
5205;2023.06.17 16:45;4;13,3125;17,9375;18,5625;1423;202;0;17,0
5206;2023.06.17 17:00;4;13,3125;17,875;18,625;1423;202;0;17,0
5207;2023.06.17 17:15;4;13,3125;17,875;18,5625;1422;202;0;17,0
5208;2023.06.17 17:30;4;13,25;17,875;18,625;1422;202;0;17,0
5209;2023.06.17 17:45;4;13,25;17,75;18,375;1421;202;0;17,0
5210;2023.06.17 18:00;4;13,25;17,75;18,375;1421;202;0;17,0
5211;2023.06.17 18:15;4;13,25;17,6875;18,375;1421;202;0;17,0
5212;2023.06.17 18:30;4;13,25;17,625;18,25;1420;202;0;17,0
5213;2023.06.17 18:45;4;13,25;17,5;18,125;1420;202;0;17,0
5214;2023.06.17 19:00;4;13,25;17,375;18,125;1419;202;0;16,9
5215;2023.06.17 19:15;4;13,25;17,25;18;1419;202;0;16,9
5216;2023.06.17 19:30;4;13,25;17,125;17,8125;1418;202;0;16,9
5217;2023.06.17 19:45;4;13,25;17;17,75;1418;202;0;16,9
5218;2023.06.17 20:00;4;13,1875;16,875;17,5625;1417;202;0;16,9
5219;2023.06.17 20:15;4;13,1875;16,875;17,6875;1418;202;0;16,9
5220;2023.06.17 20:30;4;13,1875;16,875;17,6875;1416;202;0;16,9
5221;2023.06.17 20:45;4;13,125;16,9375;17,75;1416;202;0;16,9
5222;2023.06.17 21:00;4;13,125;16,875;17,625;1416;202;0;16,9
5223;2023.06.17 21:15;4;13,125;16,8125;17,5;1416;202;0;16,9
5224;2023.06.17 21:30;4;13,125;16,6875;17,375;1416;202;0;16,9
5225;2023.06.17 21:45;4;13,125;16,5;17;1415;202;0;16,8
5226;2023.06.17 22:00;4;13,125;16,3125;16,875;1414;202;0;16,8
5227;2023.06.17 22:15;4;13,125;16,25;16,875;1414;202;0;16,8
5228;2023.06.17 22:30;4;13,125;16,25;17;1414;202;0;16,8
5229;2023.06.17 22:45;4;13,125;16,25;16,875;1413;202;0;16,8
5230;2023.06.17 23:00;4;13,0625;16,125;16,625;1412;202;0;16,8
5231;2023.06.17 23:15;4;13,0625;16;16,5;1412;202;0;16,8
5232;2023.06.17 23:30;4;13;15,875;16,375;1411;202;0;16,8
5233;2023.06.17 23:45;4;13;15,875;16,5;1412;202;0;16,8
5234;2023.06.18 00:00;4;13;15,875;16,4375;1411;202;0;16,8
5235;2023.06.18 00:15;4;13;15,875;16,5;1411;202;0;16,8
5236;2023.06.18 00:30;4;13;15,875;16,625;1410;202;0;16,7
5237;2023.06.18 00:45;4;13;15,875;16,5625;1410;202;0;16,7
5238;2023.06.18 01:00;4;13;15,75;16,3125;1410;202;0;16,7
5239;2023.06.18 01:15;4;12,9375;15,75;16,5;1409;202;0;16,7
5240;2023.06.18 01:30;4;12,9375;16;16,6875;1410;202;0;16,7
5241;2023.06.18 01:45;4;12,875;16;16,625;1409;202;0;16,7
5242;2023.06.18 02:00;4;12,875;16,125;16,875;1410;202;0;16,7
5243;2023.06.18 02:15;4;12,875;16,125;16,9375;1410;202;0;16,7
5244;2023.06.18 02:30;4;12,875;16,125;16,875;1410;202;0;16,7
5245;2023.06.18 02:45;4;12,875;16;16,625;1409;202;0;16,7
5246;2023.06.18 03:00;4;12,875;15,5;15,75;1408;202;0;16,7
5247;2023.06.18 03:15;4;12,875;14,375;14;1406;202;0;16,7
5248;2023.06.18 03:30;4;12,875;13,5625;13;1404;202;0;16,6
5249;2023.06.18 03:45;4;12,875;13;12,5;1403;202;0;16,6
5250;2023.06.18 04:00;4;12,8125;12,75;12,4375;1402;202;0;16,6
5251;2023.06.18 04:15;4;12,8125;12,625;12,5;1402;202;0;16,6
5252;2023.06.18 04:30;4;12,75;12,6875;12,5;1401;202;0;16,6
5253;2023.06.18 04:45;4;12,75;12,75;12,6875;1401;202;0;16,6
5254;2023.06.18 05:00;4;12,75;12,875;12,75;1401;202;0;16,6
5255;2023.06.18 05:15;4;12,75;12,875;12,875;1401;202;0;16,6
5256;2023.06.18 05:30;4;12,75;12,875;12,9375;1401;202;0;16,6
5257;2023.06.18 05:45;4;12,75;13,1875;13,375;1402;202;0;16,6
5258;2023.06.18 06:00;4;12,6875;13,625;14,125;1403;202;0;16,6
5259;2023.06.18 06:15;4;12,6875;14,25;14,9375;1404;202;0;16,6
5260;2023.06.18 06:30;4;12,6875;14,625;15,375;1404;202;0;16,6
5261;2023.06.18 06:45;4;12,6875;15;15,8125;1405;202;0;16,6
5262;2023.06.18 07:00;4;12,6875;15,375;16,4375;1405;202;0;16,6
5263;2023.06.18 07:15;4;12,6875;15,75;16,875;1406;202;0;16,7
5264;2023.06.18 07:30;4;12,6875;16,125;17,25;1406;202;0;16,7
5265;2023.06.18 07:45;4;12,75;16,375;17,4375;1407;202;0;16,7
5266;2023.06.18 08:00;4;12,75;17;18,125;1408;202;0;16,7
5267;2023.06.18 08:15;4;12,75;17,25;18,25;1408;202;0;16,7
5268;2023.06.18 08:30;4;12,75;17,125;17,875;1407;202;0;16,7
5269;2023.06.18 08:45;4;12,75;16,75;17,375;1406;202;0;16,7
5270;2023.06.18 09:00;4;12,75;16,5;16,9375;1406;202;0;16,7
5271;2023.06.18 09:15;4;12,75;16,625;17;1406;202;0;16,7
5272;2023.06.18 09:30;4;12,8125;17;17,75;1406;202;0;16,7
5273;2023.06.18 09:45;4;12,875;18,25;19,75;1408;202;0;16,7
5274;2023.06.18 10:00;4;12,875;18,375;19,375;1409;202;0;16,7
5275;2023.06.18 10:15;4;12,875;19,875;21,75;1411;202;0;16,8
5276;2023.06.18 10:30;4;12,9375;21;22,625;1414;202;0;16,8
5277;2023.06.18 10:45;4;13;20,75;21,875;1413;202;0;16,8
5278;2023.06.18 11:00;4;13;20,875;22,125;1413;202;0;16,8
5279;2023.06.18 11:15;4;13,0625;21,375;22,75;1414;202;0;16,8
5280;2023.06.18 11:30;4;13,125;21,75;23,125;1415;202;0;16,8
5281;2023.06.18 11:45;4;13,1875;22,5;23,9375;1416;202;0;16,9
5282;2023.06.18 12:00;4;13,25;22,75;23,875;1417;202;0;16,9
5283;2023.06.18 12:15;4;13,25;22,5625;23,375;1416;202;0;16,9
5284;2023.06.18 12:30;4;13,3125;22,25;23;1415;202;0;16,8
5285;2023.06.18 12:45;4;13,375;22,25;23,125;1414;202;0;16,8
5286;2023.06.18 13:00;4;13,375;22;23;1413;202;0;16,8
5287;2023.06.18 13:15;4;13,4375;22,1875;23,25;1414;202;0;16,8
5288;2023.06.18 13:30;4;13,5;21,25;21,75;1411;202;0;16,8
5289;2023.06.18 13:45;4;13,5;20,625;21,3125;1410;202;0;16,7
5290;2023.06.18 14:00;4;13,5;21,0625;22,125;1410;202;0;16,7
5291;2023.06.18 14:15;4;13,5;20,625;21,375;1410;202;0;16,7
5292;2023.06.18 14:30;4;13,5;20,375;21,125;1410;202;0;16,7
5293;2023.06.18 14:45;4;13,5;20,375;21,3125;1408;202;0;16,7
5294;2023.06.18 15:00;4;13,5;20,125;20,875;1407;202;0;16,7
5295;2023.06.18 15:15;4;13,5;19,875;20,6875;1407;202;0;16,7
5296;2023.06.18 15:30;4;13,5;19,875;20,9375;1406;202;0;16,7
5297;2023.06.18 15:45;4;13,5;20,125;21,125;1406;202;0;16,7
5298;2023.06.18 16:00;4;13,5;19,9375;20,875;1406;202;0;16,7
5299;2023.06.18 16:15;4;13,5;20;21;1406;202;0;16,7
5300;2023.06.18 16:30;4;13,5;20;20,875;1405;202;0;16,6
5301;2023.06.18 16:45;4;13,5;19,6875;20,4375;1404;202;0;16,6
5302;2023.06.18 17:00;4;13,5;19,375;20;1403;202;0;16,6
5303;2023.06.18 17:15;4;13,5;19;19,5;1402;202;0;16,6
5304;2023.06.18 17:30;4;13,5;18,625;19,125;1401;202;0;16,6
5305;2023.06.18 17:45;4;13,5;18,375;18,9375;1401;202;0;16,6
5306;2023.06.18 18:00;4;13,5;18;18,375;1400;202;0;16,5
5307;2023.06.18 18:15;4;14,0625;15,1875;14,75;1553;202;0;19,7
5308;2023.06.18 18:30;4;13,875;14,375;14,25;1571;202;0;20,1
5309;2023.06.18 18:45;4;13,75;14,25;14,25;1647;202;0;21,7
5310;2023.06.18 19:00;4;13,6875;14,125;14,125;1664;202;0;22,0
5311;2023.06.18 19:15;4;13,625;14,0625;14,125;1676;202;0;22,3
5312;2023.06.18 19:30;4;13,5625;14,0625;14,125;1687;202;0;22,5
5313;2023.06.18 19:45;4;13,5625;14;14,0625;1708;202;0;22,9
5314;2023.06.18 20:00;4;13,5625;14;14;1767;202;0;24,1
5315;2023.06.18 20:15;4;13,5625;14;14,125;1825;202;0;25,3
5316;2023.06.18 20:30;4;13,5625;14;14,125;1827;202;0;25,3
5317;2023.06.18 20:45;4;13,5;13,9375;14,0625;1838;202;0;25,6
5318;2023.06.18 21:00;4;13,5;13,875;13,9375;1828;202;0;25,4
5319;2023.06.18 21:15;4;13,4375;13,8125;13,875;1821;202;0;25,2
5320;2023.06.18 21:30;4;13,375;13,75;13,875;1824;202;0;25,3
5321;2023.06.18 21:45;4;13,375;13,75;13,75;1825;202;0;25,3
5322;2023.06.18 22:00;4;13,375;13,6875;13,75;1827;202;0;25,3
5323;2023.06.18 22:15;4;13,3125;13,625;13,625;1824;202;0;25,3
5324;2023.06.18 22:30;4;13,3125;13,5625;13,625;1820;202;0;25,2
5325;2023.06.18 22:45;4;13,25;13,5;13,5;1823;202;0;25,3
5326;2023.06.18 23:00;4;13,25;13,5;13,5;1798;202;0;24,8
5327;2023.06.18 23:15;4;13,25;13,4375;13,5;1803;202;0;24,9
5328;2023.06.18 23:30;4;13,25;13,375;13,375;1792;202;0;24,6
5329;2023.06.18 23:45;4;13,25;13,375;13,4375;1763;202;0;24,1
5330;2023.06.19 00:00;4;13,1875;13,3125;13,25;1745;202;0;23,7
5331;2023.06.19 00:15;4;13,1875;13,25;13,25;1735;202;0;23,5
5332;2023.06.19 00:30;4;13,125;13,25;13,375;1719;202;0;23,2
5333;2023.06.19 00:45;4;13,125;13,3125;13,375;1706;202;0;22,9
5334;2023.06.19 01:00;4;13,125;13,3125;13,375;1699;202;0;22,8
5335;2023.06.19 01:15;4;13,125;13,25;13,25;1692;202;0;22,6
5336;2023.06.19 01:30;4;13,125;13,25;13,25;1685;202;0;22,5
5337;2023.06.19 01:45;4;13,125;13,25;13,25;1678;202;0;22,3
5338;2023.06.19 02:00;4;13,125;13,1875;13,1875;1672;202;0;22,2
5339;2023.06.19 02:15;4;13,125;13,1875;13,1875;1675;202;0;22,3
5340;2023.06.19 02:30;4;13,0625;13,125;13,125;1680;202;0;22,4
5341;2023.06.19 02:45;4;13,0625;13,125;13,0625;1845;202;0;25,7
5342;2023.06.19 03:00;4;13,0625;13,0625;13,125;1898;202;0;26,8
5343;2023.06.19 03:15;4;13;13,1875;13,3125;1871;202;0;26,2
5344;2023.06.19 03:30;4;13;13,3125;13,5;1883;202;0;26,5
5345;2023.06.19 03:45;4;13;13,375;13,5;1888;202;0;26,6
5346;2023.06.19 04:00;4;13;13,375;13,5;1886;202;0;26,5
5347;2023.06.19 04:15;4;13;13,375;13,5;1861;202;0;26,0
5348;2023.06.19 04:30;4;13;13,375;13,5;1840;202;0;25,6
5349;2023.06.19 04:45;4;13;13,375;13,5;1819;202;0;25,2
5350;2023.06.19 05:00;4;13;13,375;13,5;1909;202;0;27,0
5351;2023.06.19 05:15;4;13;13,5;13,625;1767;202;0;24,1
5352;2023.06.19 05:30;4;13;13,6875;13,875;2159;202;0;31,9
5353;2023.06.19 05:45;4;13;13,75;13,875;1931;202;0;27,4
5354;2023.06.19 06:00;4;13;13,875;14,0625;1838;202;0;25,6
5355;2023.06.19 06:15;4;13;13,875;14;1841;202;0;25,6
5356;2023.06.19 06:30;4;13;13,8125;13,875;1852;202;0;25,8
5357;2023.06.19 06:45;4;13;13,75;13,875;1851;202;0;25,8
5358;2023.06.19 07:00;4;13;13,75;13,875;1838;202;0;25,6
5359;2023.06.19 07:15;4;13;13,8125;14;1828;202;0;25,4
5360;2023.06.19 07:30;4;12,9375;13,875;14;1822;202;0;25,2
5361;2023.06.19 07:45;4;13;14,125;14,3125;1815;202;0;25,1
5362;2023.06.19 08:00;4;13;14,125;14,1875;1803;202;0;24,9
5363;2023.06.19 08:15;4;13;14,0625;14,125;1797;202;0;24,7
5364;2023.06.19 08:30;4;13;14,125;14,1875;1789;202;0;24,6
5365;2023.06.19 08:45;4;13;14,125;14,125;1783;202;0;24,5
5366;2023.06.19 09:00;4;13;14,0625;14,125;1773;202;0;24,3
5367;2023.06.19 09:15;4;13;14,25;14,375;1764;202;0;24,1
5368;2023.06.19 09:30;4;13;14,375;14,4375;1754;202;0;23,9
5369;2023.06.19 09:45;4;13;14,625;14,875;1747;202;0;23,7
5370;2023.06.19 10:00;4;13;14,625;14,625;1740;202;0;23,6
5371;2023.06.19 10:15;4;13;14,625;14,6875;1734;202;0;23,5
5372;2023.06.19 10:30;4;13;14,5625;14,625;1727;202;0;23,3
5373;2023.06.19 10:45;4;13;14,625;14,625;1722;202;0;23,2
5374;2023.06.19 11:00;4;13;14,875;15;1718;202;0;23,1
5375;2023.06.19 11:15;4;13;15,125;15,1875;1714;202;0;23,1
5376;2023.06.19 11:30;4;13;15,4375;15,625;1712;202;0;23,0
5377;2023.06.19 11:45;4;13;15,6875;15,9375;1706;202;0;22,9
5378;2023.06.19 12:00;4;13;15,75;16;1703;202;0;22,8
5379;2023.06.19 12:15;4;13,0625;15,6875;16;1698;202;0;22,7
5380;2023.06.19 12:30;4;13,0625;16,375;17;1695;202;0;22,7
5381;2023.06.19 12:45;4;13,125;16,25;16,625;1690;202;0;22,6
5382;2023.06.19 13:00;4;13,125;16,25;16,75;1687;202;0;22,5
5383;2023.06.19 13:15;4;13,125;16,25;16,75;1685;202;0;22,5
