0;2023.04.24 11:30;4;22,625;22,75;23,125;374;202;0;0,0
1;2023.04.24 11:45;4;22,4375;22,75;22,75;373;202;0;0,0
2;2023.04.24 12:00;4;22,5;22,6875;22,75;373;202;0;0,0
3;2023.04.24 12:15;4;22,375;22,6875;22,75;373;202;0;0,0
4;2023.04.24 12:30;4;22,3125;22,625;22,75;373;202;0;0,0
5;2023.04.24 12:45;4;22,25;22,625;22,625;373;202;0;0,0
6;2023.04.24 13:00;4;22,1875;22,5625;22,625;372;202;0;0,0
7;2023.04.24 13:15;4;22,125;22,5;22,5;372;202;0;0,0
8;2023.04.24 13:30;4;22,125;22,5;22,4375;372;202;0;0,0
9;2023.04.24 13:45;4;22,25;22,5;22,5625;372;202;0;0,0
10;2023.04.24 14:00;4;22,1875;22,5;22,5;372;202;0;0,0
11;2023.04.24 14:15;4;22,0625;22,375;22,375;372;202;0;0,0
12;2023.04.24 14:30;4;21,9375;22,3125;22,25;372;202;0;0,0
13;2023.04.24 14:45;4;21,8125;22,25;22,125;371;202;0;0,0
14;2023.04.24 15:00;4;21,625;22,125;22;370;202;0;0,0
15;2023.04.24 15:15;4;21,625;22,0625;22;370;202;0;0,0
16;2023.04.24 15:30;4;21,75;22,125;22;370;202;0;0,0
17;2023.04.24 15:45;4;21,75;22,125;22;370;202;0;0,0
18;2023.04.24 16:00;4;21,75;22,0625;22;370;202;0;0,0
19;2023.04.24 16:15;4;21,75;22,0625;22;370;202;0;0,0
20;2023.04.24 16:30;4;21,75;22;21,9375;370;202;0;0,0
21;2023.04.24 16:45;4;21,75;22;21,9375;370;202;0;0,0
22;2023.04.24 17:00;4;21,75;22;21,9375;370;202;0;0,0
23;2023.04.24 17:15;4;21,75;22;21,875;370;202;0;0,0
24;2023.04.24 17:30;4;21,6875;22;21,875;370;202;0;0,0
25;2023.04.24 17:45;4;21,6875;22;21,875;370;202;0;0,0
26;2023.04.24 18:00;4;21,625;22;21,875;370;202;0;0,0
27;2023.04.24 18:15;4;21,625;21,9375;21,875;370;202;0;0,0
28;2023.04.24 18:30;4;21,625;21,9375;21,875;370;202;0;0,0
29;2023.04.24 18:45;4;21,625;21,875;21,8125;370;202;0;0,0
30;2023.04.24 19:00;4;21,625;21,875;21,8125;370;202;0;0,0
31;2023.04.24 19:15;4;21,625;21,875;21,8125;370;202;0;0,0
32;2023.04.24 19:30;4;21,625;21,875;21,8125;370;202;0;0,0
33;2023.04.24 19:45;4;21,625;21,875;21,75;370;202;0;0,0
34;2023.04.24 20:00;4;21,5625;21,875;21,75;370;202;0;0,0
35;2023.04.24 20:15;4;21,625;21,875;21,75;370;202;0;0,0
36;2023.04.24 20:30;4;21,5625;21,875;21,75;369;202;0;0,0
37;2023.04.24 20:45;4;21,5625;21,875;21,75;369;202;0;0,0
38;2023.04.24 21:00;4;21,5;21,8125;21,75;369;202;0;0,0
39;2023.04.24 21:15;4;21,5;21,8125;21,75;369;202;0;0,0
40;2023.04.24 21:30;4;21,5;21,8125;21,75;369;202;0;0,0
41;2023.04.24 21:45;4;21,5;21,8125;21,75;369;202;0;0,0
42;2023.04.24 22:00;4;21,5;21,75;21,75;369;202;0;0,0
43;2023.04.24 22:15;4;21,5;21,75;21,6875;369;202;0;0,0
44;2023.04.24 22:30;4;21,5;21,75;21,6875;369;202;0;0,0
45;2023.04.24 22:45;4;21,5;21,75;21,6875;369;202;0;0,0
46;2023.04.24 23:00;4;21,5;21,75;21,6875;369;202;0;0,0
47;2023.04.24 23:15;4;21,5;21,75;21,625;369;202;0;0,0
48;2023.04.24 23:30;4;21,5;21,75;21,625;369;202;0;0,0
49;2023.04.24 23:45;4;21,5;21,75;21,625;369;202;0;0,0
50;2023.04.25 00:00;4;21,5;21,75;21,625;369;202;0;0,0
51;2023.04.25 00:15;4;21,4375;21,75;21,625;369;202;0;0,0
52;2023.04.25 00:30;4;21,4375;21,75;21,625;369;202;0;0,0
53;2023.04.25 00:45;4;21,4375;21,75;21,625;369;202;0;0,0
54;2023.04.25 01:00;4;21,4375;21,75;21,625;369;202;0;0,0
55;2023.04.25 01:15;4;21,375;21,75;21,625;369;202;0;0,0
56;2023.04.25 01:30;4;21,375;21,6875;21,625;369;202;0;0,0
57;2023.04.25 01:45;4;21,375;21,6875;21,625;369;202;0;0,0
58;2023.04.25 02:00;4;21,375;21,6875;21,625;369;202;0;0,0
59;2023.04.25 02:15;4;21,375;21,6875;21,625;369;202;0;0,0
60;2023.04.25 02:30;4;21,375;21,6875;21,625;369;202;0;0,0
61;2023.04.25 02:45;4;21,375;21,625;21,5625;369;202;0;0,0
62;2023.04.25 03:00;4;21,375;21,625;21,625;369;202;0;0,0
63;2023.04.25 03:15;4;21,375;21,625;21,5625;369;202;0;0,0
64;2023.04.25 03:30;4;21,375;21,625;21,5625;369;202;0;0,0
65;2023.04.25 03:45;4;21,375;21,625;21,5;369;202;0;0,0
66;2023.04.25 04:00;4;21,375;21,625;21,5625;369;202;0;0,0
67;2023.04.25 04:15;4;21,375;21,625;21,5;369;202;0;0,0
68;2023.04.25 04:30;4;21,375;21,625;21,5;369;202;0;0,0
69;2023.04.25 04:45;4;21,3125;21,625;21,5;369;202;0;0,0
70;2023.04.25 05:00;4;21,375;21,625;21,5;369;202;0;0,0
71;2023.04.25 05:15;4;21,3125;21,625;21,5;369;202;0;0,0
72;2023.04.25 05:30;4;21,25;21,5625;21,5;368;202;0;0,0
73;2023.04.25 05:45;4;21,1875;21,5;21,5;368;202;0;0,0
74;2023.04.25 06:00;4;21,1875;21,5;21,5;368;202;0;0,0
75;2023.04.25 06:15;4;21,25;21,5625;21,5;368;202;0;0,0
76;2023.04.25 06:30;4;21,25;21,625;21,625;368;202;0;0,0
77;2023.04.25 06:45;4;21,25;21,625;21,5;368;202;0;0,0
78;2023.04.25 07:00;4;21,25;21,5625;21,5;368;202;0;0,0
79;2023.04.25 07:15;4;21,25;21,5625;21,5;368;202;0;0,0
80;2023.04.25 07:30;4;21,1875;21,5;21,5;368;202;0;0,0
81;2023.04.25 07:45;4;21,125;21,5;21,4375;368;202;0;0,0
82;2023.04.25 08:00;4;21,125;21,5;21,4375;368;202;0;0,0
83;2023.04.25 08:15;4;21,125;21,5;21,4375;368;202;0;0,0
84;2023.04.25 08:30;4;21;21,4375;21,375;367;202;0;0,0
85;2023.04.25 08:45;4;21,1875;21,5;21,75;368;202;0;0,0
86;2023.04.25 09:00;4;21,375;21,6875;22,1875;368;202;0;0,0
87;2023.04.25 09:15;4;21,5;21,75;22,125;368;202;0;0,0
88;2023.04.25 09:30;4;21,875;22;22,25;502;202;0;0,0
89;2023.04.25 09:45;4;21,875;22;22,125;502;202;0;0,0
90;2023.04.25 10:00;4;21,8125;22,125;22;502;202;0;0,0
91;2023.04.25 10:15;4;21,75;22,125;22;501;202;0;0,0
92;2023.04.25 10:30;4;21,75;22,125;21,875;501;202;0;0,0
93;2023.04.25 10:45;4;21,75;22,125;21,9375;501;202;0;0,0
94;2023.04.25 11:00;4;21,75;22,0625;21,875;502;202;0;0,0
95;2023.04.25 11:15;4;21,75;22;21,9375;505;202;0;0,0
96;2023.04.25 11:30;4;21,75;22;21,875;505;202;0;0,0
97;2023.04.25 11:45;4;21,75;22;21,875;505;202;0;0,0
98;2023.04.25 12:00;4;21,75;22;21,875;506;202;0;0,0
99;2023.04.25 12:15;4;21,75;22;21,875;510;202;0;0,0
100;2023.04.25 12:30;4;21,75;22;21,875;510;202;0;0,0
101;2023.04.25 12:45;4;21,75;22;21,875;510;202;0;0,0
102;2023.04.25 13:00;4;21,75;22;21,875;510;202;0;0,0
103;2023.04.25 13:15;4;21,75;22;21,875;510;202;0;0,0
104;2023.04.25 13:30;4;21,75;22;21,9375;510;202;0;0,0
105;2023.04.25 13:45;4;21,75;22;21,9375;509;202;0;0,0
106;2023.04.25 14:00;4;21,75;22;21,875;509;202;0;0,0
107;2023.04.25 14:15;4;21,75;22;21,75;509;202;0;0,0
108;2023.04.25 14:30;4;21,625;22;21,5625;509;202;0;0,0
109;2023.04.25 14:45;4;21,5;21,875;21,375;507;202;0;0,0
110;2023.04.25 15:00;4;21,375;21,8125;20,875;507;202;0;0,0
111;2023.04.25 15:15;4;21,25;21,75;20,5625;506;202;0;0,0
112;2023.04.25 15:30;4;21;21,5625;20,375;505;202;0;0,0
113;2023.04.25 15:45;4;20,875;21,375;20;505;202;0;0,0
114;2023.04.25 16:00;4;20,625;21,1875;19,625;503;202;0;0,0
115;2023.04.25 16:15;4;20,375;21;18,875;501;202;0;0,0
116;2023.04.25 16:30;4;20,125;20,75;18,375;500;202;0;0,0
117;2023.04.25 16:45;4;19,75;20,4375;18,125;498;202;0;0,0
118;2023.04.25 17:00;4;19,5;20,125;18;497;202;0;0,0
119;2023.04.25 17:15;4;19,25;19,875;17,875;495;202;0;0,0
120;2023.04.25 17:30;4;19;19,5625;17,875;500;202;0;0,0
121;2023.04.25 17:45;4;18,875;19,3125;18,125;499;202;0;0,0
122;2023.04.25 18:00;4;18,6875;19,125;18,375;498;202;0;0,0
123;2023.04.25 18:15;4;18,5;18,9375;18,5;497;202;0;0,0
124;2023.04.25 18:30;4;18,375;18,75;18,5;495;202;0;0,0
125;2023.04.25 18:45;4;18,25;18,625;18,3125;495;202;0;0,0
126;2023.04.25 19:00;4;18,125;18,5;18,0625;494;202;0;0,0
127;2023.04.25 19:15;4;18;18,375;17,875;494;202;0;0,0
128;2023.04.25 19:30;4;17,875;18,25;17,625;493;202;0;0,0
129;2023.04.25 19:45;4;17,75;18,125;17,375;492;202;0;0,0
130;2023.04.25 20:00;4;17,5;18;17,125;491;202;0;0,0
131;2023.04.25 20:15;4;17,25;17,75;16,75;490;202;0;0,0
132;2023.04.25 20:30;4;17;17,5;16,375;489;202;0;0,0
133;2023.04.25 20:45;4;16,75;17,3125;16,125;487;202;0;0,0
134;2023.04.25 21:00;4;16,4375;17;15,8125;486;202;0;0,0
135;2023.04.25 21:15;4;16,25;16,75;15,625;485;202;0;0,0
136;2023.04.25 21:30;4;16;16,5;15,5;483;202;0;0,0
137;2023.04.25 21:45;4;15,75;16,3125;15,4375;482;202;0;0,0
138;2023.04.25 22:00;4;15,625;16,125;15,375;481;202;0;0,0
139;2023.04.25 22:15;4;15,375;15,875;15,375;480;202;0;0,0
140;2023.04.25 22:30;4;15,25;15,6875;15,3125;479;202;0;0,0
141;2023.04.25 22:45;4;15,125;15,5;15,125;479;202;0;0,0
142;2023.04.25 23:00;4;15;15,375;15;478;202;0;0,0
143;2023.04.25 23:15;4;14,875;15,25;14,875;478;202;0;0,0
144;2023.04.25 23:30;4;14,75;15,1875;14,6875;477;202;0;0,0
145;2023.04.25 23:45;4;14,6875;15,125;14,5;477;202;0;0,0
146;2023.04.26 00:00;4;14,625;15;14,375;476;202;0;0,0
147;2023.04.26 00:15;4;14,5;14,875;14,25;476;202;0;0,0
148;2023.04.26 00:30;4;14,5;14,875;14,125;475;202;0;0,0
149;2023.04.26 00:45;4;14,375;14,75;14;475;202;0;0,0
150;2023.04.26 01:00;4;14,25;14,625;13,75;476;202;0;0,0
151;2023.04.26 01:15;4;14,125;14,5;13,4375;475;202;0;0,0
152;2023.04.26 01:30;4;13,875;14,375;13,25;475;202;0;0,0
153;2023.04.26 01:45;4;13,75;14,125;13,25;474;202;0;0,0
154;2023.04.26 02:00;4;13,5625;14;13;473;202;0;0,0
155;2023.04.26 02:15;4;13,375;13,8125;12,625;472;202;0;0,0
156;2023.04.26 02:30;4;13,125;13,625;12,375;469;202;0;0,0
157;2023.04.26 02:45;4;12,875;13,375;12,25;468;202;0;0,0
158;2023.04.26 03:00;4;12,6875;13,125;11,875;467;202;0;0,0
159;2023.04.26 03:15;4;12,5;12,9375;11,625;466;202;0;0,0
160;2023.04.26 03:30;4;12,375;12,75;11,5;462;202;0;0,0
161;2023.04.26 03:45;4;12,25;12,625;11,375;461;202;0;0,0
162;2023.04.26 04:00;4;12,125;12,4375;11,25;460;202;0;0,0
163;2023.04.26 04:15;4;11,9375;12,25;11,1875;459;202;0;0,0
164;2023.04.26 04:30;4;11,8125;12,125;11,125;459;202;0;0,0
165;2023.04.26 04:45;4;11,6875;12;10,875;458;202;0;0,0
166;2023.04.26 05:00;4;11,5;11,875;10,5625;457;202;0;0,0
167;2023.04.26 05:15;4;11,3125;11,75;10,375;456;202;0;0,0
168;2023.04.26 05:30;4;11,125;11,5625;10,375;455;202;0;0,0
169;2023.04.26 05:45;4;11;11,375;10,375;455;202;0;0,0
170;2023.04.26 06:00;4;10,875;11,25;10,25;454;202;0;0,0
171;2023.04.26 06:15;4;10,75;11,125;10,25;453;202;0;0,0
172;2023.04.26 06:30;4;10,6875;11;10,3125;453;202;0;0,0
173;2023.04.26 06:45;4;10,625;10,875;10,375;453;202;0;0,0
174;2023.04.26 07:00;4;10,5;10,875;10,375;452;202;0;0,0
175;2023.04.26 07:15;4;10,5;10,75;10,375;452;202;0;0,0
176;2023.04.26 07:30;4;10,5;10,75;10,375;452;202;0;0,0
177;2023.04.26 07:45;4;10,4375;10,6875;10,375;452;202;0;0,0
178;2023.04.26 08:00;4;10,375;10,625;10,375;451;202;0;0,0
179;2023.04.26 08:15;4;10,375;10,625;10,4375;451;202;0;0,0
180;2023.04.26 08:30;4;10,375;10,625;10,5;451;202;0;0,0
181;2023.04.26 08:45;4;10,375;10,625;10,625;451;202;0;0,0
182;2023.04.26 09:00;4;10,375;10,625;10,6875;451;202;0;0,0
183;2023.04.26 09:15;4;10,4375;10,625;10,75;452;202;0;0,0
184;2023.04.26 09:30;4;10,5;10,6875;10,875;452;202;0;0,0
185;2023.04.26 09:45;4;10,5;10,75;10,9375;452;202;0;0,0
186;2023.04.26 10:00;4;10,5625;10,75;11;452;202;0;0,0
187;2023.04.26 10:15;4;10,625;10,8125;11,125;453;202;0;0,0
188;2023.04.26 10:30;4;10,6875;10,875;11,1875;453;202;0;0,0
189;2023.04.26 10:45;4;10,75;10,9375;11,25;453;202;0;0,0
190;2023.04.26 11:00;4;10,75;11;11,375;454;202;0;0,0
191;2023.04.26 11:15;4;10,875;11,0625;11,5;454;202;0;0,0
192;2023.04.26 11:30;4;10,9375;11,125;11,5625;454;202;0;0,0
193;2023.04.26 11:45;4;11;11,25;11,625;455;202;0;0,0
194;2023.04.26 12:00;4;11,125;11,3125;11,75;455;202;0;0,0
195;2023.04.26 12:15;4;11,125;11,375;11,75;456;202;0;0,0
196;2023.04.26 12:30;4;11,25;11,4375;11,875;456;202;0;0,0
197;2023.04.26 12:45;4;11,3125;11,5;11,9375;457;202;0;0,0
198;2023.04.26 13:00;4;11,375;11,625;12;457;202;0;0,0
199;2023.04.26 13:15;4;11,4375;11,6875;12,0625;457;202;0;0,0
200;2023.04.26 13:30;4;11,5;11,75;12,125;458;202;0;0,0
201;2023.04.26 13:45;4;11,625;11,8125;12,25;458;202;0;0,0
202;2023.04.26 14:00;4;11,625;11,875;12,375;459;202;0;0,0
203;2023.04.26 14:15;4;11,75;12;12,5;459;202;0;0,0
204;2023.04.26 14:30;4;11,875;12,0625;12,5;459;202;0;0,0
205;2023.04.26 14:45;4;11,875;12,125;12,625;460;202;0;0,0
206;2023.04.26 15:00;4;12;12,25;12,625;460;202;0;0,0
207;2023.04.26 15:15;4;12,0625;12,25;12,75;461;202;0;0,0
208;2023.04.26 15:30;4;12,125;12,375;12,75;461;202;0;0,0
209;2023.04.26 15:45;4;12,25;12,4375;12,8125;462;202;0;0,0
210;2023.04.26 16:00;4;12,25;12,5;12,875;462;202;0;0,0
211;2023.04.26 16:15;4;12,375;12,5625;12,875;462;202;0;0,0
212;2023.04.26 16:30;4;12,375;12,625;12,875;462;202;0;0,0
213;2023.04.26 16:45;4;12,4375;12,6875;12,875;463;202;0;0,0
214;2023.04.26 17:00;4;12,5;12,75;12,875;463;202;0;0,0
215;2023.04.26 17:15;4;12,5;12,75;12,875;463;202;0;0,0
216;2023.04.26 17:30;4;12,5;12,8125;12,875;463;202;0;0,0
217;2023.04.26 17:45;4;12,5625;12,875;12,875;463;202;0;0,0
218;2023.04.26 18:00;4;12,625;12,875;12,875;464;202;0;0,0
219;2023.04.26 18:15;4;12,625;12,875;12,875;464;202;0;0,0
220;2023.04.26 18:30;4;12,625;12,875;12,875;464;202;0;0,0
221;2023.04.26 18:45;4;12,625;12,875;12,875;464;202;0;0,0
222;2023.04.26 19:00;4;12,625;12,875;12,875;464;202;0;0,0
223;2023.04.26 19:15;4;12,625;12,875;12,875;464;202;0;0,0
224;2023.04.26 19:30;4;12,625;12,875;12,75;464;202;0;0,0
225;2023.04.26 19:45;4;12,625;12,875;12,75;464;202;0;0,0
226;2023.04.26 20:00;4;12,625;12,875;12,6875;464;202;0;0,0
227;2023.04.26 20:15;4;12,625;12,875;12,625;464;202;0;0,0
228;2023.04.26 20:30;4;12,5625;12,875;12,5;464;202;0;0,0
229;2023.04.26 20:45;4;12,5;12,875;12,5;463;202;0;0,0
230;2023.04.26 21:00;4;12,5;12,8125;12,4375;463;202;0;0,0
231;2023.04.26 21:15;4;12,5;12,75;12,375;463;202;0;0,0
232;2023.04.26 21:30;4;12,4375;12,75;12,3125;463;202;0;0,0
233;2023.04.26 21:45;4;12,375;12,6875;12,25;463;202;0;0,0
234;2023.04.26 22:00;4;12,375;12,625;12,1875;462;202;0;0,0
235;2023.04.26 22:15;4;12,25;12,625;12,125;462;202;0;0,0
236;2023.04.26 22:30;4;12,25;12,5;12,0625;462;202;0;0,0
237;2023.04.26 22:45;4;12,1875;12,5;12;462;202;0;0,0
238;2023.04.26 23:00;4;12,125;12,4375;11,9375;461;202;0;0,0
239;2023.04.26 23:15;4;12,0625;12,375;11,875;461;202;0;0,0
240;2023.04.26 23:30;4;12;12,3125;11,875;461;202;0;0,0
241;2023.04.26 23:45;4;12;12,25;11,75;460;202;0;0,0
242;2023.04.27 00:00;4;11,875;12,25;11,75;460;202;0;0,0
243;2023.04.27 00:15;4;11,875;12,125;11,6875;460;202;0;0,0
244;2023.04.27 00:30;4;11,8125;12,125;11,625;460;202;0;0,0
245;2023.04.27 00:45;4;11,75;12,0625;11,5625;459;202;0;0,0
246;2023.04.27 01:00;4;11,75;12;11,625;463;202;0;0,0
247;2023.04.27 01:15;4;11,6875;12;11,625;463;202;0;0,0
248;2023.04.27 01:30;4;11,625;11,9375;11,625;463;202;0;0,0
249;2023.04.27 01:45;4;11,625;11,875;11,5625;462;202;0;0,0
250;2023.04.27 02:00;4;11,625;11,875;11,5;462;202;0;0,0
251;2023.04.27 02:15;4;11,5625;11,875;11,5;462;202;0;0,0
252;2023.04.27 02:30;4;11,5;11,8125;11,5;462;202;0;0,0
253;2023.04.27 02:45;4;11,5;11,75;11,4375;462;202;0;0,0
254;2023.04.27 03:00;4;11,5;11,75;11,375;462;202;0;0,0
255;2023.04.27 03:15;4;11,4375;11,75;11,375;462;202;0;0,0
256;2023.04.27 03:30;4;11,375;11,6875;11,3125;461;202;0;0,0
257;2023.04.27 03:45;4;11,375;11,625;11,25;461;202;0;0,0
258;2023.04.27 04:00;4;11,375;11,625;11,25;461;202;0;0,0
259;2023.04.27 04:15;4;11,3125;11,625;11,25;461;202;0;0,0
260;2023.04.27 04:30;4;11,3125;11,625;11,1875;461;202;0;0,0
261;2023.04.27 04:45;4;11,25;11,5625;11,125;461;202;0;0,0
262;2023.04.27 05:00;4;11,25;11,5;11,125;460;202;0;0,0
263;2023.04.27 05:15;4;11,1875;11,5;11,125;460;202;0;0,0
264;2023.04.27 05:30;4;11,1875;11,5;11,0625;460;202;0;0,0
265;2023.04.27 05:45;4;11,125;11,4375;11;460;202;0;0,0
266;2023.04.27 06:00;4;11,125;11,375;11;460;202;0;0,0
267;2023.04.27 06:15;4;11,0625;11,375;11;460;202;0;0,0
268;2023.04.27 06:30;4;11;11,375;11;459;202;0;0,0
269;2023.04.27 06:45;4;11;11,3125;11;459;202;0;0,0
270;2023.04.27 07:00;4;11;11,25;11;459;202;0;0,0
271;2023.04.27 07:15;4;11;11,25;11;459;202;0;0,0
272;2023.04.27 07:30;4;10,9375;11,25;11;459;202;0;0,0
273;2023.04.27 07:45;4;10,9375;11,25;10,9375;459;202;0;0,0
274;2023.04.27 08:00;4;10,875;11,1875;10,9375;459;202;0;0,0
275;2023.04.27 08:15;4;10,875;11,1875;11;459;202;0;0,0
276;2023.04.27 08:30;4;10,875;11,125;11;459;202;0;0,0
277;2023.04.27 08:45;4;10,875;11,125;11;459;202;0;0,0
278;2023.04.27 09:00;4;10,875;11,125;11;459;202;0;0,0
279;2023.04.27 09:15;4;10,875;11,125;11;459;202;0;0,0
280;2023.04.27 09:30;4;10,875;11,125;11;459;202;0;0,0
281;2023.04.27 09:45;4;10,875;11,125;11;459;202;0;0,0
282;2023.04.27 10:00;4;10,875;11,125;11;459;202;0;0,0
283;2023.04.27 10:15;4;10,9375;11,125;11,0625;459;202;0;0,0
284;2023.04.27 10:30;4;10,9375;11,125;11,125;459;202;0;0,0
285;2023.04.27 10:45;4;11;11,125;11,125;459;202;0;0,0
286;2023.04.27 11:00;4;11;11,1875;11,125;459;202;0;0,0
287;2023.04.27 11:15;4;11;11,1875;11,125;459;202;0;0,0
288;2023.04.27 11:30;4;11;11,1875;11,125;459;202;0;0,0
289;2023.04.27 11:45;4;11;11,25;11,1875;459;202;0;0,0
290;2023.04.27 12:00;4;11,0625;11,25;11,1875;459;202;0;0,0
291;2023.04.27 12:15;4;11,0625;11,25;11,1875;459;202;0;0,0
292;2023.04.27 12:30;4;11,125;11,25;11,25;460;202;0;0,0
293;2023.04.27 12:45;4;11,125;11,25;11,25;460;202;0;0,0
294;2023.04.27 13:00;4;11,125;11,3125;11,25;460;202;0;0,0
295;2023.04.27 13:15;4;11,125;11,375;11,25;460;202;0;0,0
296;2023.04.27 13:30;4;11,1875;11,375;11,3125;460;202;0;0,0
297;2023.04.27 13:45;4;11,1875;11,375;11,3125;460;202;0;0,0
298;2023.04.27 14:00;4;11,25;11,375;11,375;460;202;0;0,0
299;2023.04.27 14:15;4;11,25;11,375;11,375;460;202;0;0,0
300;2023.04.27 14:30;4;11,25;11,375;11,375;460;202;0;0,0
301;2023.04.27 14:45;4;11,25;11,4375;11,375;461;202;0;0,0
302;2023.04.27 15:00;4;11,25;11,5;11,375;461;202;0;0,0
303;2023.04.27 15:15;4;11,3125;11,5;11,375;461;202;0;0,0
304;2023.04.27 15:30;4;11,3125;11,5;11,4375;461;202;0;0,0
305;2023.04.27 15:45;4;11,375;11,5;11,4375;461;202;0;0,0
306;2023.04.27 16:00;4;11,375;11,5;11,5;461;202;0;0,0
307;2023.04.27 16:15;4;11,375;11,5;11,5;461;202;0;0,0
308;2023.04.27 16:30;4;11,375;11,5625;11,5;461;202;0;0,0
309;2023.04.27 16:45;4;11,375;11,625;11,5;461;202;0;0,0
310;2023.04.27 17:00;4;11,4375;11,625;11,5;461;202;0;0,0
311;2023.04.27 17:15;4;11,4375;11,625;11,5;462;202;0;0,0
312;2023.04.27 17:30;4;11,5;11,625;11,5625;462;202;0;0,0
313;2023.04.27 17:45;4;11,5;11,625;11,5625;462;202;0;0,0
314;2023.04.27 18:00;4;11,5;11,625;11,5625;462;202;0;0,0
315;2023.04.27 18:15;4;11,5;11,6875;11,625;462;202;0;0,0
316;2023.04.27 18:30;4;11,5;11,75;11,625;462;202;0;0,0
317;2023.04.27 18:45;4;11,5;11,75;11,625;462;202;0;0,0
318;2023.04.27 19:00;4;11,5625;11,75;11,625;462;202;0;0,0
319;2023.04.27 19:15;4;11,5625;11,75;11,625;462;202;0;0,0
320;2023.04.27 19:30;4;11,5625;11,75;11,625;462;202;0;0,0
321;2023.04.27 19:45;4;11,625;11,75;11,625;462;202;0;0,0
322;2023.04.27 20:00;4;11,625;11,75;11,6875;462;202;0;0,0
323;2023.04.27 20:15;4;11,625;11,75;11,6875;462;202;0;0,0
324;2023.04.27 20:30;4;11,625;11,8125;11,6875;462;202;0;0,0
325;2023.04.27 20:45;4;11,625;11,8125;11,6875;462;202;0;0,0
326;2023.04.27 21:00;4;11,625;11,8125;11,6875;462;202;0;0,0
327;2023.04.27 21:15;4;11,625;11,875;11,6875;462;202;0;0,0
328;2023.04.27 21:30;4;11,625;11,875;11,6875;462;202;0;0,0
329;2023.04.27 21:45;4;11,625;11,875;11,6875;462;202;0;0,0
330;2023.04.27 22:00;4;11,625;11,875;11,6875;462;202;0;0,0
331;2023.04.27 22:15;4;11,625;11,875;11,6875;462;202;0;0,0
332;2023.04.27 22:30;4;11,625;11,875;11,6875;462;202;0;0,0
333;2023.04.27 22:45;4;11,625;11,875;11,6875;462;202;0;0,0
334;2023.04.27 23:00;4;11,625;11,875;11,6875;463;202;0;0,0
335;2023.04.27 23:15;4;11,625;11,875;11,6875;463;202;0;0,0
336;2023.04.27 23:30;4;11,5625;11,875;11,6875;463;202;0;0,0
337;2023.04.27 23:45;4;11,625;11,875;11,6875;463;202;0;0,0
338;2023.04.28 00:00;4;11,625;11,875;11,6875;463;202;0;0,0
339;2023.04.28 00:15;4;11,625;11,875;11,6875;463;202;0;0,0
340;2023.04.28 00:30;4;11,625;11,875;11,625;463;202;0;0,0
341;2023.04.28 00:45;4;11,625;11,875;11,625;463;202;0;0,0
342;2023.04.28 01:00;4;11,5625;11,875;11,6875;462;202;0;0,0
343;2023.04.28 01:15;4;11,625;11,875;11,75;462;202;0;0,0
344;2023.04.28 01:30;4;11,625;11,875;11,75;462;202;0;0,0
345;2023.04.28 01:45;4;11,625;11,875;11,75;462;202;0;0,0
346;2023.04.28 02:00;4;11,625;11,875;11,75;462;202;0;0,0
347;2023.04.28 02:15;4;11,625;11,875;11,75;462;202;0;0,0
348;2023.04.28 02:30;4;11,625;11,875;11,75;462;202;0;0,0
349;2023.04.28 02:45;4;11,625;11,875;11,75;462;202;0;0,0
350;2023.04.28 03:00;4;11,625;11,875;11,75;462;202;0;0,0
351;2023.04.28 03:15;4;11,625;11,875;11,75;462;202;0;0,0
352;2023.04.28 03:30;4;11,625;11,875;11,75;462;202;0;0,0
353;2023.04.28 03:45;4;11,625;11,875;11,75;462;202;0;0,0
354;2023.04.28 04:00;4;11,625;11,875;11,75;462;202;0;0,0
355;2023.04.28 04:15;4;11,625;11,875;11,75;462;202;0;0,0
356;2023.04.28 04:30;4;11,625;11,875;11,75;462;202;0;0,0
357;2023.04.28 04:45;4;11,625;11,875;11,75;462;202;0;0,0
358;2023.04.28 05:00;4;11,625;11,875;11,75;462;202;0;0,0
359;2023.04.28 05:15;4;11,625;11,875;11,75;462;202;0;0,0
360;2023.04.28 05:30;4;11,625;11,875;11,75;462;202;0;0,0
361;2023.04.28 05:45;4;11,5625;11,875;11,75;462;202;0;0,0
362;2023.04.28 06:00;4;11,625;11,875;11,75;462;202;0;0,0
363;2023.04.28 06:15;4;11,625;11,875;11,75;462;202;0;0,0
364;2023.04.28 06:30;4;11,625;11,875;11,75;462;202;0;0,0
365;2023.04.28 06:45;4;11,625;11,875;11,75;462;202;0;0,0
366;2023.04.28 07:00;4;11,625;11,875;11,75;462;202;0;0,0
367;2023.04.28 07:15;4;11,625;11,875;11,75;462;202;0;0,0
368;2023.04.28 07:30;4;11,625;11,875;11,75;462;202;0;0,0
369;2023.04.28 07:45;4;11,625;11,875;11,75;462;202;0;0,0
370;2023.04.28 08:00;4;11,625;11,875;11,75;462;202;0;0,0
371;2023.04.28 08:15;4;11,625;11,875;11,75;462;202;0;0,0
372;2023.04.28 08:30;4;11,625;11,875;11,75;462;202;0;0,0
373;2023.04.28 08:45;4;11,625;11,875;11,75;462;202;0;0,0
374;2023.04.28 09:00;4;11,625;11,875;11,8125;462;202;0;0,0
375;2023.04.28 09:15;4;11,625;11,875;11,875;463;202;0;0,0
376;2023.04.28 09:30;4;11,6875;11,875;11,875;463;202;0;0,0
377;2023.04.28 09:45;4;11,75;11,9375;11,875;463;202;0;0,0
378;2023.04.28 10:00;4;11,75;12;11,9375;463;202;0;0,0
379;2023.04.28 10:15;4;11,75;12;12;463;202;0;0,0
380;2023.04.28 10:30;4;11,75;12;12;463;202;0;0,0
381;2023.04.28 10:45;4;11,8125;12;12;463;202;0;0,0
382;2023.04.28 11:00;4;11,875;12,0625;12,125;464;202;0;0,0
383;2023.04.28 11:15;4;11,875;12,125;12,125;464;202;0;0,0
384;2023.04.28 11:30;4;11,9375;12,125;12,125;464;202;0;0,0
385;2023.04.28 11:45;4;12;12,1875;12,25;464;202;0;0,0
386;2023.04.28 12:00;4;12;12,25;12,25;464;202;0;0,0
387;2023.04.28 12:15;4;12,0625;12,25;12,25;465;202;0;0,0
388;2023.04.28 12:30;4;12,125;12,25;12,375;465;202;0;0,0
389;2023.04.28 12:45;4;12,125;12,375;12,375;465;202;0;0,0
390;2023.04.28 13:00;4;12,25;12,375;12,5;465;202;0;0,0
391;2023.04.28 13:15;4;12,25;12,4375;12,5;466;202;0;0,0
392;2023.04.28 13:30;4;12,375;12,5;12,625;466;202;0;0,0
393;2023.04.28 13:45;4;12,375;12,5;12,625;466;202;0;0,0
394;2023.04.28 14:00;4;12,4375;12,625;12,6875;466;202;0;0,0
395;2023.04.28 14:15;4;12,5;12,625;12,75;467;202;0;0,0
396;2023.04.28 14:30;4;12,5625;12,6875;12,75;467;202;0;0,0
397;2023.04.28 14:45;4;12,625;12,75;12,875;467;202;0;0,0
398;2023.04.28 15:00;4;12,625;12,8125;12,875;467;202;0;0,0
399;2023.04.28 15:15;4;12,6875;12,875;12,875;468;202;0;0,0
400;2023.04.28 15:30;4;12,75;12,875;12,9375;468;202;0;0,0
401;2023.04.28 15:45;4;12,75;12,9375;13;468;202;0;0,0
402;2023.04.28 16:00;4;12,8125;13;13;468;202;0;0,0
403;2023.04.28 16:15;4;12,875;13;13,0625;469;202;0;0,0
404;2023.04.28 16:30;4;12,875;13,0625;13,0625;469;202;0;0,0
405;2023.04.28 16:45;4;12,875;13,125;13,125;469;202;0;0,0
406;2023.04.28 17:00;4;12,9375;13,125;13,125;469;202;0;0,0
407;2023.04.28 17:15;4;13;13,125;13,125;469;202;0;0,0
408;2023.04.28 17:30;4;13;13,1875;13,1875;469;202;0;0,0
409;2023.04.28 17:45;4;13;13,25;13,1875;469;202;0;0,0
410;2023.04.28 18:00;4;13;13,25;13,25;470;202;0;0,0
411;2023.04.28 18:15;4;13;13,25;13,25;470;202;0;0,0
412;2023.04.28 18:30;4;13,0625;13,25;13,25;470;202;0;0,0
413;2023.04.28 18:45;4;13,0625;13,25;13,25;470;202;0;0,0
414;2023.04.28 19:00;4;13,0625;13,3125;13,25;470;202;0;0,0
415;2023.04.28 19:15;4;13,125;13,3125;13,25;470;202;0;0,0
416;2023.04.28 19:30;4;13,125;13,375;13,25;470;202;0;0,0
417;2023.04.28 19:45;4;13,125;13,375;13,25;470;202;0;0,0
418;2023.04.28 20:00;4;13,125;13,375;13,25;470;202;0;0,0
419;2023.04.28 20:15;4;13,125;13,375;13,25;470;202;0;0,0
420;2023.04.28 20:30;4;13,125;13,375;13,25;470;202;0;0,0
421;2023.04.28 20:45;4;13,125;13,375;13,25;470;202;0;0,0
422;2023.04.28 21:00;4;13,125;13,375;13,25;470;202;0;0,0
423;2023.04.28 21:15;4;13,125;13,375;13,25;470;202;0;0,0
424;2023.04.28 21:30;4;13,0625;13,375;13,25;470;202;0;0,0
425;2023.04.28 21:45;4;13,0625;13,375;13,1875;470;202;0;0,0
426;2023.04.28 22:00;4;13;13,3125;13,125;470;202;0;0,0
427;2023.04.28 22:15;4;13;13,3125;13,125;468;202;0;0,0
428;2023.04.28 22:30;4;13;13,25;13,125;469;202;0;0,0
429;2023.04.28 22:45;4;13;13,25;13;468;202;0;0,0
430;2023.04.28 23:00;4;12,9375;13,25;13;468;202;0;0,0
431;2023.04.28 23:15;4;12,9375;13,25;12,9375;468;202;0;0,0
432;2023.04.28 23:30;4;12,875;13,1875;12,875;468;202;0;0,0
433;2023.04.28 23:45;4;12,875;13,125;12,875;468;202;0;0,0
434;2023.04.29 00:00;4;12,875;13,125;12,875;468;202;0;0,0
435;2023.04.29 00:15;4;12,875;13,125;12,875;468;202;0;0,0
436;2023.04.29 00:30;4;12,8125;13,125;12,8125;468;202;0;0,0
437;2023.04.29 00:45;4;12,75;13,0625;12,8125;467;202;0;0,0
438;2023.04.29 01:00;4;12,75;13;12,75;467;202;0;0,0
439;2023.04.29 01:15;4;12,75;13;12,75;467;202;0;0,0
440;2023.04.29 01:30;4;12,75;13;12,75;467;202;0;0,0
441;2023.04.29 01:45;4;12,75;13;12,75;467;202;0;0,0
442;2023.04.29 02:00;4;12,75;13;12,75;467;202;0;0,0
443;2023.04.29 02:15;4;12,6875;13;12,75;467;202;0;0,0
444;2023.04.29 02:30;4;12,6875;12,9375;12,75;467;202;0;0,0
445;2023.04.29 02:45;4;12,625;12,875;12,75;467;202;0;0,0
446;2023.04.29 03:00;4;12,625;12,875;12,6875;467;202;0;0,0
447;2023.04.29 03:15;4;12,625;12,875;12,6875;467;202;0;0,0
448;2023.04.29 03:30;4;12,625;12,875;12,6875;467;202;0;0,0
449;2023.04.29 03:45;4;12,625;12,875;12,625;467;202;0;0,0
450;2023.04.29 04:00;4;12,625;12,875;12,625;466;202;0;0,0
451;2023.04.29 04:15;4;12,625;12,875;12,625;466;202;0;0,0
452;2023.04.29 04:30;4;12,625;12,875;12,625;466;202;0;0,0
453;2023.04.29 04:45;4;12,5625;12,8125;12,625;466;202;0;0,0
454;2023.04.29 05:00;4;12,5625;12,8125;12,5625;466;202;0;0,0
455;2023.04.29 05:15;4;12,5;12,75;12,5625;466;202;0;0,0
456;2023.04.29 05:30;4;12,5;12,75;12,5;466;202;0;0,0
457;2023.04.29 05:45;4;12,5;12,75;12,5;466;202;0;0,0
458;2023.04.29 06:00;4;12,5;12,75;12,5;466;202;0;0,0
459;2023.04.29 06:15;4;12,5;12,75;12,5;466;202;0;0,0
460;2023.04.29 06:30;4;12,4375;12,75;12,4375;466;202;0;0,0
461;2023.04.29 06:45;4;12,4375;12,6875;12,375;466;202;0;0,0
462;2023.04.29 07:00;4;12,375;12,6875;12,375;465;202;0;0,0
463;2023.04.29 07:15;4;12,375;12,625;12,4375;465;202;0;0,0
464;2023.04.29 07:30;4;12,375;12,625;12,4375;465;202;0;0,0
465;2023.04.29 07:45;4;12,375;12,625;12,5;465;202;0;0,0
466;2023.04.29 08:00;4;12,375;12,625;12,5;465;202;0;0,0
467;2023.04.29 08:15;4;12,375;12,625;12,625;465;202;0;0,0
468;2023.04.29 08:30;4;12,375;12,625;12,625;465;202;0;0,0
469;2023.04.29 08:45;4;12,375;12,625;12,75;465;202;0;0,0
470;2023.04.29 09:00;4;12,4375;12,625;12,75;466;202;0;0,0
471;2023.04.29 09:15;4;12,5;12,6875;12,8125;466;202;0;0,0
472;2023.04.29 09:30;4;12,5;12,75;12,875;466;202;0;0,0
473;2023.04.29 09:45;4;12,5625;12,75;12,9375;466;202;0;0,0
474;2023.04.29 10:00;4;12,625;12,75;13;466;202;0;0,0
475;2023.04.29 10:15;4;12,625;12,875;13,125;467;202;0;0,0
476;2023.04.29 10:30;4;12,75;12,875;13,125;467;202;0;0,0
477;2023.04.29 10:45;4;12,75;12,9375;13,1875;467;202;0;0,0
478;2023.04.29 11:00;4;12,875;13;13,25;467;202;0;0,0
479;2023.04.29 11:15;4;12,875;13,0625;13,375;468;202;0;0,0
480;2023.04.29 11:30;4;13;13,125;13,375;468;202;0;0,0
481;2023.04.29 11:45;4;13;13,1875;13,5;468;202;0;0,0
482;2023.04.29 12:00;4;13,125;13,25;13,5;469;202;0;0,0
483;2023.04.29 12:15;4;13,125;13,3125;13,625;469;202;0;0,0
484;2023.04.29 12:30;4;13,25;13,375;13,6875;469;202;0;0,0
485;2023.04.29 12:45;4;13,25;13,4375;13,75;470;202;0;0,0
486;2023.04.29 13:00;4;13,375;13,5;13,8125;470;202;0;0,0
487;2023.04.29 13:15;4;13,375;13,5625;13,875;471;202;0;0,0
488;2023.04.29 13:30;4;13,5;13,625;14;471;202;0;0,0
489;2023.04.29 13:45;4;13,5625;13,75;14;471;202;0;0,0
490;2023.04.29 14:00;4;13,625;13,75;14,125;472;202;0;0,0
491;2023.04.29 14:15;4;13,6875;13,875;14,1875;472;202;0;0,0
492;2023.04.29 14:30;4;13,75;13,9375;14,25;472;202;0;0,0
493;2023.04.29 14:45;4;13,875;14;14,375;473;202;0;0,0
494;2023.04.29 15:00;4;13,875;14,0625;14,4375;473;202;0;0,0
495;2023.04.29 15:15;4;14;14,125;14,5;474;202;0;0,0
496;2023.04.29 15:30;4;14,0625;14,25;14,625;474;202;0;0,0
497;2023.04.29 15:45;4;14,125;14,3125;14,625;474;202;0;0,0
498;2023.04.29 16:00;4;14,25;14,375;14,6875;475;202;0;0,0
499;2023.04.29 16:15;4;14,25;14,4375;14,75;475;202;0;0,0
500;2023.04.29 16:30;4;14,375;14,5;14,8125;475;202;0;0,0
501;2023.04.29 16:45;4;14,4375;14,625;14,875;476;202;0;0,0
502;2023.04.29 17:00;4;14,5;14,625;14,875;476;202;0;0,0
503;2023.04.29 17:15;4;14,5;14,75;14,875;476;202;0;0,0
504;2023.04.29 17:30;4;14,625;14,75;14,875;477;202;0;0,0
505;2023.04.29 17:45;4;14,625;14,8125;14,9375;477;202;0;0,0
506;2023.04.29 18:00;4;14,625;14,875;15;477;202;0;0,0
507;2023.04.29 18:15;4;14,75;14,875;15;477;202;0;0,0
508;2023.04.29 18:30;4;14,75;14,9375;15;477;202;0;0,0
509;2023.04.29 18:45;4;14,75;15;15;478;202;0;0,0
510;2023.04.29 19:00;4;14,75;15;15;478;202;0;0,0
511;2023.04.29 19:15;4;14,8125;15;15;478;202;0;0,0
512;2023.04.29 19:30;4;14,8125;15;15;478;202;0;0,0
513;2023.04.29 19:45;4;14,875;15,0625;15;478;202;0;0,0
514;2023.04.29 20:00;4;14,875;15,0625;15;478;202;0;0,0
515;2023.04.29 20:15;4;14,875;15,125;15;478;202;0;0,0
516;2023.04.29 20:30;4;14,875;15,125;14,9375;478;202;0;0,0
517;2023.04.29 20:45;4;14,875;15,125;14,9375;478;202;0;0,0
518;2023.04.29 21:00;4;14,875;15,125;14,875;478;202;0;0,0
519;2023.04.29 21:15;4;14,875;15,125;14,875;478;202;0;0,0
520;2023.04.29 21:30;4;14,8125;15,0625;14,875;478;202;0;0,0
521;2023.04.29 21:45;4;14,8125;15,0625;14,875;478;202;0;0,0
522;2023.04.29 22:00;4;14,75;15,0625;14,8125;478;202;0;0,0
523;2023.04.29 22:15;4;14,75;15;14,8125;478;202;0;0,0
524;2023.04.29 22:30;4;14,75;15;14,75;478;202;0;0,0
525;2023.04.29 22:45;4;14,75;15;14,75;477;202;0;0,0
526;2023.04.29 23:00;4;14,75;15;14,75;477;202;0;0,0
527;2023.04.29 23:15;4;14,75;15;14,75;477;202;0;0,0
528;2023.04.29 23:30;4;14,6875;15;14,75;477;202;0;0,0
529;2023.04.29 23:45;4;14,6875;14,9375;14,6875;477;202;0;0,0
530;2023.04.30 00:00;4;14,625;14,875;14,625;477;202;0;0,0
531;2023.04.30 00:15;4;14,625;14,875;14,625;477;202;0;0,0
532;2023.04.30 00:30;4;14,625;14,875;14,625;477;202;0;0,0
533;2023.04.30 00:45;4;14,625;14,875;14,625;477;202;0;0,0
534;2023.04.30 01:00;4;14,5625;14,875;14,5625;476;202;0;0,0
535;2023.04.30 01:15;4;14,5;14,8125;14,5625;476;202;0;0,0
536;2023.04.30 01:30;4;14,5;14,75;14,5;476;202;0;0,0
537;2023.04.30 01:45;4;14,5;14,75;14,5;476;202;0;0,0
538;2023.04.30 02:00;4;14,5;14,75;14,5;476;202;0;0,0
539;2023.04.30 02:15;4;14,5;14,75;14,4375;476;202;0;0,0
540;2023.04.30 02:30;4;14,4375;14,75;14,4375;476;202;0;0,0
541;2023.04.30 02:45;4;14,375;14,6875;14,375;476;202;0;0,0
542;2023.04.30 03:00;4;14,375;14,625;14,375;476;202;0;0,0
543;2023.04.30 03:15;4;14,375;14,625;14,375;475;202;0;0,0
544;2023.04.30 03:30;4;14,375;14,625;14,375;475;202;0;0,0
545;2023.04.30 03:45;4;14,3125;14,625;14,3125;475;202;0;0,0
546;2023.04.30 04:00;4;14,3125;14,5625;14,3125;475;202;0;0,0
547;2023.04.30 04:15;4;14,25;14,5625;14,25;475;202;0;0,0
548;2023.04.30 04:30;4;14,25;14,5;14,25;475;202;0;0,0
549;2023.04.30 04:45;4;14,25;14,5;14,25;475;202;0;0,0
550;2023.04.30 05:00;4;14,25;14,5;14,25;475;202;0;0,0
551;2023.04.30 05:15;4;14,1875;14,5;14,125;474;202;0;0,0
552;2023.04.30 05:30;4;14,125;14,4375;14,125;474;202;0;0,0
553;2023.04.30 05:45;4;14,125;14,375;14,125;474;202;0;0,0
554;2023.04.30 06:00;4;14,125;14,375;14,125;474;202;0;0,0
555;2023.04.30 06:15;4;14,125;14,375;14,0625;474;202;0;0,0
556;2023.04.30 06:30;4;14,0625;14,375;14;474;202;0;0,0
557;2023.04.30 06:45;4;14;14,3125;14;474;202;0;0,0
558;2023.04.30 07:00;4;14;14,25;14;473;202;0;0,0
559;2023.04.30 07:15;4;14;14,25;14;473;202;0;0,0
560;2023.04.30 07:30;4;14;14,25;13,9375;473;202;0;0,0
561;2023.04.30 07:45;4;13,9375;14,25;13,875;473;202;0;0,0
562;2023.04.30 08:00;4;13,875;14,1875;13,875;473;202;0;0,0
563;2023.04.30 08:15;4;13,875;14,125;13,875;473;202;0;0,0
564;2023.04.30 08:30;4;13,875;14,125;13,875;473;202;0;0,0
565;2023.04.30 08:45;4;13,875;14,125;13,875;473;202;0;0,0
566;2023.04.30 09:00;4;13,875;14,125;13,875;473;202;0;0,0
567;2023.04.30 09:15;4;13,8125;14,125;13,875;473;202;0;0,0
568;2023.04.30 09:30;4;13,8125;14,0625;13,875;472;202;0;0,0
569;2023.04.30 09:45;4;13,8125;14,0625;13,875;472;202;0;0,0
570;2023.04.30 10:00;4;13,8125;14,0625;13,875;472;202;0;0,0
571;2023.04.30 10:15;4;13,8125;14,0625;13,9375;472;202;0;0,0
572;2023.04.30 10:30;4;13,8125;14,0625;14;472;202;0;0,0
573;2023.04.30 10:45;4;13,875;14,0625;14;472;202;0;0,0
574;2023.04.30 11:00;4;13,875;14,0625;14;473;202;0;0,0
575;2023.04.30 11:15;4;13,875;14,0625;14;473;202;0;0,0
576;2023.04.30 11:30;4;13,875;14,125;14,0625;473;202;0;0,0
577;2023.04.30 11:45;4;13,875;14,125;14,0625;473;202;0;0,0
578;2023.04.30 12:00;4;13,875;14,125;14,125;473;202;0;0,0
579;2023.04.30 12:15;4;13,9375;14,125;14,125;473;202;0;0,0
580;2023.04.30 12:30;4;13,9375;14,125;14,125;473;202;0;0,0
581;2023.04.30 12:45;4;14;14,125;14,1875;473;202;0;0,0
582;2023.04.30 13:00;4;14;14,1875;14,25;473;202;0;0,0
583;2023.04.30 13:15;4;14;14,25;14,25;473;202;0;0,0
584;2023.04.30 13:30;4;14,0625;14,25;14,375;474;202;0;0,0
585;2023.04.30 13:45;4;14,125;14,25;14,375;474;202;0;0,0
586;2023.04.30 14:00;4;14,125;14,3125;14,4375;474;202;0;0,0
587;2023.04.30 14:15;4;14,125;14,375;14,5;474;202;0;0,0
588;2023.04.30 14:30;4;14,25;14,375;14,5;474;202;0;0,0
589;2023.04.30 14:45;4;14,25;14,4375;14,5625;475;202;0;0,0
590;2023.04.30 15:00;4;14,25;14,5;14,625;475;202;0;0,0
591;2023.04.30 15:15;4;14,375;14,5;14,625;475;202;0;0,0
592;2023.04.30 15:30;4;14,375;14,5625;14,6875;475;202;0;0,0
593;2023.04.30 15:45;4;14,375;14,625;14,75;475;202;0;0,0
594;2023.04.30 16:00;4;14,5;14,625;14,75;476;202;0;0,0
595;2023.04.30 16:15;4;14,5;14,6875;14,75;476;202;0;0,0
596;2023.04.30 16:30;4;14,5;14,75;14,75;476;202;0;0,0
597;2023.04.30 16:45;4;14,5;14,75;14,75;476;202;0;0,0
598;2023.04.30 17:00;4;14,5625;14,75;14,75;476;202;0;0,0
599;2023.04.30 17:15;4;14,625;14,8125;14,75;476;202;0;0,0
600;2023.04.30 17:30;4;14,625;14,8125;14,75;477;202;0;0,0
601;2023.04.30 17:45;4;14,625;14,875;14,75;477;202;0;0,0
602;2023.04.30 18:00;4;14,625;14,875;14,75;477;202;0;0,0
603;2023.04.30 18:15;4;14,625;14,875;14,75;477;202;0;0,0
604;2023.04.30 18:30;4;14,625;14,875;14,75;477;202;0;0,0
605;2023.04.30 18:45;4;14,625;14,875;14,75;477;202;0;0,0
606;2023.04.30 19:00;4;14,625;14,875;14,75;477;202;0;0,0
607;2023.04.30 19:15;4;14,625;14,875;14,75;477;202;0;0,0
608;2023.04.30 19:30;4;14,625;14,875;14,75;477;202;0;0,0
609;2023.04.30 19:45;4;14,625;14,875;14,75;477;202;0;0,0
610;2023.04.30 20:00;4;14,625;14,875;14,6875;477;202;0;0,0
611;2023.04.30 20:15;4;14,625;14,875;14,6875;477;202;0;0,0
612;2023.04.30 20:30;4;14,625;14,875;14,625;477;202;0;0,0
613;2023.04.30 20:45;4;14,625;14,875;14,625;477;202;0;0,0
614;2023.04.30 21:00;4;14,625;14,875;14,625;476;202;0;0,0
615;2023.04.30 21:15;4;14,5625;14,875;14,625;476;202;0;0,0
616;2023.04.30 21:30;4;14,5625;14,8125;14,625;476;202;0;0,0
617;2023.04.30 21:45;4;14,5;14,8125;14,5625;476;202;0;0,0
618;2023.04.30 22:00;4;14,5;14,75;14,5;476;202;0;0,0
619;2023.04.30 22:15;4;14,5;14,75;14,5;476;202;0;0,0
620;2023.04.30 22:30;4;14,5;14,75;14,5;476;202;0;0,0
621;2023.04.30 22:45;4;14,5;14,75;14,5;476;202;0;0,0
622;2023.04.30 23:00;4;14,4375;14,75;14,5;476;202;0;0,0
623;2023.04.30 23:15;4;14,4375;14,6875;14,4375;476;202;0;0,0
624;2023.04.30 23:30;4;14,375;14,6875;14,375;476;202;0;0,0
625;2023.04.30 23:45;4;14,375;14,625;14,375;475;202;0;0,0
626;2023.05.01 00:00;4;14,375;14,625;14,375;475;202;0;0,0
627;2023.05.01 00:15;4;14,375;14,625;14,3125;475;202;0;0,0
628;2023.05.01 00:30;4;14,3125;14,625;14,3125;475;202;0;0,0
629;2023.05.01 00:45;4;14,25;14,5625;14,25;475;202;0;0,0
630;2023.05.01 01:00;4;14,25;14,5;14,25;475;202;0;0,0
631;2023.05.01 01:15;4;14,25;14,5;14,25;475;202;0;0,0
632;2023.05.01 01:30;4;14,25;14,5;14,25;475;202;0;0,0
633;2023.05.01 01:45;4;14,1875;14,5;14,1875;474;202;0;0,0
634;2023.05.01 02:00;4;14,125;14,4375;14,125;474;202;0;0,0
635;2023.05.01 02:15;4;14,125;14,375;14,125;474;202;0;0,0
636;2023.05.01 02:30;4;14,125;14,375;14,125;474;202;0;0,0
637;2023.05.01 02:45;4;14,125;14,375;14,125;474;202;0;0,0
638;2023.05.01 03:00;4;14,0625;14,375;14,0625;474;202;0;0,0
639;2023.05.01 03:15;4;14,0625;14,3125;14;474;202;0;0,0
640;2023.05.01 03:30;4;14;14,3125;14;474;202;0;0,0
641;2023.05.01 03:45;4;14;14,25;14;473;202;0;0,0
642;2023.05.01 04:00;4;14;14,25;14;473;202;0;0,0
643;2023.05.01 04:15;4;13,9375;14,25;13,9375;473;202;0;0,0
644;2023.05.01 04:30;4;13,9375;14,25;13,875;473;202;0;0,0
645;2023.05.01 04:45;4;13,875;14,1875;13,875;473;202;0;0,0
646;2023.05.01 05:00;4;13,875;14,125;13,875;473;202;0;0,0
647;2023.05.01 05:15;4;13,875;14,125;13,875;473;202;0;0,0
648;2023.05.01 05:30;4;13,875;14,125;13,8125;473;202;0;0,0
649;2023.05.01 05:45;4;13,8125;14,0625;13,75;472;202;0;0,0
650;2023.05.01 06:00;4;13,75;14,0625;13,75;472;202;0;0,0
651;2023.05.01 06:15;4;13,75;14;13,75;472;202;0;0,0
652;2023.05.01 06:30;4;13,75;14;13,75;472;202;0;0,0
653;2023.05.01 06:45;4;13,75;14;13,75;472;202;0;0,0
654;2023.05.01 07:00;4;13,6875;14;13,75;472;202;0;0,0
655;2023.05.01 07:15;4;13,6875;13,9375;13,6875;472;202;0;0,0
656;2023.05.01 07:30;4;13,625;13,9375;13,6875;472;202;0;0,0
657;2023.05.01 07:45;4;13,625;13,875;13,625;472;202;0;0,0
658;2023.05.01 08:00;4;13,625;13,875;13,625;472;202;0;0,0
659;2023.05.01 08:15;4;13,625;13,875;13,625;471;202;0;0,0
660;2023.05.01 08:30;4;13,625;13,875;13,625;471;202;0;0,0
661;2023.05.01 08:45;4;13,625;13,875;13,625;471;202;0;0,0
662;2023.05.01 09:00;4;13,5625;13,8125;13,625;471;202;0;0,0
663;2023.05.01 09:15;4;13,5625;13,8125;13,625;471;202;0;0,0
664;2023.05.01 09:30;4;13,5625;13,8125;13,625;471;202;0;0,0
665;2023.05.01 09:45;4;13,5625;13,8125;13,625;471;202;0;0,0
666;2023.05.01 10:00;4;13,5625;13,8125;13,6875;471;202;0;0,0
667;2023.05.01 10:15;4;13,5625;13,8125;13,75;471;202;0;0,0
668;2023.05.01 10:30;4;13,5625;13,8125;13,75;471;202;0;0,0
669;2023.05.01 10:45;4;13,5625;13,8125;13,75;471;202;0;0,0
670;2023.05.01 11:00;4;13,625;13,8125;13,8125;471;202;0;0,0
671;2023.05.01 11:15;4;13,625;13,875;13,875;471;202;0;0,0
672;2023.05.01 11:30;4;13,625;13,875;13,875;472;202;0;0,0
673;2023.05.01 11:45;4;13,625;13,875;13,875;472;202;0;0,0
674;2023.05.01 12:00;4;13,6875;13,875;13,9375;472;202;0;0,0
675;2023.05.01 12:15;4;13,75;13,875;13,9375;472;202;0;0,0
676;2023.05.01 12:30;4;13,75;13,9375;14;472;202;0;0,0
677;2023.05.01 12:45;4;13,75;14;14;472;202;0;0,0
678;2023.05.01 13:00;4;13,75;14;14;472;202;0;0,0
679;2023.05.01 13:15;4;13,8125;14;14,0625;472;202;0;0,0
680;2023.05.01 13:30;4;13,875;14;14,125;473;202;0;0,0
681;2023.05.01 13:45;4;13,875;14,0625;14,125;473;202;0;0,0
682;2023.05.01 14:00;4;13,875;14,125;14,125;473;202;0;0,0
683;2023.05.01 14:15;4;13,9375;14,125;14,1875;473;202;0;0,0
684;2023.05.01 14:30;4;14;14,125;14,25;473;202;0;0,0
685;2023.05.01 14:45;4;14;14,1875;14,25;473;202;0;0,0
686;2023.05.01 15:00;4;14;14,25;14,3125;474;202;0;0,0
687;2023.05.01 15:15;4;14,0625;14,25;14,375;474;202;0;0,0
688;2023.05.01 15:30;4;14,125;14,25;14,375;474;202;0;0,0
689;2023.05.01 15:45;4;14,125;14,375;14,375;474;202;0;0,0
690;2023.05.01 16:00;4;14,125;14,375;14,4375;474;202;0;0,0
691;2023.05.01 16:15;4;14,25;14,375;14,5;474;202;0;0,0
692;2023.05.01 16:30;4;14,25;14,4375;14,5;475;202;0;0,0
693;2023.05.01 16:45;4;14,25;14,5;14,5;475;202;0;0,0
694;2023.05.01 17:00;4;14,3125;14,5;14,5625;475;202;0;0,0
695;2023.05.01 17:15;4;14,375;14,5;14,625;475;202;0;0,0
696;2023.05.01 17:30;4;14,375;14,5625;14,625;475;202;0;0,0
697;2023.05.01 17:45;4;14,375;14,625;14,625;476;202;0;0,0
698;2023.05.01 18:00;4;14,375;14,625;14,625;476;202;0;0,0
699;2023.05.01 18:15;4;14,4375;14,625;14,625;476;202;0;0,0
700;2023.05.01 18:30;4;14,5;14,6875;14,6875;476;202;0;0,0
701;2023.05.01 18:45;4;14,5;14,6875;14,6875;476;202;0;0,0
702;2023.05.01 19:00;4;14,5;14,75;14,6875;476;202;0;0,0
703;2023.05.01 19:15;4;14,5;14,75;14,75;476;202;0;0,0
704;2023.05.01 19:30;4;14,5;14,75;14,75;476;202;0;0,0
705;2023.05.01 19:45;4;14,5625;14,75;14,6875;476;202;0;0,0
706;2023.05.01 20:00;4;14,5625;14,75;14,6875;476;202;0;0,0
707;2023.05.01 20:15;4;14,5625;14,75;14,625;477;202;0;0,0
708;2023.05.01 20:30;4;14,5625;14,8125;14,625;477;202;0;0,0
709;2023.05.01 20:45;4;14,5625;14,8125;14,625;476;202;0;0,0
710;2023.05.01 21:00;4;14,5625;14,75;14,5;476;202;0;0,0
711;2023.05.01 21:15;4;14,5;14,75;14,5;476;202;0;0,0
712;2023.05.01 21:30;4;14,5;14,75;14,4375;476;202;0;0,0
713;2023.05.01 21:45;4;14,5;14,75;14,375;476;202;0;0,0
714;2023.05.01 22:00;4;14,4375;14,75;14,375;476;202;0;0,0
715;2023.05.01 22:15;4;14,375;14,6875;14,3125;476;202;0;0,0
716;2023.05.01 22:30;4;14,375;14,625;14,25;476;202;0;0,0
717;2023.05.01 22:45;4;14,375;14,625;14,25;475;202;0;0,0
718;2023.05.01 23:00;4;14,3125;14,625;14,25;475;202;0;0,0
719;2023.05.01 23:15;4;14,25;14,5;14,1875;475;202;0;0,0
720;2023.05.01 23:30;4;14,25;14,5;14,125;475;202;0;0,0
721;2023.05.01 23:45;4;14,25;14,5;14,125;475;202;0;0,0
722;2023.05.02 00:00;4;14,125;14,4375;14;474;202;0;0,0
723;2023.05.02 00:15;4;14,125;14,375;13,9375;474;202;0;0,0
724;2023.05.02 00:30;4;14,0625;14,375;13,875;474;202;0;0,0
725;2023.05.02 00:45;4;14;14,3125;13,8125;475;202;0;0,0
726;2023.05.02 01:00;4;14;14,25;13,75;475;202;0;0,0
727;2023.05.02 01:15;4;13,875;14,25;13,75;474;202;0;0,0
728;2023.05.02 01:30;4;13,875;14,125;13,625;474;202;0;0,0
729;2023.05.02 01:45;4;13,8125;14,125;13,625;474;202;0;0,0
730;2023.05.02 02:00;4;13,75;14,0625;13,5;474;202;0;0,0
731;2023.05.02 02:15;4;13,6875;14;13,5;473;202;0;0,0
732;2023.05.02 02:30;4;13,625;13,9375;13,4375;473;202;0;0,0
733;2023.05.02 02:45;4;13,5625;13,875;13,375;473;202;0;0,0
734;2023.05.02 03:00;4;13,5;13,875;13,375;472;202;0;0,0
735;2023.05.02 03:15;4;13,5;13,75;13,3125;472;202;0;0,0
736;2023.05.02 03:30;4;13,4375;13,75;13,25;472;202;0;0,0
737;2023.05.02 03:45;4;13,375;13,6875;13,25;472;202;0;0,0
738;2023.05.02 04:00;4;13,375;13,625;13,25;472;202;0;0,0
739;2023.05.02 04:15;4;13,3125;13,625;13,1875;471;202;0;0,0
740;2023.05.02 04:30;4;13,25;13,5625;13,125;471;202;0;0,0
741;2023.05.02 04:45;4;13,25;13,5;13,125;471;202;0;0,0
742;2023.05.02 05:00;4;13,1875;13,5;13;471;202;0;0,0
743;2023.05.02 05:15;4;13,125;13,4375;13;470;202;0;0,0
744;2023.05.02 05:30;4;13,125;13,375;13;470;202;0;0,0
745;2023.05.02 05:45;4;13,0625;13,375;13;470;202;0;0,0
746;2023.05.02 06:00;4;13;13,3125;13;470;202;0;0,0
747;2023.05.02 06:15;4;13;13,25;13;470;202;0;0,0
748;2023.05.02 06:30;4;13;13,25;13;470;202;0;0,0
749;2023.05.02 06:45;4;13;13,25;13;469;202;0;0,0
750;2023.05.02 07:00;4;12,9375;13,25;12,9375;469;202;0;0,0
751;2023.05.02 07:15;4;12,9375;13,1875;12,9375;469;202;0;0,0
752;2023.05.02 07:30;4;12,875;13,125;12,9375;469;202;0;0,0
753;2023.05.02 07:45;4;12,875;13,125;12,9375;469;202;0;0,0
754;2023.05.02 08:00;4;12,875;13,125;12,9375;469;202;0;0,0
755;2023.05.02 08:15;4;12,875;13,125;12,9375;469;202;0;0,0
756;2023.05.02 08:30;4;12,875;13,125;12,875;469;202;0;0,0
757;2023.05.02 08:45;4;12,875;13,125;12,9375;469;202;0;0,0
758;2023.05.02 09:00;4;12,875;13,125;12,9375;469;202;0;0,0
759;2023.05.02 09:15;4;12,875;13,125;12,9375;469;202;0;0,0
760;2023.05.02 09:30;4;12,875;13,125;12,9375;469;202;0;0,0
761;2023.05.02 09:45;4;12,875;13,125;13;469;202;0;0,0
762;2023.05.02 10:00;4;12,875;13,125;13;469;202;0;0,0
763;2023.05.02 10:15;4;12,875;13,125;13;469;202;0;0,0
764;2023.05.02 10:30;4;12,875;13,125;13;469;202;0;0,0
765;2023.05.02 10:45;4;12,875;13,125;13;469;202;0;0,0
766;2023.05.02 11:00;4;12,9375;13,125;13,0625;469;202;0;0,0
767;2023.05.02 11:15;4;13;13,125;13,125;469;202;0;0,0
768;2023.05.02 11:30;4;13;13,125;13,125;469;202;0;0,0
769;2023.05.02 11:45;4;13;13,125;13,125;470;202;0;0,0
770;2023.05.02 12:00;4;13;13,1875;13,1875;470;202;0;0,0
771;2023.05.02 12:15;4;13,0625;13,25;13,25;470;202;0;0,0
772;2023.05.02 12:30;4;13,125;13,25;13,25;470;202;0;0,0
773;2023.05.02 12:45;4;13,125;13,25;13,25;470;202;0;0,0
774;2023.05.02 13:00;4;13,1875;13,25;13,375;470;202;0;0,0
775;2023.05.02 13:15;4;13,25;13,3125;13,375;470;202;0;0,0
776;2023.05.02 13:30;4;13,25;13,375;13,375;471;202;0;0,0
777;2023.05.02 13:45;4;13,25;13,375;13,4375;471;202;0;0,0
778;2023.05.02 14:00;4;13,25;13,4375;13,5;471;202;0;0,0
779;2023.05.02 14:15;4;13,3125;13,4375;13,5;471;202;0;0,0
780;2023.05.02 14:30;4;13,375;13,5;13,5;471;202;0;0,0
781;2023.05.02 14:45;4;13,375;13,5;13,5625;471;202;0;0,0
782;2023.05.02 15:00;4;13,4375;13,5;13,625;472;202;0;0,0
783;2023.05.02 15:15;4;13,5;13,625;13,625;472;202;0;0,0
784;2023.05.02 15:30;4;13,5;13,625;13,6875;472;202;0;0,0
785;2023.05.02 15:45;4;13,5;13,625;13,75;472;202;0;0,0
786;2023.05.02 16:00;4;13,5625;13,6875;13,75;472;202;0;0,0
787;2023.05.02 16:15;4;13,625;13,75;13,75;473;202;0;0,0
788;2023.05.02 16:30;4;13,625;13,75;13,8125;473;202;0;0,0
789;2023.05.02 16:45;4;13,625;13,75;13,875;473;202;0;0,0
790;2023.05.02 17:00;4;13,6875;13,8125;13,875;473;202;0;0,0
791;2023.05.02 17:15;4;13,75;13,875;13,875;473;202;0;0,0
792;2023.05.02 17:30;4;13,75;13,875;13,875;473;202;0;0,0
793;2023.05.02 17:45;4;13,75;13,875;13,875;473;202;0;0,0
794;2023.05.02 18:00;4;13,75;13,9375;13,9375;474;202;0;0,0
795;2023.05.02 18:15;4;13,75;13,9375;13,9375;474;202;0;0,0
796;2023.05.02 18:30;4;13,8125;14;13,9375;474;202;0;0,0
797;2023.05.02 18:45;4;13,8125;14;14;474;202;0;0,0
798;2023.05.02 19:00;4;13,875;14;14;474;202;0;0,0
799;2023.05.02 19:15;4;13,875;14;14;474;202;0;0,0
800;2023.05.02 19:30;4;13,875;14;14;474;202;0;0,0
801;2023.05.02 19:45;4;13,875;14,0625;14;474;202;0;0,0
802;2023.05.02 20:00;4;13,875;14,0625;13,9375;474;202;0;0,0
803;2023.05.02 20:15;4;13,875;14,0625;13,875;474;202;0;0,0
804;2023.05.02 20:30;4;13,875;14,0625;13,875;474;202;0;0,0
805;2023.05.02 20:45;4;13,8125;14,0625;13,875;474;202;0;0,0
806;2023.05.02 21:00;4;13,8125;14,0625;13,8125;474;202;0;0,0
807;2023.05.02 21:15;4;13,75;14,0625;13,75;474;202;0;0,0
808;2023.05.02 21:30;4;13,75;14;13,75;474;202;0;0,0
809;2023.05.02 21:45;4;13,75;14;13,75;474;202;0;0,0
810;2023.05.02 22:00;4;13,75;14;13,6875;474;202;0;0,0
811;2023.05.02 22:15;4;13,6875;14;13,625;473;202;0;0,0
812;2023.05.02 22:30;4;13,625;13,9375;13,625;473;202;0;0,0
813;2023.05.02 22:45;4;13,625;13,875;13,625;473;202;0;0,0
814;2023.05.02 23:00;4;13,625;13,875;13,5;473;202;0;0,0
815;2023.05.02 23:15;4;13,5625;13,875;13,5;473;202;0;0,0
816;2023.05.02 23:30;4;13,5;13,8125;13,4375;472;202;0;0,0
817;2023.05.02 23:45;4;13,5;13,75;13,375;472;202;0;0,0
818;2023.05.03 00:00;4;13,4375;13,75;13,25;472;202;0;0,0
819;2023.05.03 00:15;4;13,375;13,75;13,25;472;202;0;0,0
820;2023.05.03 00:30;4;13,375;13,625;13,1875;471;202;0;0,0
821;2023.05.03 00:45;4;13,25;13,625;13,125;468;202;0;0,0
822;2023.05.03 01:00;4;13,25;13,5625;13,125;467;202;0;0,0
823;2023.05.03 01:15;4;13,1875;13,5;13,125;467;202;0;0,0
824;2023.05.03 01:30;4;13,125;13,5;13,125;467;202;0;0,0
825;2023.05.03 01:45;4;13,125;13,375;13;467;202;0;0,0
826;2023.05.03 02:00;4;13,0625;13,375;13;467;202;0;0,0
827;2023.05.03 02:15;4;13;13,3125;12,9375;466;202;0;0,0
828;2023.05.03 02:30;4;13;13,25;12,875;466;202;0;0,0
829;2023.05.03 02:45;4;12,875;13,25;12,75;466;202;0;0,0
830;2023.05.03 03:00;4;12,875;13,125;12,75;466;202;0;0,0
831;2023.05.03 03:15;4;12,75;13,125;12,625;465;202;0;0,0
832;2023.05.03 03:30;4;12,75;13;12,5625;465;202;0;0,0
833;2023.05.03 03:45;4;12,6875;13;12,5;465;202;0;0,0
834;2023.05.03 04:00;4;12,625;12,9375;12,375;464;202;0;0,0
835;2023.05.03 04:15;4;12,5;12,875;12,3125;464;202;0;0,0
836;2023.05.03 04:30;4;12,5;12,75;12,25;464;202;0;0,0
837;2023.05.03 04:45;4;12,375;12,75;12,125;463;202;0;0,0
838;2023.05.03 05:00;4;12,3125;12,625;12;463;202;0;0,0
839;2023.05.03 05:15;4;12,25;12,5625;11,875;462;202;0;0,0
840;2023.05.03 05:30;4;12,125;12,5;11,75;462;202;0;0,0
841;2023.05.03 05:45;4;12;12,375;11,625;461;202;0;0,0
842;2023.05.03 06:00;4;12;12,25;11,625;461;202;0;0,0
843;2023.05.03 06:15;4;11,875;12,1875;11,625;461;202;0;0,0
844;2023.05.03 06:30;4;11,8125;12,125;11,625;460;202;0;0,0
845;2023.05.03 06:45;4;11,75;12;11,625;460;202;0;0,0
846;2023.05.03 07:00;4;11,6875;12;11,625;460;202;0;0,0
847;2023.05.03 07:15;4;11,625;11,9375;11,625;459;202;0;0,0
848;2023.05.03 07:30;4;11,625;11,875;11,625;459;202;0;0,0
849;2023.05.03 07:45;4;11,625;11,875;11,625;459;202;0;0,0
850;2023.05.03 08:00;4;11,625;11,875;11,625;459;202;0;0,0
851;2023.05.03 08:15;4;11,5625;11,8125;11,625;459;202;0;0,0
852;2023.05.03 08:30;4;11,5625;11,8125;11,625;459;202;0;0,0
853;2023.05.03 08:45;4;11,625;11,8125;11,6875;459;202;0;0,0
854;2023.05.03 09:00;4;11,625;11,8125;11,75;459;202;0;0,0
855;2023.05.03 09:15;4;11,625;11,8125;11,8125;459;202;0;0,0
856;2023.05.03 09:30;4;11,625;11,875;11,875;459;202;0;0,0
857;2023.05.03 09:45;4;11,6875;11,875;12;459;202;0;0,0
858;2023.05.03 10:00;4;11,75;11,875;12,0625;460;202;0;0,0
859;2023.05.03 10:15;4;11,75;11,9375;12,125;460;202;0;0,0
860;2023.05.03 10:30;4;11,875;12;12,25;460;202;0;0,0
861;2023.05.03 10:45;4;11,9375;12,0625;12,375;461;202;0;0,0
862;2023.05.03 11:00;4;12;12,125;12,4375;461;202;0;0,0
863;2023.05.03 11:15;4;12,125;12,25;12,5;461;202;0;0,0
864;2023.05.03 11:30;4;12,125;12,25;12,625;462;202;0;0,0
865;2023.05.03 11:45;4;12,25;12,375;12,75;462;202;0;0,0
866;2023.05.03 12:00;4;12,375;12,4375;12,75;463;202;0;0,0
867;2023.05.03 12:15;4;12,375;12,5;12,875;463;202;0;0,0
868;2023.05.03 12:30;4;12,5;12,625;12,9375;464;202;0;0,0
869;2023.05.03 12:45;4;12,625;12,6875;13;464;202;0;0,0
870;2023.05.03 13:00;4;12,625;12,75;13,125;464;202;0;0,0
871;2023.05.03 13:15;4;12,75;12,875;13,1875;465;202;0;0,0
872;2023.05.03 13:30;4;12,8125;12,9375;13,25;465;202;0;0,0
873;2023.05.03 13:45;4;12,875;13;13,375;466;202;0;0,0
874;2023.05.03 14:00;4;13;13,125;13,375;466;202;0;0,0
875;2023.05.03 14:15;4;13,0625;13,1875;13,5;467;202;0;0,0
876;2023.05.03 14:30;4;13,125;13,25;13,5;467;202;0;0,0
877;2023.05.03 14:45;4;13,1875;13,375;13,625;467;202;0;0,0
878;2023.05.03 15:00;4;13,25;13,375;13,625;468;202;0;0,0
879;2023.05.03 15:15;4;13,375;13,5;13,75;468;202;0;0,0
880;2023.05.03 15:30;4;13,375;13,5;13,75;468;202;0;0,0
881;2023.05.03 15:45;4;13,5;13,625;13,875;469;202;0;0,0
882;2023.05.03 16:00;4;13,5;13,6875;13,875;469;202;0;0,0
883;2023.05.03 16:15;4;13,625;13,75;13,9375;469;202;0;0,0
884;2023.05.03 16:30;4;13,625;13,8125;14;470;202;0;0,0
885;2023.05.03 16:45;4;13,75;13,875;14;470;202;0;0,0
886;2023.05.03 17:00;4;13,75;13,875;14,0625;470;202;0;0,0
887;2023.05.03 17:15;4;13,8125;14;14,0625;471;202;0;0,0
888;2023.05.03 17:30;4;13,875;14;14,125;471;202;0;0,0
889;2023.05.03 17:45;4;13,875;14;14,125;471;202;0;0,0
890;2023.05.03 18:00;4;13,875;14,0625;14,125;471;202;0;0,0
891;2023.05.03 18:15;4;13,875;14,125;14,125;471;202;0;0,0
892;2023.05.03 18:30;4;13,9375;14,125;14,125;471;202;0;0,0
893;2023.05.03 18:45;4;13,9375;14,125;14,0625;471;202;0;0,0
894;2023.05.03 19:00;4;13,9375;14,125;14;471;202;0;0,0
895;2023.05.03 19:15;4;13,9375;14,125;14;471;202;0;0,0
896;2023.05.03 19:30;4;13,9375;14,125;13,9375;471;202;0;0,0
897;2023.05.03 19:45;4;13,875;14,125;13,875;471;202;0;0,0
898;2023.05.03 20:00;4;13,875;14,125;13,875;471;202;0;0,0
899;2023.05.03 20:15;4;13,875;14,125;13,8125;471;202;0;0,0
900;2023.05.03 20:30;4;13,875;14,125;13,75;471;202;0;0,0
901;2023.05.03 20:45;4;13,75;14,0625;13,75;471;202;0;0,0
902;2023.05.03 21:00;4;13,75;14;13,6875;470;202;0;0,0
903;2023.05.03 21:15;4;13,75;14;13,625;470;202;0;0,0
904;2023.05.03 21:30;4;13,6875;13,9375;13,5625;470;202;0;0,0
905;2023.05.03 21:45;4;13,625;13,875;13,5;470;202;0;0,0
906;2023.05.03 22:00;4;13,625;13,875;13,5;469;202;0;0,0
907;2023.05.03 22:15;4;13,5;13,8125;13,375;469;202;0;0,0
908;2023.05.03 22:30;4;13,5;13,75;13,375;469;202;0;0,0
909;2023.05.03 22:45;4;13,4375;13,75;13,375;469;202;0;0,0
910;2023.05.03 23:00;4;13,375;13,6875;13,25;469;202;0;0,0
911;2023.05.03 23:15;4;13,375;13,625;13,25;468;202;0;0,0
912;2023.05.03 23:30;4;13,25;13,625;13,125;468;202;0;0,0
913;2023.05.03 23:45;4;13,25;13,5;13,125;468;202;0;0,0
914;2023.05.04 00:00;4;13,125;13,5;13;467;202;0;0,0
915;2023.05.04 00:15;4;13,125;13,375;12,875;467;202;0;0,0
916;2023.05.04 00:30;4;13;13,375;12,8125;467;202;0;0,0
917;2023.05.04 00:45;4;12,9375;13,25;12,75;470;202;0;0,0
918;2023.05.04 01:00;4;12,875;13,1875;12,8125;471;202;0;0,0
919;2023.05.04 01:15;4;12,75;13,125;12,75;469;202;0;0,0
920;2023.05.04 01:30;4;12,75;13,0625;12,5625;469;202;0;0,0
921;2023.05.04 01:45;4;12,6875;13;12,5;469;202;0;0,0
922;2023.05.04 02:00;4;12,625;12,875;12,375;468;202;0;0,0
923;2023.05.04 02:15;4;12,5;12,875;12,3125;468;202;0;0,0
924;2023.05.04 02:30;4;12,375;12,75;12,25;467;202;0;0,0
925;2023.05.04 02:45;4;12,25;12,625;12,125;468;202;0;0,0
926;2023.05.04 03:00;4;12,125;12,5;11,875;467;202;0;0,0
927;2023.05.04 03:15;4;12;12,375;11,375;466;202;0;0,0
928;2023.05.04 03:30;4;11,875;12,125;10,75;465;202;0;0,0
929;2023.05.04 03:45;4;11,75;11,875;10,25;464;202;0;0,0
930;2023.05.04 04:00;4;11,625;11,625;10,25;462;202;0;0,0
931;2023.05.04 04:15;4;11,5;11,5;10,375;462;202;0;0,0
932;2023.05.04 04:30;4;11,375;11,375;10,5;461;202;0;0,0
933;2023.05.04 04:45;4;11,375;11,3125;10,5625;461;202;0;0,0
934;2023.05.04 05:00;4;11,25;11,25;10,5;460;202;0;0,0
935;2023.05.04 05:15;4;11,25;11,25;10,5;460;202;0;0,0
936;2023.05.04 05:30;4;11,125;11,25;10,5;460;202;0;0,0
937;2023.05.04 05:45;4;11;11,1875;10,5625;460;202;0;0,0
938;2023.05.04 06:00;4;11;11,125;10,75;459;202;0;0,0
939;2023.05.04 06:15;4;10,9375;11,125;10,75;459;202;0;0,0
940;2023.05.04 06:30;4;10,875;11;10,5;459;202;0;0,0
941;2023.05.04 06:45;4;10,75;10,875;10,5;456;202;0;0,0
942;2023.05.04 07:00;4;10,75;10,8125;10,6875;456;202;0;0,0
943;2023.05.04 07:15;4;10,75;10,75;10,875;456;202;0;0,0
944;2023.05.04 07:30;4;10,75;10,75;11,0625;456;202;0;0,0
945;2023.05.04 07:45;4;10,75;10,8125;11,1875;456;202;0;0,0
946;2023.05.04 08:00;4;10,875;10,875;11,25;456;202;0;0,0
947;2023.05.04 08:15;4;10,875;11;11,375;458;202;0;0,0
948;2023.05.04 08:30;4;11;11;11,4375;458;202;0;0,0
949;2023.05.04 08:45;4;11,0625;11,125;11,5;459;202;0;0,0
950;2023.05.04 09:00;4;11,125;11,25;11,5625;460;202;0;0,0
951;2023.05.04 09:15;4;11,25;11,375;11,625;460;202;0;0,0
952;2023.05.04 09:30;4;11,25;11,4375;11,75;461;202;0;0,0
953;2023.05.04 09:45;4;11,375;11,5;11,875;461;202;0;0,0
954;2023.05.04 10:00;4;11,4375;11,625;12;461;202;0;0,0
955;2023.05.04 10:15;4;11,5;11,6875;12,0625;462;202;0;0,0
956;2023.05.04 10:30;4;11,625;11,75;12,125;462;202;0;0,0
957;2023.05.04 10:45;4;11,6875;11,875;12,25;463;202;0;0,0
958;2023.05.04 11:00;4;11,75;11,9375;13,25;463;202;0;0,0
959;2023.05.04 11:15;4;12;12,125;13,75;464;202;0;0,0
960;2023.05.04 11:30;4;12,3125;12,375;14,25;466;202;0;0,0
961;2023.05.04 11:45;4;12,625;12,625;14,625;467;202;0;0,0
962;2023.05.04 12:00;4;13;13;15;469;202;0;0,0
963;2023.05.04 12:15;4;13,375;13,3125;15,25;471;202;0;0,0
964;2023.05.04 12:30;4;13,75;13,625;15,5625;473;202;0;0,0
965;2023.05.04 12:45;4;14,125;14;15,875;474;202;0;0,0
966;2023.05.04 13:00;4;14,4375;14,375;16,125;476;202;0;0,0
967;2023.05.04 13:15;4;14,75;14,6875;16,375;478;202;0;0,0
968;2023.05.04 13:30;4;15,0625;15;16,625;480;202;0;0,0
969;2023.05.04 13:45;4;15,375;15,3125;16,8125;481;202;0;0,0
970;2023.05.04 14:00;4;15,625;15,625;17;483;202;0;0,0
971;2023.05.04 14:15;4;15,875;15,875;17,25;484;202;0;0,0
972;2023.05.04 14:30;4;16,125;16,125;17,375;486;202;0;0,0
973;2023.05.04 14:45;4;16,375;16,375;17,625;487;202;0;0,0
974;2023.05.04 15:00;4;16,5625;16,625;17,75;488;202;0;0,0
975;2023.05.04 15:15;4;16,75;16,8125;17,875;489;202;0;0,0
976;2023.05.04 15:30;4;17;17;18,0625;490;202;0;0,0
977;2023.05.04 15:45;4;17,125;17,25;18,25;491;202;0;0,0
978;2023.05.04 16:00;4;17,3125;17,375;18,375;492;202;0;0,0
979;2023.05.04 16:15;4;17,5;17,625;18,5;493;202;0;0,0
980;2023.05.04 16:30;4;17,625;17,75;18,5625;494;202;0;0,0
981;2023.05.04 16:45;4;17,75;17,875;18,6875;494;202;0;0,0
982;2023.05.04 17:00;4;17,9375;18,0625;18,75;495;202;0;0,0
983;2023.05.04 17:15;4;18,0625;18,1875;18,875;496;202;0;0,0
984;2023.05.04 17:30;4;18,1875;18,3125;19;496;202;0;0,0
985;2023.05.04 17:45;4;18,3125;18,4375;19;497;202;0;0,0
986;2023.05.04 18:00;4;18,375;18,5625;19,125;498;202;0;0,0
987;2023.05.04 18:15;4;18,5;18,6875;19,1875;498;202;0;0,0
988;2023.05.04 18:30;4;18,625;18,75;19,25;499;202;0;0,0
989;2023.05.04 18:45;4;18,75;18,875;19,3125;499;202;0;0,0
990;2023.05.04 19:00;4;18,75;19;19,375;499;202;0;0,0
991;2023.05.04 19:15;4;18,875;19,0625;19,4375;500;202;0;0,0
992;2023.05.04 19:30;4;19;19,125;19,5;500;202;0;0,0
993;2023.05.04 19:45;4;19;19,1875;19,5;501;202;0;0,0
994;2023.05.04 20:00;4;19,125;19,25;19,625;501;202;0;0,0
995;2023.05.04 20:15;4;19,125;19,375;19,625;501;202;0;0,0
996;2023.05.04 20:30;4;19,25;19,375;19,625;501;202;0;0,0
997;2023.05.04 20:45;4;19,25;19,5;19,75;502;202;0;0,0
998;2023.05.04 21:00;4;19,3125;19,5;19,75;502;202;0;0,0
999;2023.05.04 21:15;4;19,375;19,5625;19,75;502;202;0;0,0
1000;2023.05.04 21:30;4;19,4375;19,625;19,8125;502;202;0;0,0
1001;2023.05.04 21:45;4;19,5;19,625;19,875;503;202;0;0,0
1002;2023.05.04 22:00;4;19,5;19,75;19,875;503;202;0;0,0
1003;2023.05.04 22:15;4;19,5625;19,75;19,875;503;202;0;0,0
1004;2023.05.04 22:30;4;19,625;19,75;19,875;503;202;0;0,0
1005;2023.05.04 22:45;4;19,625;19,8125;19,9375;503;202;0;0,0
1006;2023.05.04 23:00;4;19,625;19,875;20;503;202;0;0,0
1007;2023.05.04 23:15;4;19,6875;19,875;20;504;202;0;0,0
1008;2023.05.04 23:30;4;19,75;19,9375;20;504;202;0;0,0
1009;2023.05.04 23:45;4;19,75;19,9375;20;504;202;0;0,0
1010;2023.05.05 00:00;4;19,75;20;20;504;202;0;0,0
1011;2023.05.05 00:15;4;19,75;20;20,0625;504;202;0;0,0
1012;2023.05.05 00:30;4;19,8125;20;20,0625;504;202;0;0,0
1013;2023.05.05 00:45;4;19,875;20,0625;20,125;504;202;0;0,0
1014;2023.05.05 01:00;4;19,875;20,0625;20,125;504;202;0;0,0
1015;2023.05.05 01:15;4;19,875;20,125;20,125;504;202;0;0,0
1016;2023.05.05 01:30;4;19,875;20,125;20,125;504;202;0;0,0
1017;2023.05.05 01:45;4;19,875;20,125;20,125;504;202;0;0,0
1018;2023.05.05 02:00;4;19,9375;20,125;20,125;504;202;0;0,0
1019;2023.05.05 02:15;4;19,9375;20,125;20,125;505;202;0;0,0
1020;2023.05.05 02:30;4;20;20,1875;20,125;505;202;0;0,0
1021;2023.05.05 02:45;4;20;20,1875;20,1875;505;202;0;0,0
1022;2023.05.05 03:00;4;20;20,25;20,1875;505;202;0;0,0
1023;2023.05.05 03:15;4;20;20,25;20,1875;505;202;0;0,0
1024;2023.05.05 03:30;4;20;20,25;20,1875;505;202;0;0,0
1025;2023.05.05 03:45;4;20;20,25;20,25;505;202;0;0,0
1026;2023.05.05 04:00;4;20;20,25;20,25;505;202;0;0,0
1027;2023.05.05 04:15;4;20;20,25;20,25;505;202;0;0,0
1028;2023.05.05 04:30;4;20,0625;20,25;20,25;505;202;0;0,0
1029;2023.05.05 04:45;4;20,0625;20,25;20,25;505;202;0;0,0
1030;2023.05.05 05:00;4;20,0625;20,25;20,25;505;202;0;0,0
1031;2023.05.05 05:15;4;20,125;20,3125;20,25;505;202;0;0,0
1032;2023.05.05 05:30;4;20,125;20,3125;20,25;505;202;0;0,0
1033;2023.05.05 05:45;4;20,125;20,3125;20,25;505;202;0;0,0
1034;2023.05.05 06:00;4;20,125;20,3125;20,25;505;202;0;0,0
1035;2023.05.05 06:15;4;20,125;20,3125;20,25;505;202;0;0,0
1036;2023.05.05 06:30;4;20,125;20,375;20,1875;505;202;0;0,0
1037;2023.05.05 06:45;4;20,125;20,375;20,125;505;202;0;0,0
1038;2023.05.05 07:00;4;20,125;20,375;20,125;505;202;0;0,0
1039;2023.05.05 07:15;4;20,125;20,3125;20,125;505;202;0;0,0
1040;2023.05.05 07:30;4;20,125;20,3125;20,125;505;202;0;0,0
1041;2023.05.05 07:45;4;20,125;20,3125;20,125;505;202;0;0,0
1042;2023.05.05 08:00;4;20,125;20,3125;20,125;505;202;0;0,0
1043;2023.05.05 08:15;4;20,125;20,3125;20,125;505;202;0;0,0
1044;2023.05.05 08:30;4;20,125;20,25;20,125;505;202;0;0,0
1045;2023.05.05 08:45;4;20,0625;20,25;20,125;505;202;0;0,0
1046;2023.05.05 09:00;4;20,0625;20,25;20,25;505;202;0;0,0
1047;2023.05.05 09:15;4;20,125;20,25;20,5;505;202;0;0,0
1048;2023.05.05 09:30;4;20,125;20,3125;20,75;505;202;0;0,0
1049;2023.05.05 09:45;4;20,125;20,375;20,875;505;202;0;0,0
1050;2023.05.05 10:00;4;20,25;20,4375;21,125;506;202;0;0,0
1051;2023.05.05 10:15;4;20,375;20,5;21,25;506;202;0;0,0
1052;2023.05.05 10:30;4;20,4375;20,625;21,4375;507;202;0;0,0
1053;2023.05.05 10:45;4;20,5625;20,75;21,625;507;202;0;0,0
1054;2023.05.05 11:00;4;20,6875;20,875;21,75;508;202;0;0,0
1055;2023.05.05 11:15;4;20,875;21;21,875;509;202;0;0,0
1056;2023.05.05 11:30;4;21;21,125;22,0625;510;202;0;0,0
1057;2023.05.05 11:45;4;21,125;21,3125;22,25;510;202;0;0,0
1058;2023.05.05 12:00;4;21,25;21,4375;22,375;511;202;0;0,0
1059;2023.05.05 12:15;4;21,4375;21,625;22,5;512;202;0;0,0
1060;2023.05.05 12:30;4;21,5625;21,75;22,5;513;202;0;0,0
1061;2023.05.05 12:45;4;21,75;21,875;22,5625;513;202;0;0,0
1062;2023.05.05 13:00;4;21,875;22;22,75;514;202;0;0,0
1063;2023.05.05 13:15;4;22;22,125;22,8125;515;202;0;0,0
1064;2023.05.05 13:30;4;22,0625;22,25;22,75;515;202;0;0,0
1065;2023.05.05 13:45;4;22,125;22,375;22,875;516;202;0;0,0
1066;2023.05.05 14:00;4;22,25;22,4375;22,9375;515;202;0;0,0
1067;2023.05.05 14:15;4;22,25;22,5;22,5625;515;202;0;0,0
1068;2023.05.05 14:30;4;22,25;22,5;22,25;515;202;0;0,0
1069;2023.05.05 14:45;4;22,25;22,5;22;515;202;0;0,0
1070;2023.05.05 15:00;4;22,125;22,5;21,875;515;202;0;0,0
1071;2023.05.05 15:15;4;22,125;22,375;21,75;514;202;0;0,0
1072;2023.05.05 15:30;4;22;22,3125;21,625;514;202;0;0,0
1073;2023.05.05 15:45;4;21,9375;22,25;21,625;513;202;0;0,0
1074;2023.05.05 16:00;4;21,875;22,125;21,5;513;202;0;0,0
1075;2023.05.05 16:15;4;21,75;22,0625;21,5;512;202;0;0,0
1076;2023.05.05 16:30;4;21,6875;22;21,375;512;202;0;0,0
1077;2023.05.05 16:45;4;21,625;21,875;21,375;511;202;0;0,0
1078;2023.05.05 17:00;4;21,5625;21,875;21,25;511;202;0;0,0
1079;2023.05.05 17:15;4;21,5;21,75;21,25;511;202;0;0,0
1080;2023.05.05 17:30;4;21,375;21,6875;21,125;510;202;0;0,0
1081;2023.05.05 17:45;4;21,375;21,625;21,125;510;202;0;0,0
1082;2023.05.05 18:00;4;21,25;21,5625;21,0625;509;202;0;0,0
1083;2023.05.05 18:15;4;21,25;21,5;21;509;202;0;0,0
1084;2023.05.05 18:30;4;21,1875;21,4375;21;509;202;0;0,0
1085;2023.05.05 18:45;4;21,125;21,375;20,875;508;202;0;0,0
1086;2023.05.05 19:00;4;21,0625;21,3125;20,875;508;202;0;0,0
1087;2023.05.05 19:15;4;21;21,25;20,8125;508;202;0;0,0
1088;2023.05.05 19:30;4;21;21,25;20,75;508;202;0;0,0
1089;2023.05.05 19:45;4;20,875;21,125;20,75;507;202;0;0,0
1090;2023.05.05 20:00;4;20,875;21,125;20,75;507;202;0;0,0
1091;2023.05.05 20:15;4;20,8125;21,0625;20,625;507;202;0;0,0
1092;2023.05.05 20:30;4;20,75;21;20,625;507;202;0;0,0
1093;2023.05.05 20:45;4;20,75;21;20,5625;506;202;0;0,0
1094;2023.05.05 21:00;4;20,625;20,875;20,5;506;202;0;0,0
1095;2023.05.05 21:15;4;20,625;20,875;20,5;506;202;0;0,0
1096;2023.05.05 21:30;4;20,625;20,875;20,5;506;202;0;0,0
1097;2023.05.05 21:45;4;20,5;20,75;20,4375;505;202;0;0,0
1098;2023.05.05 22:00;4;20,5;20,75;20,375;505;202;0;0,0
1099;2023.05.05 22:15;4;20,5;20,75;20,375;505;202;0;0,0
1100;2023.05.05 22:30;4;20,375;20,625;20,3125;505;202;0;0,0
1101;2023.05.05 22:45;4;20,375;20,625;20,25;505;202;0;0,0
1102;2023.05.05 23:00;4;20,375;20,625;20,25;504;202;0;0,0
1103;2023.05.05 23:15;4;20,3125;20,5625;20,25;504;202;0;0,0
1104;2023.05.05 23:30;4;20,25;20,5;20,1875;504;202;0;0,0
1105;2023.05.05 23:45;4;20,25;20,5;20,125;504;202;0;0,0
1106;2023.05.06 00:00;4;20,25;20,4375;20,125;504;202;0;0,0
1107;2023.05.06 00:15;4;20,1875;20,375;20,125;504;202;0;0,0
1108;2023.05.06 00:30;4;20,125;20,375;20,125;503;202;0;0,0
1109;2023.05.06 00:45;4;20,125;20,375;20,0625;503;202;0;0,0
1110;2023.05.06 01:00;4;20,125;20,375;20;503;202;0;0,0
1111;2023.05.06 01:15;4;20,0625;20,3125;20;503;202;0;0,0
1112;2023.05.06 01:30;4;20;20,25;20;503;202;0;0,0
1113;2023.05.06 01:45;4;20;20,25;20;503;202;0;0,0
1114;2023.05.06 02:00;4;20;20,25;19,9375;503;202;0;0,0
1115;2023.05.06 02:15;4;19,9375;20,1875;19,9375;502;202;0;0,0
1116;2023.05.06 02:30;4;19,9375;20,125;19,875;502;202;0;0,0
1117;2023.05.06 02:45;4;19,875;20,125;19,875;502;202;0;0,0
1118;2023.05.06 03:00;4;19,875;20,125;19,875;502;202;0;0,0
1119;2023.05.06 03:15;4;19,875;20,125;19,875;502;202;0;0,0
1120;2023.05.06 03:30;4;19,875;20,125;19,8125;502;202;0;0,0
1121;2023.05.06 03:45;4;19,8125;20,0625;19,8125;502;202;0;0,0
1122;2023.05.06 04:00;4;19,8125;20;19,75;502;202;0;0,0
1123;2023.05.06 04:15;4;19,75;20;19,75;502;202;0;0,0
1124;2023.05.06 04:30;4;19,75;20;19,75;501;202;0;0,0
1125;2023.05.06 04:45;4;19,75;20;19,75;501;202;0;0,0
1126;2023.05.06 05:00;4;19,75;20;19,75;501;202;0;0,0
1127;2023.05.06 05:15;4;19,75;19,9375;19,75;501;202;0;0,0
1128;2023.05.06 05:30;4;19,6875;19,9375;19,6875;501;202;0;0,0
1129;2023.05.06 05:45;4;19,6875;19,875;19,6875;501;202;0;0,0
1130;2023.05.06 06:00;4;19,625;19,875;19,625;501;202;0;0,0
1131;2023.05.06 06:15;4;19,625;19,875;19,625;501;202;0;0,0
1132;2023.05.06 06:30;4;19,625;19,875;19,625;501;202;0;0,0
1133;2023.05.06 06:45;4;19,625;19,875;19,625;501;202;0;0,0
1134;2023.05.06 07:00;4;19,625;19,8125;19,625;501;202;0;0,0
1135;2023.05.06 07:15;4;19,625;19,8125;19,625;501;202;0;0,0
1136;2023.05.06 07:30;4;19,5625;19,8125;19,625;501;202;0;0,0
1137;2023.05.06 07:45;4;19,5625;19,75;19,625;500;202;0;0,0
1138;2023.05.06 08:00;4;19,5625;19,75;19,625;500;202;0;0,0
1139;2023.05.06 08:15;4;19,5;19,75;19,625;500;202;0;0,0
1140;2023.05.06 08:30;4;19,5;19,75;19,625;500;202;0;0,0
1141;2023.05.06 08:45;4;19,5;19,75;19,625;500;202;0;0,0
1142;2023.05.06 09:00;4;19,5;19,75;19,625;500;202;0;0,0
1143;2023.05.06 09:15;4;19,5;19,75;19,625;500;202;0;0,0
1144;2023.05.06 09:30;4;19,5;19,75;19,625;500;202;0;0,0
1145;2023.05.06 09:45;4;19,5;19,75;19,625;500;202;0;0,0
1146;2023.05.06 10:00;4;19,5625;19,75;19,625;500;202;0;0,0
1147;2023.05.06 10:15;4;19,5625;19,75;19,6875;500;202;0;0,0
1148;2023.05.06 10:30;4;19,5625;19,75;19,6875;501;202;0;0,0
1149;2023.05.06 10:45;4;19,5625;19,75;19,6875;501;202;0;0,0
1150;2023.05.06 11:00;4;19,625;19,75;19,6875;501;202;0;0,0
1151;2023.05.06 11:15;4;19,625;19,8125;19,75;501;202;0;0,0
1152;2023.05.06 11:30;4;19,625;19,8125;19,75;501;202;0;0,0
1153;2023.05.06 11:45;4;19,625;19,8125;19,75;501;202;0;0,0
1154;2023.05.06 12:00;4;19,625;19,875;19,75;501;202;0;0,0
1155;2023.05.06 12:15;4;19,625;19,875;19,75;501;202;0;0,0
1156;2023.05.06 12:30;4;19,625;19,875;19,75;501;202;0;0,0
1157;2023.05.06 12:45;4;19,625;19,875;19,75;501;202;0;0,0
1158;2023.05.06 13:00;4;19,625;19,875;19,75;501;202;0;0,0
1159;2023.05.06 13:15;4;19,625;19,875;19,75;501;202;0;0,0
1160;2023.05.06 13:30;4;19,625;19,875;19,75;501;202;0;0,0
1161;2023.05.06 13:45;4;19,625;19,875;19,75;501;202;0;0,0
1162;2023.05.06 14:00;4;19,625;19,875;19,75;501;202;0;0,0
1163;2023.05.06 14:15;4;19,625;19,875;19,75;501;202;0;0,0
1164;2023.05.06 14:30;4;19,625;19,875;19,75;501;202;0;0,0
1165;2023.05.06 14:45;4;19,6875;19,875;19,75;501;202;0;0,0
1166;2023.05.06 15:00;4;19,6875;19,875;19,75;501;202;0;0,0
1167;2023.05.06 15:15;4;19,6875;19,875;19,8125;501;202;0;0,0
1168;2023.05.06 15:30;4;19,6875;19,875;19,8125;501;202;0;0,0
1169;2023.05.06 15:45;4;19,75;19,875;19,8125;501;202;0;0,0
1170;2023.05.06 16:00;4;19,6875;19,875;19,875;501;202;0;0,0
1171;2023.05.06 16:15;4;19,75;19,9375;19,875;501;202;0;0,0
1172;2023.05.06 16:30;4;19,75;19,9375;19,875;501;202;0;0,0
1173;2023.05.06 16:45;4;19,75;19,9375;19,875;501;202;0;0,0
1174;2023.05.06 17:00;4;19,75;20;19,875;502;202;0;0,0
1175;2023.05.06 17:15;4;19,75;20;19,875;502;202;0;0,0
1176;2023.05.06 17:30;4;19,75;20;19,875;502;202;0;0,0
1177;2023.05.06 17:45;4;19,75;20;19,875;502;202;0;0,0
1178;2023.05.06 18:00;4;19,75;20;19,875;502;202;0;0,0
1179;2023.05.06 18:15;4;19,75;20;19,875;502;202;0;0,0
1180;2023.05.06 18:30;4;19,8125;20;19,875;502;202;0;0,0
1181;2023.05.06 18:45;4;19,75;20;19,875;502;202;0;0,0
1182;2023.05.06 19:00;4;19,8125;20;19,875;502;202;0;0,0
1183;2023.05.06 19:15;4;19,8125;20;19,875;502;202;0;0,0
1184;2023.05.06 19:30;4;19,8125;20;19,875;502;202;0;0,0
1185;2023.05.06 19:45;4;19,8125;20;19,875;502;202;0;0,0
1186;2023.05.06 20:00;4;19,8125;20;19,875;502;202;0;0,0
1187;2023.05.06 20:15;4;19,8125;20;19,875;502;202;0;0,0
1188;2023.05.06 20:30;4;19,8125;20;19,875;502;202;0;0,0
1189;2023.05.06 20:45;4;19,8125;20;19,875;502;202;0;0,0
1190;2023.05.06 21:00;4;19,8125;20;19,875;502;202;0;0,0
1191;2023.05.06 21:15;4;19,8125;20;19,875;502;202;0;0,0
1192;2023.05.06 21:30;4;19,8125;20;19,875;502;202;0;0,0
1193;2023.05.06 21:45;4;19,8125;20;19,875;502;202;0;0,0
1194;2023.05.06 22:00;4;19,75;20;19,8125;502;202;0;0,0
1195;2023.05.06 22:15;4;19,75;20;19,8125;502;202;0;0,0
1196;2023.05.06 22:30;4;19,75;20;19,75;502;202;0;0,0
1197;2023.05.06 22:45;4;19,75;20;19,75;502;202;0;0,0
1198;2023.05.06 23:00;4;19,75;20;19,75;502;202;0;0,0
1199;2023.05.06 23:15;4;19,75;20;19,75;501;202;0;0,0
1200;2023.05.06 23:30;4;19,75;19,9375;19,75;501;202;0;0,0
1201;2023.05.06 23:45;4;19,6875;19,9375;19,75;501;202;0;0,0
1202;2023.05.07 00:00;4;19,6875;19,875;19,75;501;202;0;0,0
1203;2023.05.07 00:15;4;19,625;19,875;19,6875;501;202;0;0,0
1204;2023.05.07 00:30;4;19,625;19,875;19,6875;501;202;0;0,0
1205;2023.05.07 00:45;4;19,625;19,875;19,625;501;202;0;0,0
1206;2023.05.07 01:00;4;19,625;19,875;19,625;501;202;0;0,0
1207;2023.05.07 01:15;4;19,625;19,875;19,625;501;202;0;0,0
1208;2023.05.07 01:30;4;19,625;19,875;19,625;501;202;0;0,0
1209;2023.05.07 01:45;4;19,625;19,8125;19,625;501;202;0;0,0
1210;2023.05.07 02:00;4;19,5625;19,8125;19,625;501;202;0;0,0
1211;2023.05.07 02:15;4;19,5625;19,8125;19,625;501;202;0;0,0
1212;2023.05.07 02:30;4;19,5;19,75;19,625;501;202;0;0,0
1213;2023.05.07 02:45;4;19,5;19,75;19,625;500;202;0;0,0
1214;2023.05.07 03:00;4;19,5;19,75;19,5625;500;202;0;0,0
1215;2023.05.07 03:15;4;19,5;19,75;19,5625;500;202;0;0,0
1216;2023.05.07 03:30;4;19,5;19,75;19,5625;500;202;0;0,0
1217;2023.05.07 03:45;4;19,5;19,75;19,5;500;202;0;0,0
1218;2023.05.07 04:00;4;19,5;19,75;19,5;500;202;0;0,0
1219;2023.05.07 04:15;4;19,5;19,75;19,5;500;202;0;0,0
1220;2023.05.07 04:30;4;19,4375;19,6875;19,5;500;202;0;0,0
1221;2023.05.07 04:45;4;19,4375;19,6875;19,5;500;202;0;0,0
1222;2023.05.07 05:00;4;19,4375;19,6875;19,5;500;202;0;0,0
1223;2023.05.07 05:15;4;19,4375;19,625;19,5;500;202;0;0,0
1224;2023.05.07 05:30;4;19,375;19,625;19,5;500;202;0;0,0
1225;2023.05.07 05:45;4;19,375;19,625;19,5;500;202;0;0,0
1226;2023.05.07 06:00;4;19,375;19,625;19,5;500;202;0;0,0
1227;2023.05.07 06:15;4;19,375;19,625;19,5;500;202;0;0,0
1228;2023.05.07 06:30;4;19,375;19,625;19,4375;500;202;0;0,0
1229;2023.05.07 06:45;4;19,375;19,625;19,4375;500;202;0;0,0
1230;2023.05.07 07:00;4;19,375;19,625;19,4375;500;202;0;0,0
1231;2023.05.07 07:15;4;19,375;19,625;19,4375;500;202;0;0,0
1232;2023.05.07 07:30;4;19,375;19,625;19,4375;500;202;0;0,0
1233;2023.05.07 07:45;4;19,375;19,625;19,375;500;202;0;0,0
1234;2023.05.07 08:00;4;19,375;19,5625;19,4375;500;202;0;0,0
1235;2023.05.07 08:15;4;19,375;19,5625;19,4375;499;202;0;0,0
1236;2023.05.07 08:30;4;19,375;19,5625;19,4375;499;202;0;0,0
1237;2023.05.07 08:45;4;19,375;19,5625;19,4375;499;202;0;0,0
1238;2023.05.07 09:00;4;19,375;19,5625;19,4375;499;202;0;0,0
1239;2023.05.07 09:15;4;19,375;19,5625;19,4375;499;202;0;0,0
1240;2023.05.07 09:30;4;19,375;19,5625;19,4375;500;202;0;0,0
1241;2023.05.07 09:45;4;19,375;19,5625;19,4375;500;202;0;0,0
1242;2023.05.07 10:00;4;19,375;19,5625;19,5;500;202;0;0,0
1243;2023.05.07 10:15;4;19,375;19,5625;19,5;500;202;0;0,0
1244;2023.05.07 10:30;4;19,375;19,5625;19,5;500;202;0;0,0
1245;2023.05.07 10:45;4;19,375;19,625;19,5;500;202;0;0,0
1246;2023.05.07 11:00;4;19,375;19,625;19,5;500;202;0;0,0
1247;2023.05.07 11:15;4;19,375;19,625;19,5;500;202;0;0,0
1248;2023.05.07 11:30;4;19,375;19,625;19,5;500;202;0;0,0
1249;2023.05.07 11:45;4;19,375;19,625;19,5;500;202;0;0,0
1250;2023.05.07 12:00;4;19,375;19,625;19,5;500;202;0;0,0
1251;2023.05.07 12:15;4;19,375;19,625;19,5;500;202;0;0,0
1252;2023.05.07 12:30;4;19,375;19,625;19,5;500;202;0;0,0
1253;2023.05.07 12:45;4;19,375;19,625;19,5;500;202;0;0,0
1254;2023.05.07 13:00;4;19,4375;19,625;19,5625;500;202;0;0,0
1255;2023.05.07 13:15;4;19,4375;19,625;19,5625;500;202;0;0,0
1256;2023.05.07 13:30;4;19,4375;19,625;19,5625;500;202;0;0,0
1257;2023.05.07 13:45;4;19,5;19,625;19,625;500;202;0;0,0
1258;2023.05.07 14:00;4;19,5;19,6875;19,625;500;202;0;0,0
1259;2023.05.07 14:15;4;19,5;19,6875;19,625;500;202;0;0,0
1260;2023.05.07 14:30;4;19,5;19,6875;19,625;500;202;0;0,0
1261;2023.05.07 14:45;4;19,5;19,75;19,625;500;202;0;0,0
1262;2023.05.07 15:00;4;19,5;19,75;19,6875;500;202;0;0,0
1263;2023.05.07 15:15;4;19,5;19,75;19,75;501;202;0;0,0
1264;2023.05.07 15:30;4;19,5625;19,75;19,75;501;202;0;0,0
1265;2023.05.07 15:45;4;19,5625;19,75;19,75;501;202;0;0,0
1266;2023.05.07 16:00;4;19,625;19,75;19,75;501;202;0;0,0
1267;2023.05.07 16:15;4;19,625;19,8125;19,75;501;202;0;0,0
1268;2023.05.07 16:30;4;19,625;19,8125;19,8125;501;202;0;0,0
1269;2023.05.07 16:45;4;19,625;19,875;19,875;501;202;0;0,0
1270;2023.05.07 17:00;4;19,625;19,875;19,875;501;202;0;0,0
1271;2023.05.07 17:15;4;19,6875;19,875;19,875;501;202;0;0,0
1272;2023.05.07 17:30;4;19,75;19,875;19,875;501;202;0;0,0
1273;2023.05.07 17:45;4;19,75;19,9375;19,875;502;202;0;0,0
1274;2023.05.07 18:00;4;19,75;19,9375;19,875;502;202;0;0,0
1275;2023.05.07 18:15;4;19,75;20;19,875;502;202;0;0,0
1276;2023.05.07 18:30;4;19,75;20;19,9375;502;202;0;0,0
1277;2023.05.07 18:45;4;19,75;20;19,9375;502;202;0;0,0
1278;2023.05.07 19:00;4;19,75;20;19,9375;502;202;0;0,0
1279;2023.05.07 19:15;4;19,75;20;19,9375;502;202;0;0,0
1280;2023.05.07 19:30;4;19,8125;20;19,9375;502;202;0;0,0
1281;2023.05.07 19:45;4;19,8125;20;19,9375;502;202;0;0,0
1282;2023.05.07 20:00;4;19,8125;20;19,9375;502;202;0;0,0
1283;2023.05.07 20:15;4;19,8125;20;19,9375;502;202;0;0,0
1284;2023.05.07 20:30;4;19,8125;20,0625;19,9375;502;202;0;0,0
1285;2023.05.07 20:45;4;19,8125;20,0625;19,9375;502;202;0;0,0
1286;2023.05.07 21:00;4;19,8125;20,0625;19,9375;502;202;0;0,0
1287;2023.05.07 21:15;4;19,8125;20,0625;19,9375;502;202;0;0,0
1288;2023.05.07 21:30;4;19,875;20,0625;19,9375;502;202;0;0,0
1289;2023.05.07 21:45;4;19,8125;20,0625;19,875;502;202;0;0,0
1290;2023.05.07 22:00;4;19,8125;20,0625;19,875;502;202;0;0,0
1291;2023.05.07 22:15;4;19,8125;20;19,875;502;202;0;0,0
1292;2023.05.07 22:30;4;19,8125;20;19,875;502;202;0;0,0
1293;2023.05.07 22:45;4;19,8125;20;19,875;502;202;0;0,0
1294;2023.05.07 23:00;4;19,75;20;19,875;502;202;0;0,0
1295;2023.05.07 23:15;4;19,75;20;19,875;502;202;0;0,0
1296;2023.05.07 23:30;4;19,75;20;19,875;502;202;0;0,0
1297;2023.05.07 23:45;4;19,75;20;19,875;502;202;0;0,0
1298;2023.05.08 00:00;4;19,75;20;19,875;502;202;0;0,0
1299;2023.05.08 00:15;4;19,75;20;19,8125;502;202;0;0,0
1300;2023.05.08 00:30;4;19,75;20;19,8125;502;202;0;0,0
1301;2023.05.08 00:45;4;19,75;20;19,8125;502;202;0;0,0
1302;2023.05.08 01:00;4;19,75;20;19,75;502;202;0;0,0
1303;2023.05.08 01:15;4;19,75;20;19,75;502;202;0;0,0
1304;2023.05.08 01:30;4;19,6875;19,9375;19,75;501;202;0;0,0
1305;2023.05.08 01:45;4;19,6875;19,9375;19,75;501;202;0;0,0
1306;2023.05.08 02:00;4;19,6875;19,875;19,75;501;202;0;0,0
1307;2023.05.08 02:15;4;19,625;19,875;19,75;501;202;0;0,0
1308;2023.05.08 02:30;4;19,625;19,875;19,75;501;202;0;0,0
1309;2023.05.08 02:45;4;19,625;19,875;19,6875;501;202;0;0,0
1310;2023.05.08 03:00;4;19,625;19,875;19,6875;501;202;0;0,0
1311;2023.05.08 03:15;4;19,625;19,875;19,625;501;202;0;0,0
1312;2023.05.08 03:30;4;19,625;19,875;19,625;501;202;0;0,0
1313;2023.05.08 03:45;4;19,625;19,875;19,625;501;202;0;0,0
1314;2023.05.08 04:00;4;19,5625;19,8125;19,625;501;202;0;0,0
1315;2023.05.08 04:15;4;19,5625;19,75;19,625;501;202;0;0,0
1316;2023.05.08 04:30;4;19,5;19,75;19,625;501;202;0;0,0
1317;2023.05.08 04:45;4;19,5;19,75;19,625;501;202;0;0,0
1318;2023.05.08 05:00;4;19,5;19,75;19,5625;500;202;0;0,0
1319;2023.05.08 05:15;4;19,5;19,75;19,5625;500;202;0;0,0
1320;2023.05.08 05:30;4;19,5;19,75;19,5;500;202;0;0,0
1321;2023.05.08 05:45;4;19,5;19,75;19,5;500;202;0;0,0
1322;2023.05.08 06:00;4;19,4375;19,75;19,5;500;202;0;0,0
1323;2023.05.08 06:15;4;19,4375;19,6875;19,5;500;202;0;0,0
1324;2023.05.08 06:30;4;19,375;19,625;19,5;500;202;0;0,0
1325;2023.05.08 06:45;4;19,375;19,625;19,5;500;202;0;0,0
1326;2023.05.08 07:00;4;19,375;19,625;19,5;500;202;0;0,0
1327;2023.05.08 07:15;4;19,375;19,625;19,5;500;202;0;0,0
1328;2023.05.08 07:30;4;19,375;19,625;19,5;500;202;0;0,0
1329;2023.05.08 07:45;4;19,375;19,625;19,5;500;202;0;0,0
1330;2023.05.08 08:00;4;19,375;19,625;19,5;500;202;0;0,0
1331;2023.05.08 08:15;4;19,375;19,625;19,5;500;202;0;0,0
1332;2023.05.08 08:30;4;19,375;19,625;19,5;500;202;0;0,0
1333;2023.05.08 08:45;4;19,375;19,625;19,5;500;202;0;0,0
1334;2023.05.08 09:00;4;19,375;19,625;19,5;500;202;0;0,0
1335;2023.05.08 09:15;4;19,375;19,625;19,5;500;202;0;0,0
1336;2023.05.08 09:30;4;19,375;19,625;19,5;500;202;0;0,0
1337;2023.05.08 09:45;4;19,375;19,625;19,5;500;202;0;0,0
1338;2023.05.08 10:00;4;19,375;19,625;19,5;500;202;0;0,0
1339;2023.05.08 10:15;4;19,375;19,625;19,5;500;202;0;0,0
1340;2023.05.08 10:30;4;19,375;19,625;19,5;500;202;0;0,0
1341;2023.05.08 10:45;4;19,375;19,625;19,5;500;202;0;0,0
1342;2023.05.08 11:00;4;19,375;19,625;19,5;500;202;0;0,0
1343;2023.05.08 11:15;4;19,375;19,625;19,5;500;202;0;0,0
1344;2023.05.08 11:30;4;19,4375;19,625;19,5625;500;202;0;0,0
1345;2023.05.08 11:45;4;19,4375;19,625;19,5625;500;202;0;0,0
1346;2023.05.08 12:00;4;19,4375;19,625;19,5625;500;202;0;0,0
1347;2023.05.08 12:15;4;19,4375;19,625;19,625;500;202;0;0,0
1348;2023.05.08 12:30;4;19,5;19,6875;19,625;500;202;0;0,0
1349;2023.05.08 12:45;4;19,5;19,6875;19,625;500;202;0;0,0
1350;2023.05.08 13:00;4;19,5;19,6875;19,625;500;202;0;0,0
1351;2023.05.08 13:15;4;19,5;19,75;19,625;500;202;0;0,0
1352;2023.05.08 13:30;4;19,5;19,75;19,625;500;202;0;0,0
1353;2023.05.08 13:45;4;19,5;19,75;19,625;501;202;0;0,0
1354;2023.05.08 14:00;4;19,5;19,75;19,625;501;202;0;0,0
1355;2023.05.08 14:15;4;19,5;19,75;19,6875;501;202;0;0,0
1356;2023.05.08 14:30;4;19,5625;19,75;19,6875;501;202;0;0,0
1357;2023.05.08 14:45;4;19,5625;19,75;19,6875;501;202;0;0,0
1358;2023.05.08 15:00;4;19,625;19,75;19,75;501;202;0;0,0
1359;2023.05.08 15:15;4;19,625;19,75;19,75;501;202;0;0,0
1360;2023.05.08 15:30;4;19,625;19,8125;19,75;501;202;0;0,0
1361;2023.05.08 15:45;4;19,625;19,8125;19,75;501;202;0;0,0
1362;2023.05.08 16:00;4;19,625;19,8125;19,75;501;202;0;0,0
1363;2023.05.08 16:15;4;19,625;19,875;19,75;501;202;0;0,0
1364;2023.05.08 16:30;4;19,625;19,875;19,75;501;202;0;0,0
1365;2023.05.08 16:45;4;19,625;19,875;19,75;501;202;0;0,0
1366;2023.05.08 17:00;4;19,625;19,875;19,75;501;202;0;0,0
1367;2023.05.08 17:15;4;19,6875;19,875;19,8125;501;202;0;0,0
1368;2023.05.08 17:30;4;19,6875;19,875;19,8125;501;202;0;0,0
1369;2023.05.08 17:45;4;19,6875;19,875;19,8125;501;202;0;0,0
1370;2023.05.08 18:00;4;19,6875;19,875;19,8125;502;202;0;0,0
1371;2023.05.08 18:15;4;19,75;19,875;19,875;502;202;0;0,0
1372;2023.05.08 18:30;4;19,75;19,9375;19,875;502;202;0;0,0
1373;2023.05.08 18:45;4;19,75;19,9375;19,875;502;202;0;0,0
1374;2023.05.08 19:00;4;19,75;19,9375;19,875;502;202;0;0,0
1375;2023.05.08 19:15;4;19,75;19,9375;19,875;502;202;0;0,0
1376;2023.05.08 19:30;4;19,75;20;19,875;502;202;0;0,0
1377;2023.05.08 19:45;4;19,75;20;19,875;502;202;0;0,0
1378;2023.05.08 20:00;4;19,75;20;19,875;502;202;0;0,0
1379;2023.05.08 20:15;4;19,75;20;19,875;502;202;0;0,0
1380;2023.05.08 20:30;4;19,75;20;19,875;502;202;0;0,0
1381;2023.05.08 20:45;4;19,75;20;19,875;502;202;0;0,0
1382;2023.05.08 21:00;4;19,75;20;19,875;502;202;0;0,0
1383;2023.05.08 21:15;4;19,75;20;19,875;502;202;0;0,0
1384;2023.05.08 21:30;4;19,75;20;19,875;502;202;0;0,0
1385;2023.05.08 21:45;4;19,75;20;19,875;502;202;0;0,0
1386;2023.05.08 22:00;4;19,75;20;19,8125;502;202;0;0,0
1387;2023.05.08 22:15;4;19,75;20;19,8125;502;202;0;0,0
1388;2023.05.08 22:30;4;19,75;20;19,8125;502;202;0;0,0
1389;2023.05.08 22:45;4;19,75;19,9375;19,75;502;202;0;0,0
1390;2023.05.08 23:00;4;19,75;19,9375;19,75;502;202;0;0,0
1391;2023.05.08 23:15;4;19,75;19,9375;19,75;502;202;0;0,0
1392;2023.05.08 23:30;4;19,6875;19,9375;19,75;502;202;0;0,0
1393;2023.05.08 23:45;4;19,6875;19,9375;19,75;501;202;0;0,0
1394;2023.05.09 00:00;4;19,6875;19,875;19,75;501;202;0;0,0
1395;2023.05.09 00:15;4;19,6875;19,875;19,75;501;202;0;0,0
1396;2023.05.09 00:30;4;19,625;19,875;19,75;501;202;0;0,0
1397;2023.05.09 00:45;4;19,625;19,875;19,75;501;202;0;0,0
1398;2023.05.09 01:00;4;19,625;19,875;19,75;501;202;0;0,0
1399;2023.05.09 01:15;4;19,625;19,875;19,6875;501;202;0;0,0
1400;2023.05.09 01:30;4;19,625;19,875;19,6875;501;202;0;0,0
1401;2023.05.09 01:45;4;19,625;19,875;19,625;501;202;0;0,0
1402;2023.05.09 02:00;4;19,625;19,875;19,625;501;202;0;0,0
1403;2023.05.09 02:15;4;19,625;19,8125;19,625;501;202;0;0,0
1404;2023.05.09 02:30;4;19,5625;19,8125;19,625;501;202;0;0,0
1405;2023.05.09 02:45;4;19,5625;19,8125;19,625;501;202;0;0,0
1406;2023.05.09 03:00;4;19,5;19,75;19,625;501;202;0;0,0
1407;2023.05.09 03:15;4;19,5;19,75;19,625;501;202;0;0,0
1408;2023.05.09 03:30;4;19,5;19,75;19,5625;501;202;0;0,0
1409;2023.05.09 03:45;4;19,5;19,75;19,5625;501;202;0;0,0
1410;2023.05.09 04:00;4;19,5;19,75;19,5625;501;202;0;0,0
1411;2023.05.09 04:15;4;19,5;19,75;19,5625;501;202;0;0,0
1412;2023.05.09 04:30;4;19,5;19,75;19,5;500;202;0;0,0
1413;2023.05.09 04:45;4;19,5;19,75;19,5;500;202;0;0,0
1414;2023.05.09 05:00;4;19,4375;19,6875;19,5;500;202;0;0,0
1415;2023.05.09 05:15;4;19,4375;19,6875;19,5;500;202;0;0,0
1416;2023.05.09 05:30;4;19,4375;19,6875;19,5;500;202;0;0,0
1417;2023.05.09 05:45;4;19,375;19,625;19,5;500;202;0;0,0
1418;2023.05.09 06:00;4;19,375;19,625;19,5;500;202;0;0,0
1419;2023.05.09 06:15;4;19,375;19,625;19,5;500;202;0;0,0
1420;2023.05.09 06:30;4;19,375;19,625;19,5;500;202;0;0,0
1421;2023.05.09 06:45;4;19,375;19,625;19,5;500;202;0;0,0
1422;2023.05.09 07:00;4;19,375;19,625;19,5625;500;202;0;0,0
1423;2023.05.09 07:15;4;19,375;19,625;19,625;500;202;0;0,0
1424;2023.05.09 07:30;4;19,4375;19,625;19,625;500;202;0;0,0
1425;2023.05.09 07:45;4;19,4375;19,625;19,625;500;202;0;0,0
1426;2023.05.09 08:00;4;19,4375;19,625;19,625;500;202;0;0,0
1427;2023.05.09 08:15;4;19,5;19,6875;19,625;500;202;0;0,0
1428;2023.05.09 08:30;4;19,5;19,6875;19,6875;501;202;0;0,0
1429;2023.05.09 08:45;4;19,5;19,75;19,75;501;202;0;0,0
1430;2023.05.09 09:00;4;19,5;19,75;19,875;501;202;0;0,0
1431;2023.05.09 09:15;4;19,5625;19,75;19,875;501;202;0;0,0
1432;2023.05.09 09:30;4;19,625;19,75;19,875;501;202;0;0,0
1433;2023.05.09 09:45;4;19,625;19,8125;19,875;501;202;0;0,0
1434;2023.05.09 10:00;4;19,625;19,875;19,875;502;202;0;0,0
1435;2023.05.09 10:15;4;19,625;19,875;19,9375;502;202;0;0,0
1436;2023.05.09 10:30;4;19,6875;19,875;20;502;202;0;0,0
1437;2023.05.09 10:45;4;19,6875;19,875;20;502;202;0;0,0
1438;2023.05.09 11:00;4;19,75;19,9375;20;502;202;0;0,0
1439;2023.05.09 11:15;4;19,75;20;20,0625;502;202;0;0,0
1440;2023.05.09 11:30;4;19,75;20;20,125;502;202;0;0,0
1441;2023.05.09 11:45;4;19,75;20;20,125;502;202;0;0,0
1442;2023.05.09 12:00;4;19,8125;20;20,125;503;202;0;0,0
1443;2023.05.09 12:15;4;19,875;20,0625;20,1875;503;202;0;0,0
1444;2023.05.09 12:30;4;19,875;20,125;20,25;503;202;0;0,0
1445;2023.05.09 12:45;4;19,875;20,125;20,25;503;202;0;0,0
1446;2023.05.09 13:00;4;19,9375;20,125;20,25;503;202;0;0,0
1447;2023.05.09 13:15;4;20;20,125;20,3125;503;202;0;0,0
1448;2023.05.09 13:30;4;20;20,1875;20,375;503;202;0;0,0
1449;2023.05.09 13:45;4;20;20,25;20,375;503;202;0;0,0
1450;2023.05.09 14:00;4;20;20,25;20,375;504;202;0;0,0
1451;2023.05.09 14:15;4;20,0625;20,25;20,375;504;202;0;0,0
1452;2023.05.09 14:30;4;20,125;20,3125;20,4375;504;202;0;0,0
1453;2023.05.09 14:45;4;20,125;20,375;20,4375;504;202;0;0,0
1454;2023.05.09 15:00;4;20,125;20,375;20,5;504;202;0;0,0
1455;2023.05.09 15:15;4;20,125;20,375;20,5;504;202;0;0,0
1456;2023.05.09 15:30;4;20,1875;20,375;20,5;504;202;0;0,0
1457;2023.05.09 15:45;4;20,1875;20,375;20,5;505;202;0;0,0
1458;2023.05.09 16:00;4;20,25;20,4375;20,5;505;202;0;0,0
1459;2023.05.09 16:15;4;20,25;20,4375;20,5;505;202;0;0,0
1460;2023.05.09 16:30;4;20,25;20,5;20,5;505;202;0;0,0
1461;2023.05.09 16:45;4;20,25;20,5;20,5;505;202;0;0,0
1462;2023.05.09 17:00;4;20,25;20,5;20,5;505;202;0;0,0
1463;2023.05.09 17:15;4;20,25;20,5;20,5;505;202;0;0,0
1464;2023.05.09 17:30;4;20,25;20,5;20,5;505;202;0;0,0
1465;2023.05.09 17:45;4;20,3125;20,5;20,5;505;202;0;0,0
1466;2023.05.09 18:00;4;20,3125;20,5;20,5;505;202;0;0,0
1467;2023.05.09 18:15;4;20,3125;20,5625;20,5;505;202;0;0,0
1468;2023.05.09 18:30;4;20,375;20,5625;20,5;505;202;0;0,0
1469;2023.05.09 18:45;4;20,375;20,5625;20,5;505;202;0;0,0
1470;2023.05.09 19:00;4;20,375;20,5625;20,5;505;202;0;0,0
1471;2023.05.09 19:15;4;20,375;20,5625;20,5;505;202;0;0,0
1472;2023.05.09 19:30;4;20,375;20,5625;20,5;505;202;0;0,0
1473;2023.05.09 19:45;4;20,375;20,5625;20,5;505;202;0;0,0
1474;2023.05.09 20:00;4;20,375;20,625;20,5;505;202;0;0,0
1475;2023.05.09 20:15;4;20,375;20,625;20,5;505;202;0;0,0
1476;2023.05.09 20:30;4;20,375;20,625;20,5;505;202;0;0,0
1477;2023.05.09 20:45;4;20,375;20,625;20,5;505;202;0;0,0
1478;2023.05.09 21:00;4;20,375;20,625;20,5;505;202;0;0,0
1479;2023.05.09 21:15;4;20,375;20,625;20,5;505;202;0;0,0
1480;2023.05.09 21:30;4;20,375;20,625;20,5;505;202;0;0,0
1481;2023.05.09 21:45;4;20,375;20,625;20,5;505;202;0;0,0
1482;2023.05.09 22:00;4;20,375;20,625;20,5;505;202;0;0,0
1483;2023.05.09 22:15;4;20,375;20,625;20,5;505;202;0;0,0
1484;2023.05.09 22:30;4;20,375;20,625;20,5;505;202;0;0,0
1485;2023.05.09 22:45;4;20,375;20,625;20,5;505;202;0;0,0
1486;2023.05.09 23:00;4;20,375;20,625;20,5;505;202;0;0,0
1487;2023.05.09 23:15;4;20,375;20,625;20,5;505;202;0;0,0
1488;2023.05.09 23:30;4;20,375;20,5625;20,5;505;202;0;0,0
1489;2023.05.09 23:45;4;20,375;20,5625;20,5;505;202;0;0,0
1490;2023.05.10 00:00;4;20,375;20,5625;20,5;505;202;0;0,0
1491;2023.05.10 00:15;4;20,375;20,5625;20,4375;505;202;0;0,0
1492;2023.05.10 00:30;4;20,375;20,5625;20,4375;505;202;0;0,0
1493;2023.05.10 00:45;4;20,375;20,5625;20,4375;505;202;0;0,0
1494;2023.05.10 01:00;4;20,3125;20,5625;20,4375;505;202;0;0,0
1495;2023.05.10 01:15;4;20,3125;20,5;20,375;505;202;0;0,0
1496;2023.05.10 01:30;4;20,3125;20,5;20,375;505;202;0;0,0
1497;2023.05.10 01:45;4;20,3125;20,5;20,375;505;202;0;0,0
1498;2023.05.10 02:00;4;20,3125;20,5;20,375;505;202;0;0,0
1499;2023.05.10 02:15;4;20,25;20,5;20,375;505;202;0;0,0
1500;2023.05.10 02:30;4;20,25;20,5;20,375;505;202;0;0,0
1501;2023.05.10 02:45;4;20,25;20,5;20,375;505;202;0;0,0
1502;2023.05.10 03:00;4;20,25;20,5;20,375;505;202;0;0,0
1503;2023.05.10 03:15;4;20,25;20,5;20,3125;505;202;0;0,0
1504;2023.05.10 03:30;4;20,25;20,5;20,3125;505;202;0;0,0
1505;2023.05.10 03:45;4;20,25;20,5;20,25;505;202;0;0,0
1506;2023.05.10 04:00;4;20,25;20,4375;20,25;505;202;0;0,0
1507;2023.05.10 04:15;4;20,25;20,4375;20,25;505;202;0;0,0
1508;2023.05.10 04:30;4;20,1875;20,4375;20,25;504;202;0;0,0
1509;2023.05.10 04:45;4;20,1875;20,375;20,25;504;202;0;0,0
1510;2023.05.10 05:00;4;20,125;20,375;20,25;504;202;0;0,0
1511;2023.05.10 05:15;4;20,125;20,375;20,1875;504;202;0;0,0
1512;2023.05.10 05:30;4;20,125;20,375;20,1875;504;202;0;0,0
1513;2023.05.10 05:45;4;20,125;20,375;20,1875;504;202;0;0,0
1514;2023.05.10 06:00;4;20,125;20,375;20,125;504;202;0;0,0
1515;2023.05.10 06:15;4;20,125;20,375;20,1875;504;202;0;0,0
1516;2023.05.10 06:30;4;20,125;20,375;20,1875;504;202;0;0,0
1517;2023.05.10 06:45;4;20,125;20,3125;20,125;504;202;0;0,0
1518;2023.05.10 07:00;4;20,125;20,3125;20,125;504;202;0;0,0
1519;2023.05.10 07:15;4;20,125;20,3125;20,125;504;202;0;0,0
1520;2023.05.10 07:30;4;20,0625;20,25;20,125;504;202;0;0,0
1521;2023.05.10 07:45;4;20,0625;20,25;20,125;504;202;0;0,0
1522;2023.05.10 08:00;4;20,0625;20,25;20,125;505;202;0;0,0
1523;2023.05.10 08:15;4;20,0625;20,25;20,375;505;202;0;0,0
1524;2023.05.10 08:30;4;20,125;20,3125;20,625;505;202;0;0,0
1525;2023.05.10 08:45;4;20,25;20,375;20,875;505;202;0;0,0
1526;2023.05.10 09:00;4;20,375;20,5;21;506;202;0;0,0
1527;2023.05.10 09:15;4;20,4375;20,5625;21,1875;507;202;0;0,0
1528;2023.05.10 09:30;4;20,5625;20,625;21,375;508;202;0;0,0
1529;2023.05.10 09:45;4;20,625;20,75;21,5;508;202;0;0,0
1530;2023.05.10 10:00;4;20,75;20,875;21,625;509;202;0;0,0
1531;2023.05.10 10:15;4;20,875;21;21,6875;509;202;0;0,0
1532;2023.05.10 10:30;4;20,875;21,125;21,75;510;202;0;0,0
1533;2023.05.10 10:45;4;21;21,1875;21,8125;510;202;0;0,0
1534;2023.05.10 11:00;4;21,125;21,25;21,875;511;202;0;0,0
1535;2023.05.10 11:15;4;21,125;21,375;22;511;202;0;0,0
1536;2023.05.10 11:30;4;21,25;21,4375;22;511;202;0;0,0
1537;2023.05.10 11:45;4;21,3125;21,5;22,125;512;202;0;0,0
1538;2023.05.10 12:00;4;21,375;21,625;22,125;512;202;0;0,0
1539;2023.05.10 12:15;4;21,5;21,6875;22,125;513;202;0;0,0
1540;2023.05.10 12:30;4;21,5;21,75;22,125;513;202;0;0,0
1541;2023.05.10 12:45;4;21,625;21,8125;22,125;513;202;0;0,0
1542;2023.05.10 13:00;4;21,625;21,875;22,25;514;202;0;0,0
1543;2023.05.10 13:15;4;21,6875;21,875;22,25;514;202;0;0,0
1544;2023.05.10 13:30;4;21,75;22;22,3125;514;202;0;0,0
1545;2023.05.10 13:45;4;21,75;22;22,375;514;202;0;0,0
1546;2023.05.10 14:00;4;21,75;22;22,4375;514;202;0;0,0
1547;2023.05.10 14:15;4;21,8125;22,0625;22,5;515;202;0;0,0
1548;2023.05.10 14:30;4;21,875;22,125;22,625;515;202;0;0,0
1549;2023.05.10 14:45;4;21,9375;22,125;22,625;515;202;0;0,0
1550;2023.05.10 15:00;4;22;22,25;22,75;515;202;0;0,0
1551;2023.05.10 15:15;4;22;22,25;22,8125;516;202;0;0,0
1552;2023.05.10 15:30;4;22,125;22,375;22,875;516;202;0;0,0
1553;2023.05.10 15:45;4;22,25;22,4375;22,875;517;202;0;0,0
1554;2023.05.10 16:00;4;22,3125;22,5;23;517;202;0;0,0
1555;2023.05.10 16:15;4;22,375;22,625;23;518;202;0;0,0
1556;2023.05.10 16:30;4;22,5;22,6875;23;518;202;0;0,0
1557;2023.05.10 16:45;4;22,5625;22,75;23;518;202;0;0,0
1558;2023.05.10 17:00;4;22,625;22,8125;23,0625;519;202;0;0,0
1559;2023.05.10 17:15;4;22,6875;22,875;23,0625;519;202;0;0,0
1560;2023.05.10 17:30;4;22,75;22,9375;23,125;519;202;0;0,0
1561;2023.05.10 17:45;4;22,75;23;23,125;519;202;0;0,0
1562;2023.05.10 18:00;4;22,8125;23;23,125;520;202;0;0,0
1563;2023.05.10 18:15;4;22,875;23;23,0625;520;202;0;0,0
1564;2023.05.10 18:30;4;22,875;23,125;23,0625;520;202;0;0,0
1565;2023.05.10 18:45;4;22,875;23,125;23,0625;520;202;0;0,0
1566;2023.05.10 19:00;4;22,875;23,125;23;520;202;0;0,0
1567;2023.05.10 19:15;4;22,875;23,125;23;520;202;0;0,0
1568;2023.05.10 19:30;4;22,875;23,125;23;520;202;0;0,0
1569;2023.05.10 19:45;4;22,875;23,125;23;520;202;0;0,0
1570;2023.05.10 20:00;4;22,875;23,125;23;520;202;0;0,0
1571;2023.05.10 20:15;4;22,875;23,125;22,9375;520;202;0;0,0
1572;2023.05.10 20:30;4;22,875;23,125;22,9375;520;202;0;0,0
1573;2023.05.10 20:45;4;22,875;23,125;22,875;520;202;0;0,0
1574;2023.05.10 21:00;4;22,8125;23,125;22,875;519;202;0;0,0
1575;2023.05.10 21:15;4;22,75;23,0625;22,875;519;202;0;0,0
1576;2023.05.10 21:30;4;22,75;23;22,8125;519;202;0;0,0
1577;2023.05.10 21:45;4;22,75;23;22,75;519;202;0;0,0
1578;2023.05.10 22:00;4;22,75;23;22,75;519;202;0;0,0
1579;2023.05.10 22:15;4;22,6875;23;22,75;519;202;0;0,0
1580;2023.05.10 22:30;4;22,625;23;22,6875;519;202;0;0,0
1581;2023.05.10 22:45;4;22,625;22,9375;22,625;518;202;0;0,0
1582;2023.05.10 23:00;4;22,625;22,875;22,625;518;202;0;0,0
1583;2023.05.10 23:15;4;22,625;22,875;22,625;518;202;0;0,0
1584;2023.05.10 23:30;4;22,5625;22,875;22,625;518;202;0;0,0
1585;2023.05.10 23:45;4;22,5;22,8125;22,5625;518;202;0;0,0
1586;2023.05.11 00:00;4;22,5;22,75;22,5;518;202;0;0,0
1587;2023.05.11 00:15;4;22,5;22,75;22,5;518;202;0;0,0
1588;2023.05.11 00:30;4;22,4375;22,75;22,5;517;202;0;0,0
1589;2023.05.11 00:45;4;22,375;22,75;22,4375;517;202;0;0,0
1590;2023.05.11 01:00;4;22,375;22,6875;22,375;517;202;0;0,0
1591;2023.05.11 01:15;4;22,375;22,625;22,375;517;202;0;0,0
1592;2023.05.11 01:30;4;22,3125;22,625;22,3125;517;202;0;0,0
1593;2023.05.11 01:45;4;22,25;22,625;22,25;517;202;0;0,0
1594;2023.05.11 02:00;4;22,25;22,5625;22,25;516;202;0;0,0
1595;2023.05.11 02:15;4;22,25;22,5;22,25;516;202;0;0,0
1596;2023.05.11 02:30;4;22,1875;22,5;22,25;516;202;0;0,0
1597;2023.05.11 02:45;4;22,125;22,5;22,1875;516;202;0;0,0
1598;2023.05.11 03:00;4;22,125;22,4375;22,125;516;202;0;0,0
1599;2023.05.11 03:15;4;22,125;22,375;22,125;516;202;0;0,0
1600;2023.05.11 03:30;4;22,0625;22,375;22,125;515;202;0;0,0
1601;2023.05.11 03:45;4;22;22,375;22,125;515;202;0;0,0
1602;2023.05.11 04:00;4;22;22,3125;22,0625;515;202;0;0,0
1603;2023.05.11 04:15;4;22;22,25;22;515;202;0;0,0
1604;2023.05.11 04:30;4;22;22,25;22;515;202;0;0,0
1605;2023.05.11 04:45;4;21,9375;22,25;22;515;202;0;0,0
1606;2023.05.11 05:00;4;21,875;22,25;22;515;202;0;0,0
1607;2023.05.11 05:15;4;21,875;22,1875;21,9375;514;202;0;0,0
1608;2023.05.11 05:30;4;21,875;22,125;21,9375;514;202;0;0,0
1609;2023.05.11 05:45;4;21,875;22,125;21,875;514;202;0;0,0
1610;2023.05.11 06:00;4;21,8125;22,125;21,875;514;202;0;0,0
1611;2023.05.11 06:15;4;21,8125;22,125;21,875;514;202;0;0,0
1612;2023.05.11 06:30;4;21,75;22,0625;21,875;514;202;0;0,0
1613;2023.05.11 06:45;4;21,75;22,0625;21,875;514;202;0;0,0
1614;2023.05.11 07:00;4;21,75;22;21,875;514;202;0;0,0
1615;2023.05.11 07:15;4;21,75;22;21,875;514;202;0;0,0
1616;2023.05.11 07:30;4;21,75;22;21,875;514;202;0;0,0
1617;2023.05.11 07:45;4;21,75;22;21,875;514;202;0;0,0
1618;2023.05.11 08:00;4;21,75;22;21,875;514;202;0;0,0
1619;2023.05.11 08:15;4;21,75;22;21,9375;514;202;0;0,0
1620;2023.05.11 08:30;4;21,75;22;22;514;202;0;0,0
1621;2023.05.11 08:45;4;21,75;22;22;514;202;0;0,0
1622;2023.05.11 09:00;4;21,75;22;22;514;202;0;0,0
1623;2023.05.11 09:15;4;21,75;22;22,0625;514;202;0;0,0
1624;2023.05.11 09:30;4;21,75;22;22,125;514;202;0;0,0
1625;2023.05.11 09:45;4;21,75;22;22,125;514;202;0;0,0
1626;2023.05.11 10:00;4;21,8125;22,0625;22,1875;514;202;0;0,0
1627;2023.05.11 10:15;4;21,875;22,125;22,25;514;202;0;0,0
1628;2023.05.11 10:30;4;21,875;22,125;22,25;514;202;0;0,0
1629;2023.05.11 10:45;4;21,9375;22,125;22,25;515;202;0;0,0
1630;2023.05.11 11:00;4;21,9375;22,1875;22,3125;515;202;0;0,0
1631;2023.05.11 11:15;4;22;22,25;22,3125;515;202;0;0,0
1632;2023.05.11 11:30;4;22;22,25;22,375;515;202;0;0,0
1633;2023.05.11 11:45;4;22;22,25;22,375;515;202;0;0,0
1634;2023.05.11 12:00;4;22,0625;22,3125;22,375;515;202;0;0,0
1635;2023.05.11 12:15;4;22,125;22,3125;22,375;516;202;0;0,0
1636;2023.05.11 12:30;4;22,125;22,375;22,4375;516;202;0;0,0
1637;2023.05.11 12:45;4;22,125;22,375;22,5;516;202;0;0,0
1638;2023.05.11 13:00;4;22,125;22,375;22,5;516;202;0;0,0
1639;2023.05.11 13:15;4;22,1875;22,4375;22,5;516;202;0;0,0
1640;2023.05.11 13:30;4;22,25;22,4375;22,5;516;202;0;0,0
1641;2023.05.11 13:45;4;22,25;22,5;22,625;516;202;0;0,0
1642;2023.05.11 14:00;4;22,25;22,5;22,625;517;202;0;0,0
1643;2023.05.11 14:15;4;22,3125;22,5;22,625;517;202;0;0,0
1644;2023.05.11 14:30;4;22,375;22,5625;22,6875;517;202;0;0,0
1645;2023.05.11 14:45;4;22,375;22,625;22,75;517;202;0;0,0
1646;2023.05.11 15:00;4;22,375;22,625;22,75;517;202;0;0,0
1647;2023.05.11 15:15;4;22,4375;22,625;22,75;517;202;0;0,0
1648;2023.05.11 15:30;4;22,5;22,6875;22,8125;517;202;0;0,0
1649;2023.05.11 15:45;4;22,5;22,75;22,875;518;202;0;0,0
1650;2023.05.11 16:00;4;22,5;22,75;22,875;518;202;0;0,0
1651;2023.05.11 16:15;4;22,5625;22,75;22,875;518;202;0;0,0
1652;2023.05.11 16:30;4;22,625;22,75;22,875;518;202;0;0,0
1653;2023.05.11 16:45;4;22,625;22,8125;22,875;518;202;0;0,0
1654;2023.05.11 17:00;4;22,625;22,875;22,875;518;202;0;0,0
1655;2023.05.11 17:15;4;22,625;22,875;22,875;518;202;0;0,0
1656;2023.05.11 17:30;4;22,6875;22,875;22,875;519;202;0;0,0
1657;2023.05.11 17:45;4;22,6875;22,875;22,875;519;202;0;0,0
1658;2023.05.11 18:00;4;22,6875;22,9375;22,875;519;202;0;0,0
1659;2023.05.11 18:15;4;22,75;22,9375;22,875;519;202;0;0,0
1660;2023.05.11 18:30;4;22,75;22,9375;22,875;519;202;0;0,0
1661;2023.05.11 18:45;4;22,75;23;22,875;519;202;0;0,0
1662;2023.05.11 19:00;4;22,75;23;22,875;519;202;0;0,0
1663;2023.05.11 19:15;4;22,75;23;22,875;519;202;0;0,0
1664;2023.05.11 19:30;4;22,75;23;22,8125;519;202;0;0,0
1665;2023.05.11 19:45;4;22,75;23;22,8125;519;202;0;0,0
1666;2023.05.11 20:00;4;22,6875;22,9375;22,75;519;202;0;0,0
1667;2023.05.11 20:15;4;22,6875;22,9375;22,75;519;202;0;0,0
1668;2023.05.11 20:30;4;22,625;22,9375;22,75;519;202;0;0,0
1669;2023.05.11 20:45;4;22,625;22,9375;22,6875;518;202;0;0,0
1670;2023.05.11 21:00;4;22,625;22,875;22,625;518;202;0;0,0
1671;2023.05.11 21:15;4;22,625;22,875;22,625;518;202;0;0,0
1672;2023.05.11 21:30;4;22,625;22,875;22,625;518;202;0;0,0
1673;2023.05.11 21:45;4;22,5625;22,875;22,5625;518;202;0;0,0
1674;2023.05.11 22:00;4;22,5;22,8125;22,5;518;202;0;0,0
1675;2023.05.11 22:15;4;22,5;22,8125;22,5;518;202;0;0,0
1676;2023.05.11 22:30;4;22,5;22,75;22,5;518;202;0;0,0
1677;2023.05.11 22:45;4;22,4375;22,75;22,5;517;202;0;0,0
1678;2023.05.11 23:00;4;22,375;22,75;22,4375;517;202;0;0,0
1679;2023.05.11 23:15;4;22,375;22,6875;22,375;517;202;0;0,0
1680;2023.05.11 23:30;4;22,375;22,625;22,375;517;202;0;0,0
1681;2023.05.11 23:45;4;22,375;22,625;22,3125;517;202;0;0,0
1682;2023.05.12 00:00;4;22,25;22,625;22,25;517;202;0;0,0
1683;2023.05.12 00:15;4;22,25;22,5625;22,25;516;202;0;0,0
1684;2023.05.12 00:30;4;22,25;22,5;22,1875;516;202;0;0,0
1685;2023.05.12 00:45;4;22,1875;22,5;22,125;516;202;0;0,0
1686;2023.05.12 01:00;4;22,125;22,5;22,125;516;202;0;0,0
1687;2023.05.12 01:15;4;22,125;22,375;22,0625;516;202;0;0,0
1688;2023.05.12 01:30;4;22,0625;22,375;22;515;202;0;0,0
1689;2023.05.12 01:45;4;22;22,375;22;515;202;0;0,0
1690;2023.05.12 02:00;4;22;22,3125;21,9375;515;202;0;0,0
1691;2023.05.12 02:15;4;21,9375;22,25;21,875;515;202;0;0,0
1692;2023.05.12 02:30;4;21,875;22,25;21,875;515;202;0;0,0
1693;2023.05.12 02:45;4;21,875;22,1875;21,875;514;202;0;0,0
1694;2023.05.12 03:00;4;21,8125;22,125;21,75;514;202;0;0,0
1695;2023.05.12 03:15;4;21,75;22,125;21,75;514;202;0;0,0
1696;2023.05.12 03:30;4;21,75;22,0625;21,75;514;202;0;0,0
1697;2023.05.12 03:45;4;21,75;22;21,75;514;202;0;0,0
1698;2023.05.12 04:00;4;21,6875;22;21,6875;513;202;0;0,0
1699;2023.05.12 04:15;4;21,625;22;21,625;513;202;0;0,0
1700;2023.05.12 04:30;4;21,625;21,9375;21,625;513;202;0;0,0
1701;2023.05.12 04:45;4;21,5625;21,875;21,625;513;202;0;0,0
1702;2023.05.12 05:00;4;21,5625;21,875;21,5625;513;202;0;0,0
1703;2023.05.12 05:15;4;21,5;21,875;21,5;513;202;0;0,0
1704;2023.05.12 05:30;4;21,5;21,8125;21,5;512;202;0;0,0
1705;2023.05.12 05:45;4;21,4375;21,75;21,5;512;202;0;0,0
1706;2023.05.12 06:00;4;21,4375;21,75;21,5;512;202;0;0,0
1707;2023.05.12 06:15;4;21,375;21,75;21,4375;512;202;0;0,0
1708;2023.05.12 06:30;4;21,375;21,6875;21,375;512;202;0;0,0
1709;2023.05.12 06:45;4;21,375;21,625;21,375;512;202;0;0,0
1710;2023.05.12 07:00;4;21,3125;21,625;21,375;512;202;0;0,0
1711;2023.05.12 07:15;4;21,3125;21,625;21,375;511;202;0;0,0
1712;2023.05.12 07:30;4;21,25;21,625;21,375;511;202;0;0,0
1713;2023.05.12 07:45;4;21,25;21,5625;21,3125;511;202;0;0,0
1714;2023.05.12 08:00;4;21,25;21,5;21,3125;511;202;0;0,0
1715;2023.05.12 08:15;4;21,25;21,5;21,25;511;202;0;0,0
1716;2023.05.12 08:30;4;21,25;21,5;21,25;511;202;0;0,0
1717;2023.05.12 08:45;4;21,1875;21,5;21,375;510;202;0;0,0
1718;2023.05.12 09:00;4;21,25;21,5;21,5;512;202;0;0,0
1719;2023.05.12 09:15;4;21,3125;21,5;21,5;512;202;0;0,0
1720;2023.05.12 09:30;4;21,375;21,5625;21,5;512;202;0;0,0
1721;2023.05.12 09:45;4;21,375;21,5625;21,5;512;202;0;0,0
1722;2023.05.12 10:00;4;21,375;21,625;21,5625;513;202;0;0,0
1723;2023.05.12 10:15;4;21,4375;21,625;21,5625;513;202;0;0,0
1724;2023.05.12 10:30;4;21,4375;21,625;21,5625;513;202;0;0,0
1725;2023.05.12 10:45;4;21,4375;21,625;21,625;513;202;0;0,0
1726;2023.05.12 11:00;4;21,5;21,625;21,625;513;202;0;0,0
1727;2023.05.12 11:15;4;21,5;21,625;21,625;513;202;0;0,0
1728;2023.05.12 11:30;4;21,5;21,6875;21,625;513;202;0;0,0
1729;2023.05.12 11:45;4;21,5;21,6875;21,625;513;202;0;0,0
1730;2023.05.12 12:00;4;21,5;21,75;21,625;513;202;0;0,0
1731;2023.05.12 12:15;4;21,5;21,75;21,625;513;202;0;0,0
1732;2023.05.12 12:30;4;21,5;21,75;21,625;513;202;0;0,0
1733;2023.05.12 12:45;4;21,5;21,75;21,625;513;202;0;0,0
1734;2023.05.12 13:00;4;21,5;21,75;21,625;513;202;0;0,0
1735;2023.05.12 13:15;4;21,5;21,75;21,625;513;202;0;0,0
1736;2023.05.12 13:30;4;21,5;21,75;21,6875;513;202;0;0,0
1737;2023.05.12 13:45;4;21,5;21,75;21,6875;513;202;0;0,0
1738;2023.05.12 14:00;4;21,5;21,75;21,6875;513;202;0;0,0
1739;2023.05.12 14:15;4;21,5;21,75;21,75;513;202;0;0,0
1740;2023.05.12 14:30;4;21,5;21,75;21,75;513;202;0;0,0
1741;2023.05.12 14:45;4;21,5625;21,75;21,75;513;202;0;0,0
1742;2023.05.12 15:00;4;21,5625;21,75;21,75;513;202;0;0,0
1743;2023.05.12 15:15;4;21,625;21,8125;21,75;513;202;0;0,0
1744;2023.05.12 15:30;4;21,625;21,8125;21,75;513;202;0;0,0
1745;2023.05.12 15:45;4;21,625;21,875;21,75;513;202;0;0,0
1746;2023.05.12 16:00;4;21,625;21,875;21,6875;513;202;0;0,0
1747;2023.05.12 16:15;4;21,5625;21,8125;21,6875;513;202;0;0,0
1748;2023.05.12 16:30;4;21,5625;21,8125;21,625;513;202;0;0,0
1749;2023.05.12 16:45;4;21,5625;21,8125;21,625;513;202;0;0,0
1750;2023.05.12 17:00;4;21,5;21,75;21,625;513;202;0;0,0
1751;2023.05.12 17:15;4;21,5;21,75;21,625;513;202;0;0,0
1752;2023.05.12 17:30;4;21,5;21,75;21,5625;513;202;0;0,0
1753;2023.05.12 17:45;4;21,5;21,75;21,5;512;202;0;0,0
1754;2023.05.12 18:00;4;21,4375;21,75;21,5;512;202;0;0,0
1755;2023.05.12 18:15;4;21,4375;21,6875;21,5;512;202;0;0,0
1756;2023.05.12 18:30;4;21,375;21,6875;21,5;512;202;0;0,0
1757;2023.05.12 18:45;4;21,375;21,625;21,5;512;202;0;0,0
1758;2023.05.12 19:00;4;21,375;21,625;21,5;512;202;0;0,0
1759;2023.05.12 19:15;4;21,375;21,625;21,4375;512;202;0;0,0
1760;2023.05.12 19:30;4;21,375;21,625;21,375;512;202;0;0,0
1761;2023.05.12 19:45;4;21,3125;21,625;21,375;512;202;0;0,0
1762;2023.05.12 20:00;4;21,3125;21,5625;21,375;512;202;0;0,0
1763;2023.05.12 20:15;4;21,25;21,5625;21,375;512;202;0;0,0
1764;2023.05.12 20:30;4;21,25;21,5;21,375;511;202;0;0,0
1765;2023.05.12 20:45;4;21,25;21,5;21,375;511;202;0;0,0
1766;2023.05.12 21:00;4;21,25;21,5;21,3125;511;202;0;0,0
1767;2023.05.12 21:15;4;21,25;21,5;21,25;511;202;0;0,0
1768;2023.05.12 21:30;4;21,1875;21,5;21,25;511;202;0;0,0
1769;2023.05.12 21:45;4;21,1875;21,4375;21,25;511;202;0;0,0
1770;2023.05.12 22:00;4;21,125;21,375;21,25;511;202;0;0,0
1771;2023.05.12 22:15;4;21,125;21,375;21,25;511;202;0;0,0
1772;2023.05.12 22:30;4;21,125;21,375;21,1875;511;202;0;0,0
1773;2023.05.12 22:45;4;21,125;21,375;21,1875;511;202;0;0,0
1774;2023.05.12 23:00;4;21,125;21,375;21,125;510;202;0;0,0
1775;2023.05.12 23:15;4;21,0625;21,3125;21,125;510;202;0;0,0
1776;2023.05.12 23:30;4;21,0625;21,3125;21,125;510;202;0;0,0
1777;2023.05.12 23:45;4;21;21,25;21,125;510;202;0;0,0
1778;2023.05.13 00:00;4;21;21,25;21,125;510;202;0;0,0
1779;2023.05.13 00:15;4;21;21,25;21,0625;510;202;0;0,0
1780;2023.05.13 00:30;4;21;21,25;21,0625;510;202;0;0,0
1781;2023.05.13 00:45;4;21;21,25;21;510;202;0;0,0
1782;2023.05.13 01:00;4;20,9375;21,25;21;510;202;0;0,0
1783;2023.05.13 01:15;4;20,9375;21,1875;21;510;202;0;0,0
1784;2023.05.13 01:30;4;20,875;21,1875;21;510;202;0;0,0
1785;2023.05.13 01:45;4;20,875;21,125;21;510;202;0;0,0
1786;2023.05.13 02:00;4;20,875;21,125;21;509;202;0;0,0
1787;2023.05.13 02:15;4;20,875;21,125;20,9375;509;202;0;0,0
1788;2023.05.13 02:30;4;20,875;21,125;20,9375;509;202;0;0,0
1789;2023.05.13 02:45;4;20,875;21,125;20,875;509;202;0;0,0
1790;2023.05.13 03:00;4;20,8125;21,125;20,875;509;202;0;0,0
1791;2023.05.13 03:15;4;20,8125;21,0625;20,875;509;202;0;0,0
1792;2023.05.13 03:30;4;20,75;21;20,875;509;202;0;0,0
1793;2023.05.13 03:45;4;20,75;21;20,875;509;202;0;0,0
1794;2023.05.13 04:00;4;20,75;21;20,8125;509;202;0;0,0
1795;2023.05.13 04:15;4;20,75;21;20,8125;509;202;0;0,0
1796;2023.05.13 04:30;4;20,75;21;20,8125;509;202;0;0,0
1797;2023.05.13 04:45;4;20,75;21;20,75;509;202;0;0,0
1798;2023.05.13 05:00;4;20,6875;20,9375;20,75;509;202;0;0,0
1799;2023.05.13 05:15;4;20,6875;20,9375;20,75;508;202;0;0,0
1800;2023.05.13 05:30;4;20,625;20,9375;20,75;508;202;0;0,0
1801;2023.05.13 05:45;4;20,625;20,875;20,75;508;202;0;0,0
1802;2023.05.13 06:00;4;20,625;20,875;20,75;508;202;0;0,0
1803;2023.05.13 06:15;4;20,625;20,875;20,6875;508;202;0;0,0
1804;2023.05.13 06:30;4;20,625;20,875;20,6875;508;202;0;0,0
1805;2023.05.13 06:45;4;20,625;20,875;20,6875;508;202;0;0,0
1806;2023.05.13 07:00;4;20,625;20,875;20,625;508;202;0;0,0
1807;2023.05.13 07:15;4;20,5625;20,8125;20,625;508;202;0;0,0
1808;2023.05.13 07:30;4;20,5625;20,8125;20,625;508;202;0;0,0
1809;2023.05.13 07:45;4;20,5625;20,8125;20,625;508;202;0;0,0
1810;2023.05.13 08:00;4;20,5;20,75;20,625;508;202;0;0,0
1811;2023.05.13 08:15;4;20,5;20,75;20,625;508;202;0;0,0
1812;2023.05.13 08:30;4;20,5;20,75;20,625;508;202;0;0,0
1813;2023.05.13 08:45;4;20,5;20,75;20,625;508;202;0;0,0
1814;2023.05.13 09:00;4;20,5;20,75;20,625;508;202;0;0,0
1815;2023.05.13 09:15;4;20,5;20,75;20,625;508;202;0;0,0
1816;2023.05.13 09:30;4;20,5;20,75;20,625;508;202;0;0,0
1817;2023.05.13 09:45;4;20,5;20,75;20,625;508;202;0;0,0
1818;2023.05.13 10:00;4;20,5;20,75;20,625;508;202;0;0,0
1819;2023.05.13 10:15;4;20,5625;20,75;20,625;508;202;0;0,0
1820;2023.05.13 10:30;4;20,5625;20,75;20,6875;508;202;0;0,0
1821;2023.05.13 10:45;4;20,625;20,8125;20,6875;508;202;0;0,0
1822;2023.05.13 11:00;4;20,625;20,8125;20,75;508;202;0;0,0
1823;2023.05.13 11:15;4;20,625;20,8125;20,75;508;202;0;0,0
1824;2023.05.13 11:30;4;20,625;20,875;20,75;508;202;0;0,0
1825;2023.05.13 11:45;4;20,625;20,875;20,75;508;202;0;0,0
1826;2023.05.13 12:00;4;20,6875;20,875;20,875;508;202;0;0,0
1827;2023.05.13 12:15;4;20,75;20,875;20,875;508;202;0;0,0
1828;2023.05.13 12:30;4;20,75;21;21;509;202;0;0,0
1829;2023.05.13 12:45;4;20,875;21;21;509;202;0;0,0
1830;2023.05.13 13:00;4;20,875;21,0625;21,125;509;202;0;0,0
1831;2023.05.13 13:15;4;21;21,125;21,1875;510;202;0;0,0
1832;2023.05.13 13:30;4;21;21,1875;21,25;510;202;0;0,0
1833;2023.05.13 13:45;4;21,125;21,25;21,375;510;202;0;0,0
1834;2023.05.13 14:00;4;21,1875;21,3125;21,4375;511;202;0;0,0
1835;2023.05.13 14:15;4;21,25;21,375;21,5;511;202;0;0,0
1836;2023.05.13 14:30;4;21,375;21,5;21,625;511;202;0;0,0
1837;2023.05.13 14:45;4;21,4375;21,5625;21,6875;512;202;0;0,0
1838;2023.05.13 15:00;4;21,5;21,625;21,75;512;202;0;0,0
1839;2023.05.13 15:15;4;21,625;21,75;21,875;513;202;0;0,0
1840;2023.05.13 15:30;4;21,625;21,75;21,9375;513;202;0;0,0
1841;2023.05.13 15:45;4;21,75;21,875;22;513;202;0;0,0
1842;2023.05.13 16:00;4;21,75;21,875;22;514;202;0;0,0
1843;2023.05.13 16:15;4;21,875;22;22,125;514;202;0;0,0
1844;2023.05.13 16:30;4;21,875;22;22,125;514;202;0;0,0
1845;2023.05.13 16:45;4;21,9375;22,125;22,25;514;202;0;0,0
1846;2023.05.13 17:00;4;22;22,125;22,25;515;202;0;0,0
1847;2023.05.13 17:15;4;22;22,1875;22,25;515;202;0;0,0
1848;2023.05.13 17:30;4;22,0625;22,25;22,3125;515;202;0;0,0
1849;2023.05.13 17:45;4;22,0625;22,25;22,3125;515;202;0;0,0
1850;2023.05.13 18:00;4;22,125;22,3125;22,375;515;202;0;0,0
1851;2023.05.13 18:15;4;22,125;22,3125;22,375;515;202;0;0,0
1852;2023.05.13 18:30;4;22,125;22,375;22,375;515;202;0;0,0
1853;2023.05.13 18:45;4;22,125;22,375;22,375;515;202;0;0,0
1854;2023.05.13 19:00;4;22,125;22,375;22,375;515;202;0;0,0
1855;2023.05.13 19:15;4;22,125;22,375;22,375;515;202;0;0,0
1856;2023.05.13 19:30;4;22,125;22,375;22,375;515;202;0;0,0
1857;2023.05.13 19:45;4;22,125;22,375;22,375;515;202;0;0,0
1858;2023.05.13 20:00;4;22,125;22,375;22,375;515;202;0;0,0
1859;2023.05.13 20:15;4;22,125;22,375;22,3125;515;202;0;0,0
1860;2023.05.13 20:30;4;22,125;22,375;22,3125;515;202;0;0,0
1861;2023.05.13 20:45;4;22,125;22,375;22,25;515;202;0;0,0
1862;2023.05.13 21:00;4;22,125;22,375;22,25;515;202;0;0,0
1863;2023.05.13 21:15;4;22,125;22,375;22,25;515;202;0;0,0
1864;2023.05.13 21:30;4;22,125;22,375;22,25;515;202;0;0,0
1865;2023.05.13 21:45;4;22,0625;22,375;22,1875;515;202;0;0,0
1866;2023.05.13 22:00;4;22;22,3125;22,125;515;202;0;0,0
1867;2023.05.13 22:15;4;22;22,25;22,125;514;202;0;0,0
1868;2023.05.13 22:30;4;22;22,25;22,125;514;202;0;0,0
1869;2023.05.13 22:45;4;22;22,25;22,0625;514;202;0;0,0
1870;2023.05.13 23:00;4;21,9375;22,25;22;514;202;0;0,0
1871;2023.05.13 23:15;4;21,875;22,1875;22;514;202;0;0,0
1872;2023.05.13 23:30;4;21,875;22,125;21,9375;514;202;0;0,0
1873;2023.05.13 23:45;4;21,875;22,125;21,875;513;202;0;0,0
1874;2023.05.14 00:00;4;21,8125;22,125;21,875;513;202;0;0,0
1875;2023.05.14 00:15;4;21,75;22,0625;21,875;513;202;0;0,0
1876;2023.05.14 00:30;4;21,75;22;21,75;513;202;0;0,0
1877;2023.05.14 00:45;4;21,6875;22;21,75;513;202;0;0,0
1878;2023.05.14 01:00;4;21,625;21,9375;21,75;513;202;0;0,0
1879;2023.05.14 01:15;4;21,625;21,875;21,6875;512;202;0;0,0
1880;2023.05.14 01:30;4;21,625;21,875;21,625;512;202;0;0,0
1881;2023.05.14 01:45;4;21,5625;21,875;21,625;512;202;0;0,0
1882;2023.05.14 02:00;4;21,5;21,8125;21,5625;512;202;0;0,0
1883;2023.05.14 02:15;4;21,5;21,75;21,5;512;202;0;0,0
1884;2023.05.14 02:30;4;21,5;21,75;21,5;512;202;0;0,0
1885;2023.05.14 02:45;4;21,4375;21,75;21,5;511;202;0;0,0
1886;2023.05.14 03:00;4;21,375;21,6875;21,4375;511;202;0;0,0
1887;2023.05.14 03:15;4;21,375;21,625;21,375;511;202;0;0,0
1888;2023.05.14 03:30;4;21,3125;21,625;21,375;511;202;0;0,0
1889;2023.05.14 03:45;4;21,3125;21,625;21,375;511;202;0;0,0
1890;2023.05.14 04:00;4;21,25;21,5625;21,3125;511;202;0;0,0
1891;2023.05.14 04:15;4;21,25;21,5;21,25;510;202;0;0,0
1892;2023.05.14 04:30;4;21,25;21,5;21,25;510;202;0;0,0
1893;2023.05.14 04:45;4;21,1875;21,5;21,25;510;202;0;0,0
1894;2023.05.14 05:00;4;21,125;21,4375;21,25;510;202;0;0,0
1895;2023.05.14 05:15;4;21,125;21,375;21,1875;510;202;0;0,0
1896;2023.05.14 05:30;4;21,125;21,375;21,125;510;202;0;0,0
1897;2023.05.14 05:45;4;21,125;21,375;21,125;510;202;0;0,0
1898;2023.05.14 06:00;4;21,0625;21,375;21,125;510;202;0;0,0
1899;2023.05.14 06:15;4;21;21,3125;21,125;509;202;0;0,0
1900;2023.05.14 06:30;4;21;21,25;21,125;509;202;0;0,0
1901;2023.05.14 06:45;4;21;21,25;21,0625;509;202;0;0,0
1902;2023.05.14 07:00;4;21;21,25;21,0625;509;202;0;0,0
1903;2023.05.14 07:15;4;21;21,25;21;509;202;0;0,0
1904;2023.05.14 07:30;4;20,9375;21,25;21;509;202;0;0,0
1905;2023.05.14 07:45;4;20,9375;21,1875;21;509;202;0;0,0
1906;2023.05.14 08:00;4;20,9375;21,1875;21;509;202;0;0,0
1907;2023.05.14 08:15;4;20,875;21,125;21;509;202;0;0,0
1908;2023.05.14 08:30;4;20,875;21,125;21;509;202;0;0,0
1909;2023.05.14 08:45;4;20,875;21,125;21;509;202;0;0,0
1910;2023.05.14 09:00;4;20,875;21,125;21;509;202;0;0,0
1911;2023.05.14 09:15;4;20,875;21,125;21;509;202;0;0,0
1912;2023.05.14 09:30;4;20,875;21,125;21;509;202;0;0,0
1913;2023.05.14 09:45;4;20,9375;21,125;21,0625;509;202;0;0,0
1914;2023.05.14 10:00;4;20,9375;21,125;21,125;509;202;0;0,0
1915;2023.05.14 10:15;4;21;21,1875;21,125;509;202;0;0,0
1916;2023.05.14 10:30;4;21;21,1875;21,125;509;202;0;0,0
1917;2023.05.14 10:45;4;21;21,25;21,125;509;202;0;0,0
1918;2023.05.14 11:00;4;21;21,25;21,25;510;202;0;0,0
1919;2023.05.14 11:15;4;21,0625;21,25;21,25;510;202;0;0,0
1920;2023.05.14 11:30;4;21,125;21,3125;21,25;510;202;0;0,0
1921;2023.05.14 11:45;4;21,125;21,375;21,375;510;202;0;0,0
1922;2023.05.14 12:00;4;21,25;21,375;21,375;510;202;0;0,0
1923;2023.05.14 12:15;4;21,25;21,4375;21,5;511;202;0;0,0
1924;2023.05.14 12:30;4;21,3125;21,5;21,5;511;202;0;0,0
1925;2023.05.14 12:45;4;21,375;21,5;21,625;511;202;0;0,0
1926;2023.05.14 13:00;4;21,375;21,625;21,625;511;202;0;0,0
1927;2023.05.14 13:15;4;21,5;21,625;21,75;512;202;0;0,0
1928;2023.05.14 13:30;4;21,5;21,6875;21,75;512;202;0;0,0
1929;2023.05.14 13:45;4;21,5625;21,75;21,8125;512;202;0;0,0
1930;2023.05.14 14:00;4;21,625;21,75;21,875;513;202;0;0,0
1931;2023.05.14 14:15;4;21,6875;21,875;21,9375;513;202;0;0,0
1932;2023.05.14 14:30;4;21,75;21,875;22;513;202;0;0,0
1933;2023.05.14 14:45;4;21,75;21,9375;22;513;202;0;0,0
1934;2023.05.14 15:00;4;21,8125;22;22;514;202;0;0,0
1935;2023.05.14 15:15;4;21,875;22;22,125;514;202;0;0,0
1936;2023.05.14 15:30;4;21,875;22,0625;22,125;514;202;0;0,0
1937;2023.05.14 15:45;4;21,9375;22,125;22,125;514;202;0;0,0
1938;2023.05.14 16:00;4;22;22,125;22,1875;514;202;0;0,0
1939;2023.05.14 16:15;4;22;22,1875;22,25;514;202;0;0,0
1940;2023.05.14 16:30;4;22;22,25;22,25;515;202;0;0,0
1941;2023.05.14 16:45;4;22,0625;22,25;22,25;515;202;0;0,0
1942;2023.05.14 17:00;4;22,125;22,3125;22,3125;515;202;0;0,0
1943;2023.05.14 17:15;4;22,125;22,3125;22,375;515;202;0;0,0
1944;2023.05.14 17:30;4;22,125;22,375;22,375;515;202;0;0,0
1945;2023.05.14 17:45;4;22,125;22,375;22,375;515;202;0;0,0
1946;2023.05.14 18:00;4;22,1875;22,375;22,375;515;202;0;0,0
1947;2023.05.14 18:15;4;22,25;22,375;22,375;515;202;0;0,0
1948;2023.05.14 18:30;4;22,25;22,4375;22,375;516;202;0;0,0
1949;2023.05.14 18:45;4;22,25;22,4375;22,4375;516;202;0;0,0
1950;2023.05.14 19:00;4;22,25;22,5;22,4375;516;202;0;0,0
1951;2023.05.14 19:15;4;22,25;22,5;22,375;516;202;0;0,0
1952;2023.05.14 19:30;4;22,25;22,5;22,375;516;202;0;0,0
1953;2023.05.14 19:45;4;22,25;22,5;22,375;516;202;0;0,0
1954;2023.05.14 20:00;4;22,25;22,5;22,375;516;202;0;0,0
1955;2023.05.14 20:15;4;22,25;22,5;22,375;515;202;0;0,0
1956;2023.05.14 20:30;4;22,1875;22,4375;22,3125;515;202;0;0,0
1957;2023.05.14 20:45;4;22,125;22,4375;22,25;515;202;0;0,0
1958;2023.05.14 21:00;4;22,125;22,375;22,25;515;202;0;0,0
1959;2023.05.14 21:15;4;22,125;22,375;22,25;515;202;0;0,0
1960;2023.05.14 21:30;4;22,125;22,375;22,25;515;202;0;0,0
1961;2023.05.14 21:45;4;22,0625;22,375;22,1875;515;202;0;0,0
1962;2023.05.14 22:00;4;22,0625;22,3125;22,125;515;202;0;0,0
1963;2023.05.14 22:15;4;22;22,3125;22,125;514;202;0;0,0
1964;2023.05.14 22:30;4;22;22,25;22,125;514;202;0;0,0
1965;2023.05.14 22:45;4;22;22,25;22,0625;514;202;0;0,0
1966;2023.05.14 23:00;4;22;22,25;22,0625;514;202;0;0,0
1967;2023.05.14 23:15;4;21,9375;22,25;22;514;202;0;0,0
1968;2023.05.14 23:30;4;21,875;22,1875;22;514;202;0;0,0
1969;2023.05.14 23:45;4;21,875;22,125;22;514;202;0;0,0
1970;2023.05.15 00:00;4;21,875;22,125;21,9375;514;202;0;0,0
1971;2023.05.15 00:15;4;21,8125;22,125;21,875;513;202;0;0,0
1972;2023.05.15 00:30;4;21,75;22,0625;21,875;513;202;0;0,0
1973;2023.05.15 00:45;4;21,75;22;21,875;513;202;0;0,0
1974;2023.05.15 01:00;4;21,75;22;21,8125;513;202;0;0,0
1975;2023.05.15 01:15;4;21,6875;22;21,75;513;202;0;0,0
1976;2023.05.15 01:30;4;21,625;21,9375;21,75;513;202;0;0,0
1977;2023.05.15 01:45;4;21,625;21,9375;21,6875;512;202;0;0,0
1978;2023.05.15 02:00;4;21,625;21,875;21,625;512;202;0;0,0
1979;2023.05.15 02:15;4;21,5625;21,875;21,625;512;202;0;0,0
1980;2023.05.15 02:30;4;21,5;21,875;21,625;512;202;0;0,0
1981;2023.05.15 02:45;4;21,5;21,75;21,5625;512;202;0;0,0
1982;2023.05.15 03:00;4;21,5;21,75;21,5;512;202;0;0,0
1983;2023.05.15 03:15;4;21,4375;21,75;21,5;512;202;0;0,0
1984;2023.05.15 03:30;4;21,375;21,6875;21,4375;511;202;0;0,0
1985;2023.05.15 03:45;4;21,375;21,625;21,4375;511;202;0;0,0
1986;2023.05.15 04:00;4;21,375;21,625;21,375;511;202;0;0,0
1987;2023.05.15 04:15;4;21,3125;21,625;21,375;511;202;0;0,0
1988;2023.05.15 04:30;4;21,25;21,5625;21,3125;511;202;0;0,0
1989;2023.05.15 04:45;4;21,25;21,5;21,25;511;202;0;0,0
1990;2023.05.15 05:00;4;21,25;21,5;21,25;510;202;0;0,0
1991;2023.05.15 05:15;4;21,1875;21,5;21,25;510;202;0;0,0
1992;2023.05.15 05:30;4;21,125;21,4375;21,25;510;202;0;0,0
1993;2023.05.15 05:45;4;21,125;21,375;21,125;510;202;0;0,0
1994;2023.05.15 06:00;4;21,125;21,375;21,125;510;202;0;0,0
1995;2023.05.15 06:15;4;21,0625;21,375;21,125;510;202;0;0,0
1996;2023.05.15 06:30;4;21,0625;21,3125;21,125;509;202;0;0,0
1997;2023.05.15 06:45;4;21;21,3125;21,0625;509;202;0;0,0
1998;2023.05.15 07:00;4;21;21,25;21,0625;509;202;0;0,0
1999;2023.05.15 07:15;4;21;21,25;21;509;202;0;0,0
2000;2023.05.15 07:30;4;21;21,25;21;509;202;0;0,0
2001;2023.05.15 07:45;4;21;21,25;21;509;202;0;0,0
2002;2023.05.15 08:00;4;20,9375;21,1875;21;509;202;0;0,0
2003;2023.05.15 08:15;4;20,9375;21,1875;21;509;202;0;0,0
2004;2023.05.15 08:30;4;20,875;21,125;21;509;202;0;0,0
2005;2023.05.15 08:45;4;20,875;21,125;21;509;202;0;0,0
2006;2023.05.15 09:00;4;20,875;21,125;21;509;202;0;0,0
2007;2023.05.15 09:15;4;20,875;21,125;21;509;202;0;0,0
2008;2023.05.15 09:30;4;20,9375;21,125;21,0625;509;202;0;0,0
2009;2023.05.15 09:45;4;20,9375;21,1875;21,125;509;202;0;0,0
2010;2023.05.15 10:00;4;21;21,1875;21,125;509;202;0;0,0
2011;2023.05.15 10:15;4;21;21,25;21,1875;509;202;0;0,0
2012;2023.05.15 10:30;4;21;21,25;21,25;509;202;0;0,0
2013;2023.05.15 10:45;4;21,0625;21,25;21,3125;509;202;0;0,0
2014;2023.05.15 11:00;4;21,125;21,25;21,125;503;202;0;0,0
2015;2023.05.15 11:15;4;21,125;21,25;21;503;202;0;0,0
2016;2023.05.15 11:30;4;21,125;21,25;21;502;202;0;0,0
2017;2023.05.15 11:45;4;21,125;21,25;21;502;202;0;0,0
2018;2023.05.15 12:00;4;21,125;21,25;21;503;202;0;0,0
2019;2023.05.15 12:15;4;21,125;21,25;21;503;202;0;0,0
2020;2023.05.15 12:30;4;21,125;21,25;21;503;202;0;0,0
2021;2023.05.15 12:45;4;21,125;21,25;21;503;202;0;0,0
2022;2023.05.15 13:00;4;21,125;21,25;21;503;202;0;0,0
2023;2023.05.15 13:15;4;21,25;21,25;21,125;503;202;0;0,0
2024;2023.05.15 13:30;4;21,3125;21,25;20,625;503;202;0;0,0
2025;2023.05.15 13:45;4;21,375;21,25;20,0625;503;202;0;0,0
2026;2023.05.15 14:00;4;21,25;21,125;19,6875;499;202;0;0,0
2027;2023.05.15 14:15;4;21,25;21;19,4375;501;202;0;0,0
2028;2023.05.15 14:30;4;21,625;21,125;19,75;503;202;0;0,0
2029;2023.05.15 14:45;4;22,125;21,5;20,375;505;202;0;0,0
2030;2023.05.15 15:00;4;22,375;21,75;20,9375;507;202;0;0,0
2031;2023.05.15 15:15;4;23,1875;22,25;21,625;511;202;0;0,0
2032;2023.05.15 15:30;4;23,875;22,8125;22,25;514;202;0;0,0
2033;2023.05.15 15:45;4;23,625;23;22,625;511;202;0;0,0
2034;2023.05.15 16:00;4;23,0625;22,75;22,25;508;202;0;0,0
2035;2023.05.15 16:15;4;22,5;22,375;21,75;507;202;0;0,0
2036;2023.05.15 16:30;4;22,1875;22,125;21,25;506;202;0;0,0
2037;2023.05.15 16:45;4;21,875;21,875;20,8125;502;202;0;0,0
2038;2023.05.15 17:00;4;21,5;21,5625;20,4375;500;202;0;0,0
2039;2023.05.15 17:15;4;21,25;21,375;20,1875;499;202;0;0,0
2040;2023.05.15 17:30;4;21,125;21,25;20,0625;499;202;0;0,0
2041;2023.05.15 17:45;4;21,125;21,125;20,0625;499;202;0;0,0
2042;2023.05.15 18:00;4;21,0625;21,125;20,125;499;202;0;0,0
2043;2023.05.15 18:15;4;21;21;20,25;498;202;0;0,0
2044;2023.05.15 18:30;4;20,875;20,9375;20,25;498;202;0;0,0
2045;2023.05.15 18:45;4;20,75;20,875;20,25;497;202;0;0,0
2046;2023.05.15 19:00;4;20,4375;20,625;20;495;202;0;0,0
2047;2023.05.15 19:15;4;20,125;20,25;19,625;493;202;0;0,0
2048;2023.05.15 19:30;4;19,75;20;19,25;492;202;0;0,0
2049;2023.05.15 19:45;4;19,3125;19,625;18,8125;490;202;0;0,0
2050;2023.05.15 20:00;4;18,875;19,25;18,375;488;202;0;0,0
2051;2023.05.15 20:15;4;18,375;18,75;17,875;485;202;0;0,0
2052;2023.05.15 20:30;4;17,9375;18,3125;17,375;483;202;0;0,0
2053;2023.05.15 20:45;4;17,4375;17,875;16,75;480;202;0;0,0
2054;2023.05.15 21:00;4;16,875;17,375;16,25;478;202;0;0,0
2055;2023.05.15 21:15;4;16,375;16,8125;15,625;475;202;0;0,0
2056;2023.05.15 21:30;4;15,875;16,25;15,125;473;202;0;0,0
2057;2023.05.15 21:45;4;15,375;15,75;14,5;470;202;0;0,0
2058;2023.05.15 22:00;4;14,8125;15,25;13,9375;467;202;0;0,0
2059;2023.05.15 22:15;4;14,25;14,75;13,375;465;202;0;0,0
2060;2023.05.15 22:30;4;13,75;14,1875;12,875;462;202;0;0,0
2061;2023.05.15 22:45;4;13,25;13,6875;12,375;460;202;0;0,0
2062;2023.05.15 23:00;4;12,75;13,125;11,875;457;202;0;0,0
2063;2023.05.15 23:15;4;12,25;12,625;11,375;455;202;0;0,0
2064;2023.05.15 23:30;4;11,75;12,125;10,875;452;202;0;0,0
2065;2023.05.15 23:45;4;11,25;11,625;10,375;450;202;0;0,0
2066;2023.05.16 00:00;4;10,75;11,125;9,875;447;202;0;0,0
2067;2023.05.16 00:15;4;10,25;10,6875;9,375;445;202;0;0,0
2068;2023.05.16 00:30;4;9,8125;10,25;8,9375;443;202;0;0,0
2069;2023.05.16 00:45;4;9,375;9,75;8,5;441;202;0;0,0
2070;2023.05.16 01:00;4;8,9375;9,375;8,0625;438;202;0;0,0
2071;2023.05.16 01:15;4;8,5;8,875;7,6875;436;202;0;0,0
2072;2023.05.16 01:30;4;8,125;8,5;7,25;434;202;0;0,0
2073;2023.05.16 01:45;4;7,75;8,125;6,9375;433;202;0;0,0
2074;2023.05.16 02:00;4;7,375;7,75;6,625;431;202;0;0,0
2075;2023.05.16 02:15;4;7,0625;7,4375;6,375;429;202;0;0,0
2076;2023.05.16 02:30;4;6,75;7,125;6,0625;428;202;0;0,0
2077;2023.05.16 02:45;4;6,5;6,875;5,875;427;202;0;0,0
2078;2023.05.16 03:00;4;6,1875;6,5625;5,625;425;202;0;0,0
2079;2023.05.16 03:15;4;5,9375;6,25;5,375;424;202;0;0,0
2080;2023.05.16 03:30;4;5,6875;6;5,125;423;202;0;0,0
2081;2023.05.16 03:45;4;5,5;5,8125;4,9375;422;202;0;0,0
2082;2023.05.16 04:00;4;5,25;5,625;4,8125;421;202;0;0,0
2083;2023.05.16 04:15;4;5,125;5,5;4,75;420;202;0;0,0
2084;2023.05.16 04:30;4;5,0625;5,375;4,625;420;202;0;0,0
2085;2023.05.16 04:45;4;5;5,3125;4,625;420;202;0;0,0
2086;2023.05.16 05:00;4;5;5,25;4,6875;420;202;0;0,0
2087;2023.05.16 05:15;4;5;5,25;4,75;420;202;0;0,0
2088;2023.05.16 05:30;4;5,0625;5,25;4,875;420;202;0;0,0
2089;2023.05.16 05:45;4;5,1875;5,375;5;421;202;0;0,0
2090;2023.05.16 06:00;4;5,3125;5,4375;5,125;421;202;0;0,0
2091;2023.05.16 06:15;4;5,5;5,5625;5,25;422;202;0;0,0
2092;2023.05.16 06:30;4;5,6875;5,75;5,5;423;202;0;0,0
2093;2023.05.16 06:45;4;6;5,9375;5,75;425;202;0;0,0
2094;2023.05.16 07:00;4;6,375;6,1875;6;426;202;0;0,0
2095;2023.05.16 07:15;4;6,6875;6,5;6,375;428;202;0;0,0
2096;2023.05.16 07:30;4;7,1875;6,875;7,5;432;202;0;0,0
2097;2023.05.16 07:45;4;7,375;7,25;8,375;433;202;0;0,0
2098;2023.05.16 08:00;4;7,875;7,8125;9,25;433;202;0;0,0
2099;2023.05.16 08:15;4;8,3125;8,4375;9,875;441;202;0;0,0
2100;2023.05.16 08:30;4;8,625;8,875;10,25;447;202;0;0,0
2101;2023.05.16 08:45;4;9;9,1875;10,75;451;202;0;0,0
2102;2023.05.16 09:00;4;9,3125;9,5;11,25;454;202;0;0,0
2103;2023.05.16 09:15;4;9,8125;10;11,625;452;202;0;0,0
2104;2023.05.16 09:30;4;10,125;10,375;11,6875;452;202;0;0,0
2105;2023.05.16 09:45;4;10,5625;10,75;11,75;456;202;0;0,0
2106;2023.05.16 10:00;4;10,9375;11,125;12,0625;457;202;0;0,0
2107;2023.05.16 10:15;4;11,25;11,5;12,25;463;202;0;0,0
2108;2023.05.16 10:30;4;11,375;11,6875;12;464;202;0;0,0
2109;2023.05.16 10:45;4;11,5;11,875;12,125;465;202;0;0,0
2110;2023.05.16 11:00;4;11,75;12,125;12,875;468;202;0;0,0
2111;2023.05.16 11:15;4;12,125;12,5;13,5625;470;202;0;0,0
2112;2023.05.16 11:30;4;12,5;12,75;13,875;472;202;0;0,0
2113;2023.05.16 11:45;4;12,8125;13,125;14,0625;474;202;0;0,0
2114;2023.05.16 12:00;4;13,0625;13,375;14,25;475;202;0;0,0
2115;2023.05.16 12:15;4;13,25;13,625;14,5;476;202;0;0,0
2116;2023.05.16 12:30;4;13,5;13,875;14,625;479;202;0;0,0
2117;2023.05.16 12:45;4;13,875;14,25;15;479;202;0;0,0
2118;2023.05.16 13:00;4;14;14,25;14,5;481;202;0;0,0
2119;2023.05.16 13:15;4;14;14,375;14,4375;481;202;0;0,0
2120;2023.05.16 13:30;4;14;14,375;14,125;481;202;0;0,0
2121;2023.05.16 13:45;4;14,75;14,625;14,5;333;202;0;0,0
2122;2023.05.16 14:00;4;9,8125;13,4375;14,125;3248;202;0;51,2
2123;2023.05.16 14:15;4;9,6875;12,75;13,5;3251;202;0;51,2
2124;2023.05.16 14:30;4;9,625;12,75;13,625;3252;202;0;51,2
2125;2023.05.16 14:45;4;9,625;12,625;13,625;3254;202;0;51,2
2126;2023.05.16 15:00;4;9,625;12,375;13;3255;202;0;51,3
2127;2023.05.16 15:15;4;9,6875;13,375;14,9375;3256;202;0;51,3
2128;2023.05.16 15:30;4;9,6875;14,0625;15,5;3258;202;0;51,3
2129;2023.05.16 15:45;4;9,75;13,125;13,75;3258;202;0;51,3
2130;2023.05.16 16:00;4;9,75;12,6875;13,25;3259;202;0;51,3
2131;2023.05.16 16:15;4;9,75;12,625;13,25;3260;202;0;51,3
2132;2023.05.16 16:30;4;9,75;12,375;12,875;3260;202;0;51,3
2133;2023.05.16 16:45;4;9,75;12,25;12,875;3261;202;0;51,4
2134;2023.05.16 17:00;4;9,8125;12,625;13,875;3262;202;0;51,4
2135;2023.05.16 17:15;4;9,875;12,3125;12,875;3262;202;0;51,4
2136;2023.05.16 17:30;4;9,875;11,75;11,8125;3262;202;0;51,4
2137;2023.05.16 17:45;4;9,875;11,5;11,625;3263;202;0;51,4
2138;2023.05.16 18:00;4;9,875;11,375;11,5;3263;202;0;51,4
2139;2023.05.16 18:15;4;9,875;11,0625;11,0625;3264;202;0;51,4
2140;2023.05.16 18:30;4;9,875;10,875;10,875;3265;202;0;51,4
2141;2023.05.16 18:45;4;9,875;10,875;11;3265;202;0;51,4
2142;2023.05.16 19:00;4;9,9375;10,875;10,875;3266;202;0;51,4
2143;2023.05.16 19:15;4;9,9375;10,875;10,875;3266;202;0;51,4
2144;2023.05.16 19:30;4;9,9375;10,625;10,5;3267;202;0;51,5
2145;2023.05.16 19:45;4;9,9375;10,25;9,75;3267;202;0;51,5
2146;2023.05.16 20:00;4;9,9375;10;9,125;3268;202;0;51,5
2147;2023.05.16 20:15;4;9,9375;9,6875;8,625;3270;202;0;51,5
2148;2023.05.16 20:30;4;9,9375;9,5;8,375;3268;202;0;51,5
2149;2023.05.16 20:45;4;9,9375;9,125;7,625;3269;202;0;51,5
2150;2023.05.16 21:00;4;9,9375;8,875;7,25;3270;202;0;51,5
2151;2023.05.16 21:15;4;9,9375;8,75;7,125;3270;202;0;51,5
2152;2023.05.16 21:30;4;9,875;8,75;7,25;3272;202;0;51,5
2153;2023.05.16 21:45;4;9,875;8,625;7;3272;202;0;51,5
2154;2023.05.16 22:00;4;9,875;8,5;6,875;3273;202;0;51,6
2155;2023.05.16 22:15;4;9,875;8,5;6,875;3274;202;0;51,6
2156;2023.05.16 22:30;4;9,875;8,5;6,875;3274;202;0;51,6
2157;2023.05.16 22:45;4;9,875;8,375;6,625;3275;202;0;51,6
2158;2023.05.16 23:00;4;9,8125;8,25;6,4375;3275;202;0;51,6
2159;2023.05.16 23:15;4;9,8125;8,1875;6,5;3276;202;0;51,6
2160;2023.05.16 23:30;4;9,75;8,125;6,4375;3277;202;0;51,6
2161;2023.05.16 23:45;4;9,75;8,125;6,4375;3277;202;0;51,6
2162;2023.05.17 00:00;4;9,75;8,125;6,625;3278;202;0;51,6
2163;2023.05.17 00:15;4;9,75;8;6,375;3278;202;0;51,6
2164;2023.05.17 00:30;4;9,6875;8,0625;6,625;3279;202;0;51,7
2165;2023.05.17 00:45;4;9,6875;8,125;6,875;3280;202;0;51,7
2166;2023.05.17 01:00;4;9,625;8;6,375;3280;202;0;51,7
2167;2023.05.17 01:15;4;9,625;7,75;5,75;3281;202;0;51,7
2168;2023.05.17 01:30;4;9,625;7,625;5,625;3281;202;0;51,7
2169;2023.05.17 01:45;4;9,625;7,5;5,5;3282;202;0;51,7
2170;2023.05.17 02:00;4;9,625;7,5;5,375;3281;202;0;51,7
2171;2023.05.17 02:15;4;9,5625;7,4375;5,5;3280;202;0;51,7
2172;2023.05.17 02:30;4;9,5;7,4375;5,5;3280;202;0;51,7
2173;2023.05.17 02:45;4;9,5;7,375;5,5625;3281;202;0;51,7
2174;2023.05.17 03:00;4;9,5;7,25;5,3125;3283;202;0;51,7
2175;2023.05.17 03:15;4;9,5;7,125;5;3283;202;0;51,7
2176;2023.05.17 03:30;4;9,5;7;4,9375;3284;202;0;51,7
2177;2023.05.17 03:45;4;9,4375;7;4,8125;3284;202;0;51,7
2178;2023.05.17 04:00;4;9,375;6,875;4,625;3285;202;0;51,8
2179;2023.05.17 04:15;4;9,375;6,8125;4,625;3285;202;0;51,8
2180;2023.05.17 04:30;4;9,375;6,875;4,875;3285;202;0;51,8
2181;2023.05.17 04:45;4;9,375;7,25;6;3286;202;0;51,8
2182;2023.05.17 05:00;4;9,3125;7,5;6,4375;3287;202;0;51,8
2183;2023.05.17 05:15;4;9,3125;7,8125;7,0625;3287;202;0;51,8
2184;2023.05.17 05:30;4;9,25;8,1875;7,5;3288;202;0;51,8
2185;2023.05.17 05:45;4;9,25;8,5;8;3288;202;0;51,8
2186;2023.05.17 06:00;4;9,25;8,75;8,5;3289;202;0;51,8
2187;2023.05.17 06:15;4;9,25;9;8,75;3289;202;0;51,8
2188;2023.05.17 06:30;4;9,25;9,125;9;3290;202;0;51,8
2189;2023.05.17 06:45;4;9,25;9,375;9,3125;3290;202;0;51,8
2190;2023.05.17 07:00;4;9,1875;9,5;9,625;3290;202;0;51,8
2191;2023.05.17 07:15;4;9,1875;9,75;10;3291;202;0;51,8
2192;2023.05.17 07:30;4;9,1875;10,125;10,625;3291;202;0;51,8
2193;2023.05.17 07:45;4;9,1875;10,375;11,125;3291;202;0;51,8
2194;2023.05.17 08:00;4;9,1875;10,5;11,125;3291;202;0;51,8
2195;2023.05.17 08:15;4;9,1875;11,1875;12,5;3292;202;0;51,9
2196;2023.05.17 08:30;4;9,1875;11,8125;13,25;3292;202;0;51,9
2197;2023.05.17 08:45;4;9,1875;12;13,3125;3292;202;0;51,9
2198;2023.05.17 09:00;4;9,1875;12;13,375;3292;202;0;51,9
2199;2023.05.17 09:15;4;9,25;12,1875;13,625;3292;202;0;51,9
2200;2023.05.17 09:30;4;9,25;12,125;13,4375;3292;202;0;51,9
2201;2023.05.17 09:45;4;9,25;12,875;14,625;3292;202;0;51,9
2202;2023.05.17 10:00;4;9,25;13,25;15;3292;202;0;51,9
2203;2023.05.17 10:15;4;9,25;13,3125;15,125;3292;202;0;51,9
2204;2023.05.17 10:30;4;9,3125;13,875;16,5625;3292;202;0;51,9
2205;2023.05.17 10:45;4;9,375;14;16,375;3291;202;0;51,8
2206;2023.05.17 11:00;4;9,375;14,25;16,625;3291;202;0;51,8
2207;2023.05.17 11:15;4;9,375;15,1875;17,9375;3291;202;0;51,8
2208;2023.05.17 11:30;4;9,4375;16;18,9375;3291;202;0;51,8
2209;2023.05.17 11:45;4;9,5;15,8125;17,75;3290;202;0;51,8
2210;2023.05.17 12:00;4;9,5;15,125;16,625;3289;202;0;51,8
2211;2023.05.17 12:15;4;9,5;15,25;17,125;3289;202;0;51,8
2212;2023.05.17 12:30;4;9,625;15,375;17,5;3288;202;0;51,8
2213;2023.05.17 12:45;4;9,625;16,125;18,4375;3289;202;0;51,8
2214;2023.05.17 13:00;4;9,6875;16,0625;18,5;3288;202;0;51,8
2215;2023.05.17 13:15;4;9,75;17,75;19,6875;3289;202;0;51,8
2216;2023.05.17 13:30;4;9,75;18,125;19,875;3289;202;0;51,8
2217;2023.05.17 13:45;4;9,8125;19,375;20,875;3289;202;0;51,8
2218;2023.05.17 14:00;4;9,875;18,875;20,375;3289;202;0;51,8
2219;2023.05.17 14:15;4;9,9375;18,25;19,25;3289;202;0;51,8
2220;2023.05.17 14:30;4;10;18;18,75;3287;202;0;51,8
2221;2023.05.17 14:45;4;10,0625;18,125;19;3288;202;0;51,8
2222;2023.05.17 15:00;4;10,125;17,1875;17,75;3287;202;0;51,8
2223;2023.05.17 15:15;4;10,25;16,25;16,5625;3288;202;0;51,8
2224;2023.05.17 15:30;4;10,25;15,75;15,9375;3287;202;0;51,8
2225;2023.05.17 15:45;4;10,375;15;15;3286;202;0;51,8
2226;2023.05.17 16:00;4;10,375;14,625;14,8125;3286;202;0;51,8
2227;2023.05.17 16:15;4;10,5;14,3125;14,375;3285;202;0;51,8
2228;2023.05.17 16:30;4;10,5;14,0625;14,0625;3285;202;0;51,8
2229;2023.05.17 16:45;4;10,5625;13,625;13,5;3284;202;0;51,7
2230;2023.05.17 17:00;4;10,625;13,375;13,125;3284;202;0;51,7
2231;2023.05.17 17:15;4;10,625;13,1875;13;3284;202;0;51,7
2232;2023.05.17 17:30;4;10,625;13;12,9375;3284;202;0;51,7
2233;2023.05.17 17:45;4;10,6875;12,875;12,75;3284;202;0;51,7
2234;2023.05.17 18:00;4;10,6875;12,6875;12,5;3284;202;0;51,7
2235;2023.05.17 18:15;4;10,6875;12,5;12,25;3284;202;0;51,7
2236;2023.05.17 18:30;4;10,75;12,25;11,9375;3284;202;0;51,7
2237;2023.05.17 18:45;4;10,75;12,0625;11,625;3284;202;0;51,7
2238;2023.05.17 19:00;4;10,75;11,875;11,375;3284;202;0;51,7
2239;2023.05.17 19:15;4;10,75;11,75;11,125;3284;202;0;51,7
2240;2023.05.17 19:30;4;10,75;11,5;10,6875;3284;202;0;51,7
2241;2023.05.17 19:45;4;10,75;11,1875;10,1875;3284;202;0;51,7
2242;2023.05.17 20:00;4;10,75;11;10;3284;202;0;51,7
2243;2023.05.17 20:15;4;10,75;10,8125;9,6875;3285;202;0;51,8
2244;2023.05.17 20:30;4;10,75;10,625;9,3125;3284;202;0;51,7
2245;2023.05.17 20:45;4;10,6875;10,5;9,25;3285;202;0;51,8
2246;2023.05.17 21:00;4;10,6875;10,375;9,25;3285;202;0;51,8
2247;2023.05.17 21:15;4;10,625;10,25;9;3285;202;0;51,8
2248;2023.05.17 21:30;4;10,625;10,125;8,75;3285;202;0;51,8
2249;2023.05.17 21:45;4;10,625;10;8,5;3286;202;0;51,8
2250;2023.05.17 22:00;4;10,625;9,8125;8,25;3286;202;0;51,8
2251;2023.05.17 22:15;4;10,625;9,75;8,25;3286;202;0;51,8
2252;2023.05.17 22:30;4;10,625;9,75;8,375;3286;202;0;51,8
2253;2023.05.17 22:45;4;10,5625;9,75;8,3125;3287;202;0;51,8
2254;2023.05.17 23:00;4;10,5;9,5625;8,125;3287;202;0;51,8
2255;2023.05.17 23:15;4;10,5;9,5;8;3287;202;0;51,8
2256;2023.05.17 23:30;4;10,5;9,375;7,875;3288;202;0;51,8
2257;2023.05.17 23:45;4;10,5;9,375;7,875;3288;202;0;51,8
2258;2023.05.18 00:00;4;10,5;9,4375;8,0625;3288;202;0;51,8
2259;2023.05.18 00:15;4;10,4375;9,4375;8,125;3288;202;0;51,8
2260;2023.05.18 00:30;4;10,375;9,4375;8,125;3288;202;0;51,8
2261;2023.05.18 00:45;4;10,375;9,5;8,25;3288;202;0;51,8
2262;2023.05.18 01:00;4;10,375;9,5;8,25;3289;202;0;51,8
2263;2023.05.18 01:15;4;10,375;9,4375;8,25;3289;202;0;51,8
2264;2023.05.18 01:30;4;10,3125;9,375;8,125;3289;202;0;51,8
2265;2023.05.18 01:45;4;10,3125;9,25;7,875;3289;202;0;51,8
2266;2023.05.18 02:00;4;10,25;9,125;7,75;3289;202;0;51,8
2267;2023.05.18 02:15;4;10,25;9,125;7,625;3290;202;0;51,8
2268;2023.05.18 02:30;4;10,25;9,125;7,75;3290;202;0;51,8
2269;2023.05.18 02:45;4;10,25;9,125;7,75;3290;202;0;51,8
2270;2023.05.18 03:00;4;10,1875;9,125;7,8125;3290;202;0;51,8
2271;2023.05.18 03:15;4;10,1875;9,125;7,875;3291;202;0;51,8
2272;2023.05.18 03:30;4;10,125;9,125;7,875;3291;202;0;51,8
2273;2023.05.18 03:45;4;10,125;9,125;8;3291;202;0;51,8
2274;2023.05.18 04:00;4;10,125;9,125;8;3292;202;0;51,9
2275;2023.05.18 04:15;4;10,125;9,125;8;3292;202;0;51,9
2276;2023.05.18 04:30;4;10,0625;9,1875;8,125;3292;202;0;51,9
2277;2023.05.18 04:45;4;10,0625;9,3125;8,375;3292;202;0;51,9
2278;2023.05.18 05:00;4;10;9,5;8,8125;3293;202;0;51,9
2279;2023.05.18 05:15;4;10;9,6875;9,1875;3293;202;0;51,9
2280;2023.05.18 05:30;4;10;9,875;9,625;3294;202;0;51,9
2281;2023.05.18 05:45;4;10;10;9,75;3294;202;0;51,9
2282;2023.05.18 06:00;4;10;10,1875;10,125;3294;202;0;51,9
2283;2023.05.18 06:15;4;10;10,375;10,375;3294;202;0;51,9
2284;2023.05.18 06:30;4;9,9375;10,5;10,6875;3295;202;0;51,9
2285;2023.05.18 06:45;4;9,9375;10,6875;11;3295;202;0;51,9
2286;2023.05.18 07:00;4;9,9375;11;11,5625;3295;202;0;51,9
2287;2023.05.18 07:15;4;9,875;11,375;12,25;3295;202;0;51,9
2288;2023.05.18 07:30;4;9,875;11,625;12,5625;3296;202;0;51,9
2289;2023.05.18 07:45;4;9,875;12,375;13,9375;3296;202;0;51,9
2290;2023.05.18 08:00;4;9,875;12,625;14,125;3296;202;0;51,9
2291;2023.05.18 08:15;4;9,875;12,8125;14,1875;3296;202;0;51,9
2292;2023.05.18 08:30;4;9,875;13,125;14,6875;3296;202;0;51,9
2293;2023.05.18 08:45;4;9,9375;13,1875;14,6875;3296;202;0;51,9
2294;2023.05.18 09:00;4;9,9375;13,5625;15,25;3296;202;0;51,9
2295;2023.05.18 09:15;4;9,9375;13,75;15,375;3296;202;0;51,9
2296;2023.05.18 09:30;4;10;13,875;15,5;3295;202;0;51,9
2297;2023.05.18 09:45;4;10;13,875;15,375;3295;202;0;51,9
2298;2023.05.18 10:00;4;10;14,125;15,75;3295;202;0;51,9
2299;2023.05.18 10:15;4;10;14;15,375;3294;202;0;51,9
2300;2023.05.18 10:30;4;10;14,125;15,25;3294;202;0;51,9
2301;2023.05.18 10:45;4;10,0625;14,25;15,375;3293;202;0;51,9
2302;2023.05.18 11:00;4;10,125;14;14,75;3293;202;0;51,9
2303;2023.05.18 11:15;4;10,125;14,5;15,875;3292;202;0;51,9
2304;2023.05.18 11:30;4;10,125;14,9375;16,1875;3292;202;0;51,9
2305;2023.05.18 11:45;4;10,125;15;16,0625;3292;202;0;51,9
2306;2023.05.18 12:00;4;10,1875;14,875;15,75;3292;202;0;51,9
2307;2023.05.18 12:15;4;10,25;14,875;15,75;3291;202;0;51,8
2308;2023.05.18 12:30;4;10,25;15,125;16,3125;3291;202;0;51,8
2309;2023.05.18 12:45;4;10,25;15,5;16,8125;3291;202;0;51,8
2310;2023.05.18 13:00;4;10,3125;16,125;17,4375;3292;202;0;51,9
2311;2023.05.18 13:15;4;10,375;16,5;17,6875;3292;202;0;51,9
2312;2023.05.18 13:30;4;10,375;16,125;17;3291;202;0;51,8
2313;2023.05.18 13:45;4;10,375;16,5;17,5;3292;202;0;51,9
2314;2023.05.18 14:00;4;10,4375;17;18,3125;3292;202;0;51,9
2315;2023.05.18 14:15;4;10,5;16,5;17,25;3291;202;0;51,8
2316;2023.05.18 14:30;4;10,5;15,75;16;3291;202;0;51,8
2317;2023.05.18 14:45;4;10,5625;15,25;15,3125;3290;202;0;51,8
2318;2023.05.18 15:00;4;10,625;14,625;14,625;3290;202;0;51,8
2319;2023.05.18 15:15;4;10,625;14,375;14,4375;3290;202;0;51,8
2320;2023.05.18 15:30;4;10,625;14,25;14,25;3290;202;0;51,8
2321;2023.05.18 15:45;4;10,6875;14,125;14,125;3290;202;0;51,8
2322;2023.05.18 16:00;4;10,75;14,0625;14,125;3290;202;0;51,8
2323;2023.05.18 16:15;4;10,75;14;14;3290;202;0;51,8
2324;2023.05.18 16:30;4;10,75;13,875;13,9375;3289;202;0;51,8
2325;2023.05.18 16:45;4;10,8125;13,75;13,75;3289;202;0;51,8
2326;2023.05.18 17:00;4;10,8125;13,6875;13,75;3289;202;0;51,8
2327;2023.05.18 17:15;4;10,875;13,5;13,5;3289;202;0;51,8
2328;2023.05.18 17:30;4;10,875;13,25;13,25;3289;202;0;51,8
2329;2023.05.18 17:45;4;10,875;13,125;13,125;3289;202;0;51,8
2330;2023.05.18 18:00;4;10,875;12,875;12,625;3289;202;0;51,8
2331;2023.05.18 18:15;4;10,875;12,625;12,3125;3289;202;0;51,8
2332;2023.05.18 18:30;4;10,875;12,4375;12,0625;3289;202;0;51,8
2333;2023.05.18 18:45;4;10,875;12,25;11,75;3289;202;0;51,8
2334;2023.05.18 19:00;4;10,875;12;11,5;3289;202;0;51,8
2335;2023.05.18 19:15;4;10,875;11,75;11,125;3289;202;0;51,8
2336;2023.05.18 19:30;4;10,875;11,5625;10,75;3289;202;0;51,8
2337;2023.05.18 19:45;4;10,875;11,375;10,5;3289;202;0;51,8
2338;2023.05.18 20:00;4;10,875;11,125;10,3125;3289;202;0;51,8
2339;2023.05.18 20:15;4;10,875;11;10,125;3289;202;0;51,8
2340;2023.05.18 20:30;4;10,875;10,75;9,625;3289;202;0;51,8
2341;2023.05.18 20:45;4;10,875;10,25;8,5625;3289;202;0;51,8
2342;2023.05.18 21:00;4;10,875;9,75;7,8125;3285;202;0;51,8
2343;2023.05.18 21:15;4;10,875;9,4375;7,25;3284;202;0;51,7
2344;2023.05.18 21:30;4;10,8125;9,25;7,0625;3284;202;0;51,7
2345;2023.05.18 21:45;4;10,75;9,25;7,375;3284;202;0;51,7
2346;2023.05.18 22:00;4;10,75;9,5;7,875;3285;202;0;51,8
2347;2023.05.18 22:15;4;10,75;9,625;8,1875;3285;202;0;51,8
2348;2023.05.18 22:30;4;10,75;9,6875;8,3125;3286;202;0;51,8
2349;2023.05.18 22:45;4;10,75;9,75;8,5;3286;202;0;51,8
2350;2023.05.18 23:00;4;10,6875;9,875;8,75;3287;202;0;51,8
2351;2023.05.18 23:15;4;10,625;10;9;3287;202;0;51,8
2352;2023.05.18 23:30;4;10,625;10;9,125;3287;202;0;51,8
2353;2023.05.18 23:45;4;10,625;10,0625;9,125;3287;202;0;51,8
2354;2023.05.19 00:00;4;10,625;10,0625;9,125;3288;202;0;51,8
2355;2023.05.19 00:15;4;10,5625;10;9,125;3288;202;0;51,8
2356;2023.05.19 00:30;4;10,5;10;9,125;3288;202;0;51,8
2357;2023.05.19 00:45;4;10,5;10;9,0625;3288;202;0;51,8
2358;2023.05.19 01:00;4;10,5;10;9,125;3288;202;0;51,8
2359;2023.05.19 01:15;4;10,5;10;9,1875;3288;202;0;51,8
2360;2023.05.19 01:30;4;10,5;10,0625;9,25;3288;202;0;51,8
2361;2023.05.19 01:45;4;10,4375;10,125;9,3125;3289;202;0;51,8
2362;2023.05.19 02:00;4;10,4375;10,0625;9,25;3289;202;0;51,8
2363;2023.05.19 02:15;4;10,375;10;9,25;3289;202;0;51,8
2364;2023.05.19 02:30;4;10,375;10;9,1875;3289;202;0;51,8
2365;2023.05.19 02:45;4;10,375;10;9,1875;3289;202;0;51,8
2366;2023.05.19 03:00;4;10,375;10;9,25;3289;202;0;51,8
2367;2023.05.19 03:15;4;10,375;10;9,25;3290;202;0;51,8
2368;2023.05.19 03:30;4;10,375;10;9,1875;3290;202;0;51,8
2369;2023.05.19 03:45;4;10,3125;9,875;9;3290;202;0;51,8
2370;2023.05.19 04:00;4;10,25;9,6875;8,625;3290;202;0;51,8
2371;2023.05.19 04:15;4;10,25;9,5625;8,4375;3290;202;0;51,8
2372;2023.05.19 04:30;4;10,25;9,5;8,5;3290;202;0;51,8
2373;2023.05.19 04:45;4;10,25;9,375;8,3125;3290;202;0;51,8
2374;2023.05.19 05:00;4;10,25;9,3125;8,25;3291;202;0;51,8
2375;2023.05.19 05:15;4;10,25;9,25;8,25;3288;202;0;51,8
2376;2023.05.19 05:30;4;10,25;9,625;9;3286;202;0;51,8
2377;2023.05.19 05:45;4;10,1875;9,625;8,9375;3286;202;0;51,8
2378;2023.05.19 06:00;4;10,1875;9,875;9,5;3286;202;0;51,8
2379;2023.05.19 06:15;4;10,125;10,25;9,875;3287;202;0;51,8
2380;2023.05.19 06:30;4;10,125;10,3125;10,125;3287;202;0;51,8
2381;2023.05.19 06:45;4;10,125;10,5;10,5;3287;202;0;51,8
2382;2023.05.19 07:00;4;10,125;10,75;10,875;3287;202;0;51,8
2383;2023.05.19 07:15;4;10,125;10,75;10,875;3287;202;0;51,8
2384;2023.05.19 07:30;4;10,125;11,375;11,875;3287;202;0;51,8
2385;2023.05.19 07:45;4;10,125;11,375;11,6875;3287;202;0;51,8
2386;2023.05.19 08:00;4;10,125;11,25;11,3125;3287;202;0;51,8
2387;2023.05.19 08:15;4;10,125;12,125;13;3287;202;0;51,8
2388;2023.05.19 08:30;4;10,125;13;14,0625;3287;202;0;51,8
2389;2023.05.19 08:45;4;10,125;13;14,25;3287;202;0;51,8
2390;2023.05.19 09:00;4;10,125;13,125;14,75;3286;202;0;51,8
2391;2023.05.19 09:15;4;10,125;13,875;15,75;3286;202;0;51,8
2392;2023.05.19 09:30;4;10,125;14;15,5;3286;202;0;51,8
2393;2023.05.19 09:45;4;10,125;13,875;15;3284;202;0;51,7
2394;2023.05.19 10:00;4;10,125;13,6875;14,6875;3284;202;0;51,7
2395;2023.05.19 10:15;4;10,125;13,5;14,5625;3283;202;0;51,7
2396;2023.05.19 10:30;4;10,1875;14,125;15,625;3283;202;0;51,7
2397;2023.05.19 10:45;4;10,1875;14,125;15,375;3282;202;0;51,7
2398;2023.05.19 11:00;4;10,25;14;15,0625;3281;202;0;51,7
2399;2023.05.19 11:15;4;10,25;15;17,75;3281;202;0;51,7
2400;2023.05.19 11:30;4;10,25;16,375;19,375;3281;202;0;51,7
2401;2023.05.19 11:45;4;10,25;15,25;16,4375;3280;202;0;51,7
2402;2023.05.19 12:00;4;10,3125;16,125;18,8125;3280;202;0;51,7
2403;2023.05.19 12:15;4;10,375;16,5;18,9375;3280;202;0;51,7
2404;2023.05.19 12:30;4;10,375;16,6875;18,75;3280;202;0;51,7
2405;2023.05.19 12:45;4;10,375;16,5;18,3125;3279;202;0;51,7
2406;2023.05.19 13:00;4;10,4375;16,875;19,375;3279;202;0;51,7
2407;2023.05.19 13:15;4;10,5;16,5;18,125;3281;202;0;51,7
2408;2023.05.19 13:30;4;10,5;17,875;20,25;3279;202;0;51,7
2409;2023.05.19 13:45;4;10,5;16,8125;18;3278;202;0;51,6
2410;2023.05.19 14:00;4;10,625;17,25;19;3278;202;0;51,6
2411;2023.05.19 14:15;4;10,625;17,875;20,125;3279;202;0;51,7
2412;2023.05.19 14:30;4;10,625;18,625;20,75;3279;202;0;51,7
2413;2023.05.19 14:45;4;10,75;18,6875;19,9375;3279;202;0;51,7
2414;2023.05.19 15:00;4;10,75;17,375;18,5;3277;202;0;51,6
2415;2023.05.19 15:15;4;10,8125;16,75;17,75;3278;202;0;51,6
2416;2023.05.19 15:30;4;10,875;16,6875;18;3276;202;0;51,6
2417;2023.05.19 15:45;4;10,875;16,5;17,9375;3275;202;0;51,6
2418;2023.05.19 16:00;4;10,9375;15,75;16,75;3275;202;0;51,6
2419;2023.05.19 16:15;4;11;16,125;17,875;3275;202;0;51,6
2420;2023.05.19 16:30;4;11;15,5625;16,625;3274;202;0;51,6
2421;2023.05.19 16:45;4;11;15,25;16,875;3274;202;0;51,6
2422;2023.05.19 17:00;4;11,0625;15,75;17,875;3274;202;0;51,6
2423;2023.05.19 17:15;4;11,125;14,9375;15,75;3273;202;0;51,6
2424;2023.05.19 17:30;4;11,125;14,8125;16;3273;202;0;51,6
2425;2023.05.19 17:45;4;11,125;14,375;15;3272;202;0;51,5
2426;2023.05.19 18:00;4;11,125;14,125;14,625;3272;202;0;51,5
2427;2023.05.19 18:15;4;11,125;13,75;14,0625;3272;202;0;51,5
2428;2023.05.19 18:30;4;11,1875;13,625;13,875;3271;202;0;51,5
2429;2023.05.19 18:45;4;11,1875;13,375;13,625;3271;202;0;51,5
2430;2023.05.19 19:00;4;11,1875;13,125;13,0625;3271;202;0;51,5
2431;2023.05.19 19:15;4;11,25;12,75;12,5625;3270;202;0;51,5
2432;2023.05.19 19:30;4;11,25;12,3125;11,625;3270;202;0;51,5
2433;2023.05.19 19:45;4;11,25;11,875;11;3270;202;0;51,5
2434;2023.05.19 20:00;4;11,25;11,5;10,375;3270;202;0;51,5
2435;2023.05.19 20:15;4;11,25;11,25;10;3270;202;0;51,5
2436;2023.05.19 20:30;4;11,1875;11;9,625;3270;202;0;51,5
2437;2023.05.19 20:45;4;11,1875;10,75;9,25;3270;202;0;51,5
2438;2023.05.19 21:00;4;11,125;10,4375;8,75;3270;202;0;51,5
2439;2023.05.19 21:15;4;11,125;10,125;8,25;3270;202;0;51,5
2440;2023.05.19 21:30;4;11,125;9,875;7,8125;3270;202;0;51,5
2441;2023.05.19 21:45;4;11,125;9,625;7,5;3270;202;0;51,5
2442;2023.05.19 22:00;4;11,125;9,4375;7,25;3271;202;0;51,5
2443;2023.05.19 22:15;4;11,125;9,375;7,3125;3271;202;0;51,5
2444;2023.05.19 22:30;4;11,0625;9,375;7,4375;3271;202;0;51,5
2445;2023.05.19 22:45;4;11;9,4375;7,6875;3272;202;0;51,5
2446;2023.05.19 23:00;4;11;9,5;7,75;3272;202;0;51,5
2447;2023.05.19 23:15;4;11;9,375;7,625;3272;202;0;51,5
2448;2023.05.19 23:30;4;10,9375;9,3125;7,625;3273;202;0;51,6
2449;2023.05.19 23:45;4;10,875;9,25;7,375;3273;202;0;51,6
2450;2023.05.20 00:00;4;10,875;9,125;7,125;3273;202;0;51,6
2451;2023.05.20 00:15;4;10,875;9;7,125;3273;202;0;51,6
2452;2023.05.20 00:30;4;10,8125;9;7,125;3273;202;0;51,6
2453;2023.05.20 00:45;4;10,75;9;7,1875;3273;202;0;51,6
2454;2023.05.20 01:00;4;10,75;9;7,1875;3274;202;0;51,6
2455;2023.05.20 01:15;4;10,75;9;7,125;3274;202;0;51,6
2456;2023.05.20 01:30;4;10,75;9;7,125;3274;202;0;51,6
2457;2023.05.20 01:45;4;10,6875;8,9375;7,25;3274;202;0;51,6
2458;2023.05.20 02:00;4;10,625;8,9375;7,25;3274;202;0;51,6
2459;2023.05.20 02:15;4;10,625;8,9375;7,3125;3275;202;0;51,6
2460;2023.05.20 02:30;4;10,625;8,9375;7,25;3275;202;0;51,6
2461;2023.05.20 02:45;4;10,5625;8,875;7,25;3275;202;0;51,6
2462;2023.05.20 03:00;4;10,5625;8,875;7,1875;3275;202;0;51,6
2463;2023.05.20 03:15;4;10,5;8,75;7;3275;202;0;51,6
2464;2023.05.20 03:30;4;10,5;8,75;7;3275;202;0;51,6
2465;2023.05.20 03:45;4;10,5;8,625;6,875;3276;202;0;51,6
2466;2023.05.20 04:00;4;10,4375;8,625;6,8125;3276;202;0;51,6
2467;2023.05.20 04:15;4;10,4375;8,625;6,9375;3276;202;0;51,6
2468;2023.05.20 04:30;4;10,375;8,6875;7,125;3276;202;0;51,6
2469;2023.05.20 04:45;4;10,375;8,875;7,375;3276;202;0;51,6
2470;2023.05.20 05:00;4;10,375;9,0625;8;3277;202;0;51,6
2471;2023.05.20 05:15;4;10,3125;9,375;8,6875;3277;202;0;51,6
2472;2023.05.20 05:30;4;10,3125;9,75;9,1875;3277;202;0;51,6
2473;2023.05.20 05:45;4;10,25;10,0625;9,875;3277;202;0;51,6
2474;2023.05.20 06:00;4;10,25;10,1875;10;3277;202;0;51,6
2475;2023.05.20 06:15;4;10,25;10,125;9,9375;3277;202;0;51,6
2476;2023.05.20 06:30;4;10,25;10,5;11;3278;202;0;51,6
2477;2023.05.20 06:45;4;10,25;11,125;12,375;3278;202;0;51,6
2478;2023.05.20 07:00;4;10,1875;11,625;13,125;3278;202;0;51,6
2479;2023.05.20 07:15;4;10,1875;11,875;13,25;3277;202;0;51,6
2480;2023.05.20 07:30;4;10,1875;12,125;13,6875;3277;202;0;51,6
2481;2023.05.20 07:45;4;10,1875;12,875;14,625;3277;202;0;51,6
2482;2023.05.20 08:00;4;10,1875;13,625;16;3277;202;0;51,6
2483;2023.05.20 08:15;4;10,1875;14,125;16,5;3276;202;0;51,6
2484;2023.05.20 08:30;4;10,1875;14,75;16,9375;3276;202;0;51,6
2485;2023.05.20 08:45;4;10,25;14,5;16,9375;3275;202;0;51,6
2486;2023.05.20 09:00;4;10,25;14;15,875;3275;202;0;51,6
2487;2023.05.20 09:15;4;10,25;13,75;15,375;3274;202;0;51,6
2488;2023.05.20 09:30;4;10,25;15;17,375;3274;202;0;51,6
2489;2023.05.20 09:45;4;10,25;15;17,5;3274;202;0;51,6
2490;2023.05.20 10:00;4;10,25;15,25;18;3277;202;0;51,6
2491;2023.05.20 10:15;4;10,3125;15,5625;18,3125;3278;202;0;51,6
2492;2023.05.20 10:30;4;10,375;15,9375;19;3275;202;0;51,6
2493;2023.05.20 10:45;4;10,375;16,25;19,4375;3272;202;0;51,5
2494;2023.05.20 11:00;4;10,375;16,5;19,8125;3272;202;0;51,5
2495;2023.05.20 11:15;4;10,375;17,125;21,125;3271;202;0;51,5
2496;2023.05.20 11:30;4;10,4375;17,875;20,375;3271;202;0;51,5
2497;2023.05.20 11:45;4;10,5;15,75;16,3125;3270;202;0;51,5
2498;2023.05.20 12:00;4;10,5;15,125;16,0625;3269;202;0;51,5
2499;2023.05.20 12:15;4;10,5;16;17,875;3269;202;0;51,5
2500;2023.05.20 12:30;4;10,625;16,75;19,5;3269;202;0;51,5
2501;2023.05.20 12:45;4;10,625;18,4375;21,5;3270;202;0;51,5
2502;2023.05.20 13:00;4;10,625;18,6875;21,875;3270;202;0;51,5
2503;2023.05.20 13:15;4;10,6875;18,0625;19,625;3270;202;0;51,5
2504;2023.05.20 13:30;4;10,75;16,3125;17,125;3269;202;0;51,5
2505;2023.05.20 13:45;4;10,75;17,9375;20,125;3269;202;0;51,5
2506;2023.05.20 14:00;4;10,8125;17,9375;19,5625;3269;202;0;51,5
2507;2023.05.20 14:15;4;10,875;17,625;19,5;3268;202;0;51,5
2508;2023.05.20 14:30;4;10,875;18,5;20,25;3268;202;0;51,5
2509;2023.05.20 14:45;4;10,9375;19,5;21,0625;3269;202;0;51,5
2510;2023.05.20 15:00;4;11;18,875;20,4375;3269;202;0;51,5
2511;2023.05.20 15:15;4;11;18,4375;20,0625;3268;202;0;51,5
2512;2023.05.20 15:30;4;11,0625;17,375;18,5;3267;202;0;51,5
2513;2023.05.20 15:45;4;11,125;17,25;19,0625;3267;202;0;51,5
2514;2023.05.20 16:00;4;11,125;17,3125;19,5625;3266;202;0;51,4
2515;2023.05.20 16:15;4;11,25;17,5;19,875;3266;202;0;51,4
2516;2023.05.20 16:30;4;11,25;17,5;19,875;3266;202;0;51,4
2517;2023.05.20 16:45;4;11,25;17,625;20,375;3265;202;0;51,4
2518;2023.05.20 17:00;4;11,3125;16,9375;18,625;3265;202;0;51,4
2519;2023.05.20 17:15;4;11,375;16;16,8125;3264;202;0;51,4
2520;2023.05.20 17:30;4;11,375;15,3125;15,875;3263;202;0;51,4
2521;2023.05.20 17:45;4;11,375;14,75;15,25;3262;202;0;51,4
2522;2023.05.20 18:00;4;11,4375;14,375;14,6875;3262;202;0;51,4
2523;2023.05.20 18:15;4;11,5;14,0625;14,25;3262;202;0;51,4
2524;2023.05.20 18:30;4;11,5;13,8125;14;3261;202;0;51,4
2525;2023.05.20 18:45;4;11,5;13,625;13,9375;3261;202;0;51,4
2526;2023.05.20 19:00;4;11,5;13,5;13,5;3261;202;0;51,4
2527;2023.05.20 19:15;4;11,5;13,1875;12,9375;3261;202;0;51,4
2528;2023.05.20 19:30;4;11,5;12,9375;12,5;3261;202;0;51,4
2529;2023.05.20 19:45;4;11,5;12,625;12,0625;3260;202;0;51,3
2530;2023.05.20 20:00;4;11,5;12,375;11,625;3260;202;0;51,3
2531;2023.05.20 20:15;4;11,5;12,125;11,25;3260;202;0;51,3
2532;2023.05.20 20:30;4;11,5;11,875;10,875;3260;202;0;51,3
2533;2023.05.20 20:45;4;11,5;11,625;10,625;3260;202;0;51,3
2534;2023.05.20 21:00;4;11,5;11,5;10,375;3260;202;0;51,3
2535;2023.05.20 21:15;4;11,4375;11,3125;10,125;3260;202;0;51,3
2536;2023.05.20 21:30;4;11,4375;11,1875;10;3260;202;0;51,3
2537;2023.05.20 21:45;4;11,4375;11,125;9,9375;3261;202;0;51,4
2538;2023.05.20 22:00;4;11,375;11,125;10;3261;202;0;51,4
2539;2023.05.20 22:15;4;11,375;11,0625;10;3261;202;0;51,4
2540;2023.05.20 22:30;4;11,375;11,0625;10,0625;3261;202;0;51,4
2541;2023.05.20 22:45;4;11,375;11,125;10,1875;3261;202;0;51,4
2542;2023.05.20 23:00;4;11,3125;11,0625;10,125;3261;202;0;51,4
2543;2023.05.20 23:15;4;11,3125;10,9375;9,875;3262;202;0;51,4
2544;2023.05.20 23:30;4;11,25;10,875;9,75;3262;202;0;51,4
2545;2023.05.20 23:45;4;11,25;10,75;9,625;3262;202;0;51,4
2546;2023.05.21 00:00;4;11,25;10,75;9,5625;3262;202;0;51,4
2547;2023.05.21 00:15;4;11,25;10,625;9,4375;3262;202;0;51,4
2548;2023.05.21 00:30;4;11,1875;10,5625;9,375;3262;202;0;51,4
2549;2023.05.21 00:45;4;11,1875;10,5;9,25;3262;202;0;51,4
2550;2023.05.21 01:00;4;11,125;10,375;9,125;3262;202;0;51,4
2551;2023.05.21 01:15;4;11,125;10,3125;9;3263;202;0;51,4
2552;2023.05.21 01:30;4;11,125;10,1875;8,875;3263;202;0;51,4
2553;2023.05.21 01:45;4;11,125;10,1875;8,875;3263;202;0;51,4
2554;2023.05.21 02:00;4;11,0625;10,125;8,875;3263;202;0;51,4
2555;2023.05.21 02:15;4;11;10,125;8,8125;3263;202;0;51,4
2556;2023.05.21 02:30;4;11;10,125;8,875;3263;202;0;51,4
2557;2023.05.21 02:45;4;11;10,0625;8,8125;3263;202;0;51,4
2558;2023.05.21 03:00;4;11;10;8,75;3264;202;0;51,4
2559;2023.05.21 03:15;4;11;9,875;8,5;3264;202;0;51,4
2560;2023.05.21 03:30;4;10,9375;9,75;8,375;3264;202;0;51,4
2561;2023.05.21 03:45;4;10,875;9,625;8,1875;3264;202;0;51,4
2562;2023.05.21 04:00;4;10,875;9,5625;8;3264;202;0;51,4
2563;2023.05.21 04:15;4;10,875;9,4375;7,75;3264;202;0;51,4
2564;2023.05.21 04:30;4;10,875;9,375;7,8125;3264;202;0;51,4
2565;2023.05.21 04:45;4;10,8125;9,4375;7,9375;3264;202;0;51,4
2566;2023.05.21 05:00;4;10,8125;9,6875;8,5;3264;202;0;51,4
2567;2023.05.21 05:15;4;10,75;10;9,125;3265;202;0;51,4
2568;2023.05.21 05:30;4;10,75;10,25;9,75;3265;202;0;51,4
2569;2023.05.21 05:45;4;10,75;10,5625;10,3125;3265;202;0;51,4
2570;2023.05.21 06:00;4;10,75;10,875;10,75;3265;202;0;51,4
2571;2023.05.21 06:15;4;10,6875;11;11,0625;3265;202;0;51,4
2572;2023.05.21 06:30;4;10,6875;11,25;11,375;3265;202;0;51,4
2573;2023.05.21 06:45;4;10,625;11,375;11,5;3265;202;0;51,4
2574;2023.05.21 07:00;4;10,625;11,625;12,125;3266;202;0;51,4
2575;2023.05.21 07:15;4;10,625;11,875;12,5;3265;202;0;51,4
2576;2023.05.21 07:30;4;10,625;12,1875;13;3265;202;0;51,4
2577;2023.05.21 07:45;4;10,625;12,5;13,5;3264;202;0;51,4
2578;2023.05.21 08:00;4;10,625;12,75;13,8125;3264;202;0;51,4
2579;2023.05.21 08:15;4;10,625;12,875;14;3264;202;0;51,4
2580;2023.05.21 08:30;4;10,625;13,375;14,8125;3263;202;0;51,4
2581;2023.05.21 08:45;4;10,625;14;15,875;3263;202;0;51,4
2582;2023.05.21 09:00;4;10,625;14,375;16,375;3263;202;0;51,4
2583;2023.05.21 09:15;4;10,625;14,8125;16,875;3262;202;0;51,4
2584;2023.05.21 09:30;4;10,625;14,9375;16,875;3261;202;0;51,4
2585;2023.05.21 09:45;4;10,625;15,125;17,125;3261;202;0;51,4
2586;2023.05.21 10:00;4;10,625;15,5;17,5;3260;202;0;51,3
2587;2023.05.21 10:15;4;10,6875;15,625;17,5625;3259;202;0;51,3
2588;2023.05.21 10:30;4;10,75;15,875;18;3259;202;0;51,3
2589;2023.05.21 10:45;4;10,75;15,875;17,8125;3258;202;0;51,3
2590;2023.05.21 11:00;4;10,75;16,25;18,25;3258;202;0;51,3
2591;2023.05.21 11:15;4;10,75;16,625;18,9375;3257;202;0;51,3
2592;2023.05.21 11:30;4;10,8125;17,375;19,8125;3257;202;0;51,3
2593;2023.05.21 11:45;4;10,8125;17,9375;20,625;3257;202;0;51,3
2594;2023.05.21 12:00;4;10,875;17,375;19,1875;3257;202;0;51,3
2595;2023.05.21 12:15;4;10,875;16,625;18,125;3256;202;0;51,3
2596;2023.05.21 12:30;4;10,9375;16,125;17,5625;3255;202;0;51,3
2597;2023.05.21 12:45;4;11;16;17,75;3254;202;0;51,2
2598;2023.05.21 13:00;4;11;16,1875;18,1875;3254;202;0;51,2
2599;2023.05.21 13:15;4;11;15,75;17,25;3253;202;0;51,2
2600;2023.05.21 13:30;4;11,0625;15,625;17,125;3252;202;0;51,2
2601;2023.05.21 13:45;4;11,0625;16;17,6875;3252;202;0;51,2
2602;2023.05.21 14:00;4;11,125;16,375;18,3125;3252;202;0;51,2
2603;2023.05.21 14:15;4;11,125;16,625;18,5;3252;202;0;51,2
2604;2023.05.21 14:30;4;11,125;16,1875;17,5;3251;202;0;51,2
2605;2023.05.21 14:45;4;11,1875;15,625;16,6875;3251;202;0;51,2
2606;2023.05.21 15:00;4;11,1875;15,6875;17,125;3250;202;0;51,2
2607;2023.05.21 15:15;4;11,25;16,0625;17,625;3250;202;0;51,2
2608;2023.05.21 15:30;4;11,25;15,875;17,3125;3250;202;0;51,2
2609;2023.05.21 15:45;4;11,25;15,6875;17;3250;202;0;51,2
2610;2023.05.21 16:00;4;11,25;15,625;17;3249;202;0;51,2
2611;2023.05.21 16:15;4;11,3125;15,875;17,25;3249;202;0;51,2
2612;2023.05.21 16:30;4;11,3125;15,75;17,125;3248;202;0;51,2
2613;2023.05.21 16:45;4;11,375;15,25;16,25;3248;202;0;51,2
2614;2023.05.21 17:00;4;11,375;14,9375;15,9375;3247;202;0;51,1
2615;2023.05.21 17:15;4;11,375;14,8125;15,875;3247;202;0;51,1
2616;2023.05.21 17:30;4;11,375;14,8125;16;3247;202;0;51,1
2617;2023.05.21 17:45;4;11,375;14,75;15,9375;3247;202;0;51,1
2618;2023.05.21 18:00;4;11,375;14,75;16;3246;202;0;51,1
2619;2023.05.21 18:15;4;11,4375;14,6875;15,875;3246;202;0;51,1
2620;2023.05.21 18:30;4;11,4375;14,5625;15,625;3246;202;0;51,1
2621;2023.05.21 18:45;4;11,4375;14,5;15,5;3246;202;0;51,1
2622;2023.05.21 19:00;4;11,4375;14,125;14,875;3245;202;0;51,1
2623;2023.05.21 19:15;4;11,5;13,75;14;3245;202;0;51,1
2624;2023.05.21 19:30;4;11,5;13,25;13,1875;3245;202;0;51,1
2625;2023.05.21 19:45;4;11,5;12,9375;12,625;3244;202;0;51,1
2626;2023.05.21 20:00;4;11,5;12,75;12,375;3244;202;0;51,1
2627;2023.05.21 20:15;4;11,5;12,5;12;3244;202;0;51,1
2628;2023.05.21 20:30;4;11,5;12,375;11,8125;3244;202;0;51,1
2629;2023.05.21 20:45;4;11,5;12,25;11,875;3244;202;0;51,1
2630;2023.05.21 21:00;4;11,5;12,125;11,75;3244;202;0;51,1
2631;2023.05.21 21:15;4;11,5;11,9375;11,375;3244;202;0;51,1
2632;2023.05.21 21:30;4;11,4375;11,5;10,5;3244;202;0;51,1
2633;2023.05.21 21:45;4;11,4375;11,125;9,6875;3243;202;0;51,1
2634;2023.05.21 22:00;4;11,375;10,75;9,125;3243;202;0;51,1
2635;2023.05.21 22:15;4;11,375;10,5;8,75;3243;202;0;51,1
2636;2023.05.21 22:30;4;11,375;10,375;8,625;3243;202;0;51,1
2637;2023.05.21 22:45;4;11,375;10,125;8,375;3243;202;0;51,1
2638;2023.05.21 23:00;4;11,375;10;8,125;3243;202;0;51,1
2639;2023.05.21 23:15;4;11,375;9,875;7,875;3243;202;0;51,1
2640;2023.05.21 23:30;4;11,3125;9,625;7,625;3244;202;0;51,1
2641;2023.05.21 23:45;4;11,25;9,5625;7,5625;3244;202;0;51,1
2642;2023.05.22 00:00;4;11,25;9,5;7,5;3244;202;0;51,1
2643;2023.05.22 00:15;4;11,25;9,375;7,25;3245;202;0;51,1
2644;2023.05.22 00:30;4;11,1875;9,25;7,125;3245;202;0;51,1
2645;2023.05.22 00:45;4;11,1875;9,375;7,625;3245;202;0;51,1
2646;2023.05.22 01:00;4;11,125;9,625;8,125;3245;202;0;51,1
2647;2023.05.22 01:15;4;11,125;9,75;8,375;3246;202;0;51,1
2648;2023.05.22 01:30;4;11,125;9,75;8,4375;3245;202;0;51,1
2649;2023.05.22 01:45;4;11,0625;9,625;8,0625;3245;202;0;51,1
2650;2023.05.22 02:00;4;11;9,5;7,875;3245;202;0;51,1
2651;2023.05.22 02:15;4;11;9,4375;7,875;3246;202;0;51,1
2652;2023.05.22 02:30;4;11;9,25;7,375;3246;202;0;51,1
2653;2023.05.22 02:45;4;11;9;7;3246;202;0;51,1
2654;2023.05.22 03:00;4;10,9375;8,8125;6,75;3246;202;0;51,1
2655;2023.05.22 03:15;4;10,875;8,625;6,5;3246;202;0;51,1
2656;2023.05.22 03:30;4;10,875;8,625;6,4375;3246;202;0;51,1
2657;2023.05.22 03:45;4;10,875;8,75;6,8125;3247;202;0;51,1
2658;2023.05.22 04:00;4;10,8125;8,9375;7,3125;3247;202;0;51,1
2659;2023.05.22 04:15;4;10,75;8,875;7,125;3247;202;0;51,1
2660;2023.05.22 04:30;4;10,75;8,75;7;3247;202;0;51,1
2661;2023.05.22 04:45;4;10,75;9;7,375;3248;202;0;51,2
2662;2023.05.22 05:00;4;10,75;9,375;8,25;3248;202;0;51,2
2663;2023.05.22 05:15;4;10,6875;9,6875;8,9375;3249;202;0;51,2
2664;2023.05.22 05:30;4;10,625;10,25;10,1875;3249;202;0;51,2
2665;2023.05.22 05:45;4;10,625;10,5625;10,5;3249;202;0;51,2
2666;2023.05.22 06:00;4;10,625;10,8125;10,875;3249;202;0;51,2
2667;2023.05.22 06:15;4;10,625;11;11,25;3249;202;0;51,2
2668;2023.05.22 06:30;4;10,625;11;11;3249;202;0;51,2
2669;2023.05.22 06:45;4;10,5625;11,125;11,25;3249;202;0;51,2
2670;2023.05.22 07:00;4;10,5625;11,375;11,8125;3248;202;0;51,2
2671;2023.05.22 07:15;4;10,5625;11,6875;12,25;3248;202;0;51,2
2672;2023.05.22 07:30;4;10,5625;11,875;12,3125;3247;202;0;51,1
2673;2023.05.22 07:45;4;10,5;12,25;13;3247;202;0;51,1
2674;2023.05.22 08:00;4;10,5;12,5;13,5;3247;202;0;51,1
2675;2023.05.22 08:15;4;10,5;12,875;14;3246;202;0;51,1
2676;2023.05.22 08:30;4;10,5;13,8125;15,6875;3246;202;0;51,1
2677;2023.05.22 08:45;4;10,5;13,9375;15,625;3245;202;0;51,1
2678;2023.05.22 09:00;4;10,5625;14,125;15,75;3245;202;0;51,1
2679;2023.05.22 09:15;4;10,5625;14,4375;16,25;3244;202;0;51,1
2680;2023.05.22 09:30;4;10,5625;14,75;16,75;3244;202;0;51,1
2681;2023.05.22 09:45;4;10,625;14,875;16,75;3243;202;0;51,1
2682;2023.05.22 10:00;4;10,625;14,875;16,75;3242;202;0;51,1
2683;2023.05.22 10:15;4;10,625;15,0625;16,9375;3241;202;0;51,0
2684;2023.05.22 10:30;4;10,625;15,1875;16,875;3240;202;0;51,0
2685;2023.05.22 10:45;4;10,625;14,8125;16,125;3239;202;0;51,0
2686;2023.05.22 11:00;4;10,6875;15,125;16,75;3239;202;0;51,0
2687;2023.05.22 11:15;4;10,75;15,8125;18,5;3239;202;0;51,0
2688;2023.05.22 11:30;4;10,75;17,3125;20,875;3239;202;0;51,0
2689;2023.05.22 11:45;4;10,75;17;19,3125;3238;202;0;51,0
2690;2023.05.22 12:00;4;10,75;17;19,0625;3237;202;0;51,0
2691;2023.05.22 12:15;4;10,8125;16,5625;18,125;3237;202;0;51,0
2692;2023.05.22 12:30;4;10,875;17,375;19,75;3237;202;0;51,0
2693;2023.05.22 12:45;4;10,875;18,375;20,9375;3237;202;0;51,0
2694;2023.05.22 13:00;4;10,875;18,75;21,75;3237;202;0;51,0
2695;2023.05.22 13:15;4;11;20,625;23,5;3237;202;0;51,0
2696;2023.05.22 13:30;4;11;22,5625;25,375;3238;202;0;51,0
2697;2023.05.22 13:45;4;11;23,3125;26;3238;202;0;51,0
2698;2023.05.22 14:00;4;11,125;22,75;24,9375;3238;202;0;51,0
2699;2023.05.22 14:15;4;11,125;20,9375;22,4375;3236;202;0;51,0
2700;2023.05.22 14:30;4;11,25;18,3125;18,4375;3234;202;0;50,9
2701;2023.05.22 14:45;4;11,3125;17,5;18,125;3233;202;0;50,9
2702;2023.05.22 15:00;4;11,375;18,375;20,25;3233;202;0;50,9
2703;2023.05.22 15:15;4;11,4375;18,8125;20,5;3233;202;0;50,9
2704;2023.05.22 15:30;4;11,5;19,25;20,625;3233;202;0;50,9
2705;2023.05.22 15:45;4;11,5625;18,25;19,625;3232;202;0;50,9
2706;2023.05.22 16:00;4;11,625;17,875;19,375;3231;202;0;50,9
2707;2023.05.22 16:15;4;11,625;17,5625;19,375;3230;202;0;50,9
2708;2023.05.22 16:30;4;11,6875;17,375;19,125;3229;202;0;50,8
2709;2023.05.22 16:45;4;11,75;17,25;19;3229;202;0;50,8
2710;2023.05.22 17:00;4;11,75;16,875;18,5625;3228;202;0;50,8
2711;2023.05.22 17:15;4;11,75;16,5625;18,125;3228;202;0;50,8
2712;2023.05.22 17:30;4;11,8125;16;17;3227;202;0;50,8
2713;2023.05.22 17:45;4;11,875;15,4375;15,875;3226;202;0;50,8
2714;2023.05.22 18:00;4;11,875;15,0625;15,5;3225;202;0;50,8
2715;2023.05.22 18:15;4;11,875;14,75;15,0625;3225;202;0;50,8
2716;2023.05.22 18:30;4;11,875;14,25;14,3125;3224;202;0;50,8
2717;2023.05.22 18:45;4;11,875;13,75;13,375;3224;202;0;50,8
2718;2023.05.22 19:00;4;11,875;13,3125;12,75;3223;202;0;50,7
2719;2023.05.22 19:15;4;11,875;13;12,5;3222;202;0;50,7
2720;2023.05.22 19:30;4;11,875;13,0625;12,8125;3222;202;0;50,7
2721;2023.05.22 19:45;4;11,875;13;12,6875;3222;202;0;50,7
2722;2023.05.22 20:00;4;11,875;12,5625;12;3222;202;0;50,7
2723;2023.05.22 20:15;4;11,875;12,125;11,125;3221;202;0;50,7
2724;2023.05.22 20:30;4;11,875;11,75;10,5;3221;202;0;50,7
2725;2023.05.22 20:45;4;11,875;11,5;10,25;3221;202;0;50,7
2726;2023.05.22 21:00;4;11,875;11,375;10,1875;3221;202;0;50,7
2727;2023.05.22 21:15;4;11,875;11,0625;9,625;3222;202;0;50,7
2728;2023.05.22 21:30;4;11,8125;10,75;9;3222;202;0;50,7
2729;2023.05.22 21:45;4;11,75;10,375;8,375;3222;202;0;50,7
2730;2023.05.22 22:00;4;11,75;10,125;7,875;3222;202;0;50,7
2731;2023.05.22 22:15;4;11,75;10;7,75;3222;202;0;50,7
2732;2023.05.22 22:30;4;11,75;9,75;7,5;3222;202;0;50,7
2733;2023.05.22 22:45;4;11,6875;9,625;7,4375;3223;202;0;50,7
2734;2023.05.22 23:00;4;11,625;9,5;7,3125;3223;202;0;50,7
2735;2023.05.22 23:15;4;11,625;9,375;7,25;3223;202;0;50,7
2736;2023.05.22 23:30;4;11,625;9,375;7,25;3224;202;0;50,8
2737;2023.05.22 23:45;4;11,5625;9,125;6,75;3224;202;0;50,8
2738;2023.05.23 00:00;4;11,5;8,9375;6,5;3224;202;0;50,8
2739;2023.05.23 00:15;4;11,5;8,875;6,3125;3225;202;0;50,8
2740;2023.05.23 00:30;4;11,4375;8,625;6;3225;202;0;50,8
2741;2023.05.23 00:45;4;11,375;8,625;6,0625;3225;202;0;50,8
2742;2023.05.23 01:00;4;11,375;8,5;6;3226;202;0;50,8
2743;2023.05.23 01:15;4;11,375;8,375;5,875;3226;202;0;50,8
2744;2023.05.23 01:30;4;11,3125;8,375;5,8125;3226;202;0;50,8
2745;2023.05.23 01:45;4;11,25;8,375;5,8125;3226;202;0;50,8
2746;2023.05.23 02:00;4;11,25;8,4375;6,125;3227;202;0;50,8
2747;2023.05.23 02:15;4;11,1875;8,625;6,5625;3227;202;0;50,8
2748;2023.05.23 02:30;4;11,125;8,8125;6,875;3227;202;0;50,8
2749;2023.05.23 02:45;4;11,125;9;7,25;3228;202;0;50,8
2750;2023.05.23 03:00;4;11,125;9,125;7,625;3228;202;0;50,8
2751;2023.05.23 03:15;4;11;9,25;7,75;3228;202;0;50,8
2752;2023.05.23 03:30;4;11;9,3125;7,875;3228;202;0;50,8
2753;2023.05.23 03:45;4;11;9,25;7,75;3227;202;0;50,8
2754;2023.05.23 04:00;4;11;9,375;8;3227;202;0;50,8
2755;2023.05.23 04:15;4;10,9375;9,5;8,3125;3226;202;0;50,8
2756;2023.05.23 04:30;4;10,875;9,625;8,625;3229;202;0;50,8
2757;2023.05.23 04:45;4;10,875;9,8125;8,875;3228;202;0;50,8
2758;2023.05.23 05:00;4;10,875;10;9,125;3229;202;0;50,8
2759;2023.05.23 05:15;4;10,875;10,0625;9,375;3228;202;0;50,8
2760;2023.05.23 05:30;4;10,8125;10,25;9,75;3227;202;0;50,8
2761;2023.05.23 05:45;4;10,75;10,3125;9,625;3227;202;0;50,8
2762;2023.05.23 06:00;4;10,75;10,4375;10;3227;202;0;50,8
2763;2023.05.23 06:15;4;10,75;10,625;10,25;3227;202;0;50,8
2764;2023.05.23 06:30;4;10,75;10,75;10,5;3227;202;0;50,8
2765;2023.05.23 06:45;4;10,75;10,9375;10,75;3227;202;0;50,8
2766;2023.05.23 07:00;4;10,75;11,25;11,25;3227;202;0;50,8
2767;2023.05.23 07:15;4;10,6875;11,625;12;3226;202;0;50,8
2768;2023.05.23 07:30;4;10,6875;11,8125;12,125;3226;202;0;50,8
2769;2023.05.23 07:45;4;10,6875;11,75;11,75;3226;202;0;50,8
2770;2023.05.23 08:00;4;10,6875;12;12,1875;3226;202;0;50,8
2771;2023.05.23 08:15;4;10,6875;12,1875;12,4375;3223;202;0;50,7
2772;2023.05.23 08:30;4;10,6875;12,25;12,375;3224;202;0;50,8
2773;2023.05.23 08:45;4;10,625;12,4375;12,75;3224;202;0;50,8
2774;2023.05.23 09:00;4;10,6875;12,75;13,25;3224;202;0;50,8
2775;2023.05.23 09:15;4;10,6875;12,875;13,4375;3223;202;0;50,7
2776;2023.05.23 09:30;4;10,6875;13,125;13,875;3223;202;0;50,7
2777;2023.05.23 09:45;4;10,6875;14,125;15,5;3223;202;0;50,7
2778;2023.05.23 10:00;4;10,6875;14;15,125;3223;202;0;50,7
2779;2023.05.23 10:15;4;10,75;14,125;15,3125;3223;202;0;50,7
2780;2023.05.23 10:30;4;10,75;14,25;15,5;3220;202;0;50,7
2781;2023.05.23 10:45;4;10,75;14,9375;17,125;3220;202;0;50,7
2782;2023.05.23 11:00;4;10,75;15,625;17,6875;3219;202;0;50,7
2783;2023.05.23 11:15;4;10,75;15,75;18;3219;202;0;50,7
2784;2023.05.23 11:30;4;10,75;17,125;20;3219;202;0;50,7
2785;2023.05.23 11:45;4;10,8125;17;19,3125;3218;202;0;50,7
2786;2023.05.23 12:00;4;10,8125;16,625;18,625;3216;202;0;50,6
2787;2023.05.23 12:15;4;10,875;16,5;18,25;3215;202;0;50,6
2788;2023.05.23 12:30;4;10,875;16,875;18,875;3214;202;0;50,6
2789;2023.05.23 12:45;4;10,875;16,875;18,25;3212;202;0;50,6
2790;2023.05.23 13:00;4;10,9375;17,0625;18,625;3211;202;0;50,5
2791;2023.05.23 13:15;4;11;18,125;19,625;3211;202;0;50,5
2792;2023.05.23 13:30;4;11;19,75;21,5;3212;202;0;50,6
2793;2023.05.23 13:45;4;11,0625;20;20,9375;3212;202;0;50,6
2794;2023.05.23 14:00;4;11,125;19,1875;20,1875;3210;202;0;50,5
2795;2023.05.23 14:15;4;11,125;18,25;19,125;3209;202;0;50,5
2796;2023.05.23 14:30;4;11,1875;19;19,25;3209;202;0;50,5
2797;2023.05.23 14:45;4;11,25;17,625;17,25;3208;202;0;50,5
2798;2023.05.23 15:00;4;11,25;16,5;16,125;3207;202;0;50,5
2799;2023.05.23 15:15;4;11,375;15,625;15,125;3206;202;0;50,5
2800;2023.05.23 15:30;4;11,375;16,0625;16,25;3205;202;0;50,5
2801;2023.05.23 15:45;4;11,4375;15,625;15,6875;3204;202;0;50,4
2802;2023.05.23 16:00;4;11,5;15,25;15,375;3204;202;0;50,4
2803;2023.05.23 16:15;4;11,5;15,5;15,875;3202;202;0;50,4
2804;2023.05.23 16:30;4;11,5;14,6875;14,375;3199;202;0;50,4
2805;2023.05.23 16:45;4;11,5625;14,375;14,1875;3198;202;0;50,3
2806;2023.05.23 17:00;4;11,5625;14,125;14;3197;202;0;50,3
2807;2023.05.23 17:15;4;11,625;14;13,9375;3197;202;0;50,3
2808;2023.05.23 17:30;4;11,625;14;14;3197;202;0;50,3
2809;2023.05.23 17:45;4;11,625;13,75;13,6875;3196;202;0;50,3
2810;2023.05.23 18:00;4;11,625;13,6875;13,75;3195;202;0;50,3
2811;2023.05.23 18:15;4;11,625;13,375;13,25;3191;202;0;50,2
2812;2023.05.23 18:30;4;11,625;13,5;13,5625;3188;202;0;50,2
2813;2023.05.23 18:45;4;11,625;13,375;13,375;3187;202;0;50,2
2814;2023.05.23 19:00;4;11,625;13,125;13;3186;202;0;50,1
2815;2023.05.23 19:15;4;11,625;12,75;12,375;3186;202;0;50,1
2816;2023.05.23 19:30;4;11,625;12,5;12;3185;202;0;50,1
2817;2023.05.23 19:45;4;11,625;12,25;11,625;3184;202;0;50,1
2818;2023.05.23 20:00;4;11,625;12;11,4375;3183;202;0;50,1
2819;2023.05.23 20:15;4;11,625;11,9375;11,25;3183;202;0;50,1
2820;2023.05.23 20:30;4;11,625;11,8125;11,125;3184;202;0;50,1
2821;2023.05.23 20:45;4;11,5625;11,6875;10,9375;3184;202;0;50,1
2822;2023.05.23 21:00;4;11,5625;11,5;10,75;3184;202;0;50,1
2823;2023.05.23 21:15;4;11,5;11,4375;10,625;3183;202;0;50,1
2824;2023.05.23 21:30;4;11,5;11,25;10,375;3181;202;0;50,1
2825;2023.05.23 21:45;4;11,5;11,0625;10,0625;3181;202;0;50,1
2826;2023.05.23 22:00;4;11,5;10,875;9,75;3181;202;0;50,1
2827;2023.05.23 22:15;4;11,5;10,625;9,25;3181;202;0;50,1
2828;2023.05.23 22:30;4;11,5;10,375;8,9375;3180;202;0;50,0
2829;2023.05.23 22:45;4;11,4375;10,0625;8,1875;3180;202;0;50,0
2830;2023.05.23 23:00;4;11,375;9,8125;7,875;3179;202;0;50,0
2831;2023.05.23 23:15;4;11,375;9,625;7,9375;3179;202;0;50,0
2832;2023.05.23 23:30;4;11,375;9,625;8;3179;202;0;50,0
2833;2023.05.23 23:45;4;11,375;9,5;7,75;3179;202;0;50,0
2834;2023.05.24 00:00;4;11,3125;9,5625;8,125;3180;202;0;50,0
2835;2023.05.24 00:15;4;11,25;9,875;9,1875;3177;202;0;50,0
2836;2023.05.24 00:30;4;11,25;9,875;9,1875;3176;202;0;50,0
2837;2023.05.24 00:45;4;11,25;9,8125;9;3176;202;0;50,0
2838;2023.05.24 01:00;4;11,25;9,8125;9,125;3175;202;0;50,0
2839;2023.05.24 01:15;4;11,1875;9,8125;9,0625;3175;202;0;50,0
2840;2023.05.24 01:30;4;11,125;9,625;8,6875;3174;202;0;49,9
2841;2023.05.24 01:45;4;11,125;9,5;8,4375;3174;202;0;49,9
2842;2023.05.24 02:00;4;11,125;9,5;8,375;3174;202;0;49,9
2843;2023.05.24 02:15;4;11,0625;9,25;7,8125;3174;202;0;49,9
2844;2023.05.24 02:30;4;11,0625;9,125;7,6875;3173;202;0;49,9
2845;2023.05.24 02:45;4;11;9,1875;8,1875;3173;202;0;49,9
2846;2023.05.24 03:00;4;11;9,3125;8,5625;3173;202;0;49,9
2847;2023.05.24 03:15;4;11;9,375;8,625;3173;202;0;49,9
2848;2023.05.24 03:30;4;10,9375;9,375;8,75;3173;202;0;49,9
2849;2023.05.24 03:45;4;10,875;9,3125;8,5;3173;202;0;49,9
2850;2023.05.24 04:00;4;10,875;9,1875;8,25;3173;202;0;49,9
2851;2023.05.24 04:15;4;10,875;9,125;8,25;3173;202;0;49,9
2852;2023.05.24 04:30;4;10,875;9,125;8,1875;3173;202;0;49,9
2853;2023.05.24 04:45;4;10,8125;9,125;8,125;3173;202;0;49,9
2854;2023.05.24 05:00;4;10,75;9,125;8,125;3173;202;0;49,9
2855;2023.05.24 05:15;4;10,75;9,1875;8,4375;3173;202;0;49,9
2856;2023.05.24 05:30;4;10,75;9,3125;8,75;3173;202;0;49,9
2857;2023.05.24 05:45;4;10,75;9,5;9;3173;202;0;49,9
2858;2023.05.24 06:00;4;10,6875;9,625;9,25;3173;202;0;49,9
2859;2023.05.24 06:15;4;10,6875;9,75;9,5;3173;202;0;49,9
2860;2023.05.24 06:30;4;10,625;10;9,875;3173;202;0;49,9
2861;2023.05.24 06:45;4;10,625;10,375;10,5625;3173;202;0;49,9
2862;2023.05.24 07:00;4;10,625;10,6875;11,0625;3172;202;0;49,9
2863;2023.05.24 07:15;4;10,625;10,9375;11,375;3172;202;0;49,9
2864;2023.05.24 07:30;4;10,625;11,5;12,5;3172;202;0;49,9
2865;2023.05.24 07:45;4;10,5625;11,375;11,75;3173;202;0;49,9
2866;2023.05.24 08:00;4;10,5625;12,5625;13,75;3172;202;0;49,9
2867;2023.05.24 08:15;4;10,5625;13;14;3177;202;0;50,0
2868;2023.05.24 08:30;4;10,5625;13,5625;14,6875;3175;202;0;50,0
2869;2023.05.24 08:45;4;10,5625;13,5;14,25;3174;202;0;49,9
2870;2023.05.24 09:00;4;10,5625;13;13,5;3172;202;0;49,9
2871;2023.05.24 09:15;4;10,5625;13,25;14,125;3169;202;0;49,9
2872;2023.05.24 09:30;4;10,5625;13,625;14,5625;3167;202;0;49,8
2873;2023.05.24 09:45;4;10,5625;13,5;14,125;3165;202;0;49,8
2874;2023.05.24 10:00;4;10,625;13,75;14,875;3164;202;0;49,8
2875;2023.05.24 10:15;4;10,625;14,3125;15,9375;3163;202;0;49,8
2876;2023.05.24 10:30;4;10,625;14,5;15,75;3161;202;0;49,7
2877;2023.05.24 10:45;4;10,625;14,75;16,125;3159;202;0;49,7
2878;2023.05.24 11:00;4;10,625;15,625;17,5;3157;202;0;49,7
2879;2023.05.24 11:15;4;10,625;16,125;18,5;3159;202;0;49,7
2880;2023.05.24 11:30;4;10,6875;17,75;19,8125;3155;202;0;49,6
2881;2023.05.24 11:45;4;10,6875;17,3125;19,25;3153;202;0;49,6
2882;2023.05.24 12:00;4;10,75;16,5625;18,125;3151;202;0;49,6
2883;2023.05.24 12:15;4;10,75;16,6875;18,75;3153;202;0;49,6
2884;2023.05.24 12:30;4;10,75;17,125;19,5;3150;202;0;49,5
2885;2023.05.24 12:45;4;10,8125;17,8125;19,875;3150;202;0;49,5
2886;2023.05.24 13:00;4;10,875;18,25;20,5;3149;202;0;49,5
2887;2023.05.24 13:15;4;10,875;19,5;21,625;3149;202;0;49,5
2888;2023.05.24 13:30;4;10,9375;21,5;23,625;3149;202;0;49,5
2889;2023.05.24 13:45;4;11;22;23,75;3149;202;0;49,5
2890;2023.05.24 14:00;4;11;21,4375;23,0625;3148;202;0;49,5
2891;2023.05.24 14:15;4;11,125;19,9375;21,25;3146;202;0;49,5
2892;2023.05.24 14:30;4;11,125;20,375;20,875;3145;202;0;49,5
2893;2023.05.24 14:45;4;11,25;19,25;19,75;3144;202;0;49,4
2894;2023.05.24 15:00;4;11,25;18,0625;18,125;3142;202;0;49,4
2895;2023.05.24 15:15;4;11,375;17,5;17,625;3141;202;0;49,4
2896;2023.05.24 15:30;4;11,375;17,3125;17,375;3140;202;0;49,4
2897;2023.05.24 15:45;4;11,5;16,625;16,625;3139;202;0;49,4
2898;2023.05.24 16:00;4;11,5;16,25;16,5;3138;202;0;49,3
2899;2023.05.24 16:15;4;11,5625;16,625;17,4375;3138;202;0;49,3
2900;2023.05.24 16:30;4;11,625;16,375;17,125;3137;202;0;49,3
2901;2023.05.24 16:45;4;11,625;16,375;17,0625;3136;202;0;49,3
2902;2023.05.24 17:00;4;11,625;16,125;16,625;3135;202;0;49,3
2903;2023.05.24 17:15;4;11,6875;15,75;16,125;3135;202;0;49,3
2904;2023.05.24 17:30;4;11,75;15,375;15,75;3134;202;0;49,3
2905;2023.05.24 17:45;4;11,75;15,1875;15,4375;3133;202;0;49,3
2906;2023.05.24 18:00;4;11,75;15;15,25;3132;202;0;49,2
2907;2023.05.24 18:15;4;11,75;14,75;14,9375;3132;202;0;49,2
2908;2023.05.24 18:30;4;11,8125;14,375;14,375;3131;202;0;49,2
2909;2023.05.24 18:45;4;11,8125;13,875;13,625;3130;202;0;49,2
2910;2023.05.24 19:00;4;11,8125;13,5;13,1875;3129;202;0;49,2
2911;2023.05.24 19:15;4;11,8125;13,125;12,625;3129;202;0;49,2
2912;2023.05.24 19:30;4;11,8125;12,8125;12,125;3128;202;0;49,2
2913;2023.05.24 19:45;4;11,8125;12,5;11,625;3127;202;0;49,2
2914;2023.05.24 20:00;4;11,8125;12,3125;11,625;3127;202;0;49,2
2915;2023.05.24 20:15;4;11,8125;12;11;3127;202;0;49,2
2916;2023.05.24 20:30;4;11,8125;11,75;10,75;3127;202;0;49,2
2917;2023.05.24 20:45;4;11,75;11,625;10,75;3126;202;0;49,1
2918;2023.05.24 21:00;4;11,75;11,5;10,625;3126;202;0;49,1
2919;2023.05.24 21:15;4;11,75;11,25;10,1875;3127;202;0;49,2
2920;2023.05.24 21:30;4;11,75;10,875;9,25;3126;202;0;49,1
2921;2023.05.24 21:45;4;11,75;10,375;8,4375;3125;202;0;49,1
2922;2023.05.24 22:00;4;11,75;10,125;8,125;3125;202;0;49,1
2923;2023.05.24 22:15;4;11,6875;9,9375;7,875;3126;202;0;49,1
2924;2023.05.24 22:30;4;11,625;9,75;7,5625;3126;202;0;49,1
2925;2023.05.24 22:45;4;11,625;9,5625;7,375;3126;202;0;49,1
2926;2023.05.24 23:00;4;11,625;9,3125;7;3126;202;0;49,1
2927;2023.05.24 23:15;4;11,5625;9,125;6,625;3134;202;0;49,3
2928;2023.05.24 23:30;4;11,5;8,9375;6,5;3137;202;0;49,3
2929;2023.05.24 23:45;4;11,5;8,875;6,375;3135;202;0;49,3
2930;2023.05.25 00:00;4;11,5;8,625;6,125;3129;202;0;49,2
2931;2023.05.25 00:15;4;11,4375;8,625;6,1875;3129;202;0;49,2
2932;2023.05.25 00:30;4;11,375;8,5;5,9375;3129;202;0;49,2
2933;2023.05.25 00:45;4;11,375;8,4375;6;3124;202;0;49,1
2934;2023.05.25 01:00;4;11,375;8,375;6;3123;202;0;49,1
2935;2023.05.25 01:15;4;11,3125;8,375;6;3124;202;0;49,1
2936;2023.05.25 01:30;4;11,25;8,375;6,0625;3124;202;0;49,1
2937;2023.05.25 01:45;4;11,25;8,25;5,75;3124;202;0;49,1
2938;2023.05.25 02:00;4;11,1875;8;5,5;3124;202;0;49,1
2939;2023.05.25 02:15;4;11,125;7,875;5,375;3124;202;0;49,1
2940;2023.05.25 02:30;4;11,125;7,8125;5,25;3124;202;0;49,1
2941;2023.05.25 02:45;4;11,125;7,75;5,125;3124;202;0;49,1
2942;2023.05.25 03:00;4;11,0625;7,625;5,0625;3125;202;0;49,1
2943;2023.05.25 03:15;4;11;7,625;5;3124;202;0;49,1
2944;2023.05.25 03:30;4;11;7,5;4,9375;3125;202;0;49,1
2945;2023.05.25 03:45;4;11;7,5;5,0625;3125;202;0;49,1
2946;2023.05.25 04:00;4;10,875;7,5625;5,125;3126;202;0;49,1
2947;2023.05.25 04:15;4;10,875;7,5;5,125;3127;202;0;49,2
2948;2023.05.25 04:30;4;10,875;7,5625;5,125;3126;202;0;49,1
2949;2023.05.25 04:45;4;10,8125;7,625;5,4375;3126;202;0;49,1
2950;2023.05.25 05:00;4;10,75;7,75;5,6875;3127;202;0;49,2
2951;2023.05.25 05:15;4;10,75;8;6,125;3127;202;0;49,2
2952;2023.05.25 05:30;4;10,75;8,125;6,375;3127;202;0;49,2
2953;2023.05.25 05:45;4;10,6875;8,375;6,875;3127;202;0;49,2
2954;2023.05.25 06:00;4;10,625;8,5;7;3127;202;0;49,2
2955;2023.05.25 06:15;4;10,625;8,875;7,875;3127;202;0;49,2
2956;2023.05.25 06:30;4;10,625;9,875;10,1875;3127;202;0;49,2
2957;2023.05.25 06:45;4;10,5625;10,6875;11,25;3127;202;0;49,2
2958;2023.05.25 07:00;4;10,5;11,5;12,1875;3126;202;0;49,1
2959;2023.05.25 07:15;4;10,5;11,8125;13,0625;3126;202;0;49,1
2960;2023.05.25 07:30;4;10,5;12;13,5;3125;202;0;49,1
2961;2023.05.25 07:45;4;10,5;12,4375;14;3123;202;0;49,1
2962;2023.05.25 08:00;4;10,5;13,5625;15,5;3122;202;0;49,1
2963;2023.05.25 08:15;4;10,5;14;16,125;3121;202;0;49,1
2964;2023.05.25 08:30;4;10,5;14,1875;15,8125;3120;202;0;49,0
2965;2023.05.25 08:45;4;10,5;14,125;15,875;3119;202;0;49,0
2966;2023.05.25 09:00;4;10,5;14,125;16;3118;202;0;49,0
2967;2023.05.25 09:15;4;10,5;14,375;16,375;3114;202;0;48,9
2968;2023.05.25 09:30;4;10,5;15;16,9375;3113;202;0;48,9
2969;2023.05.25 09:45;4;10,5625;15,375;17,375;3110;202;0;48,9
2970;2023.05.25 10:00;4;10,625;15,375;17,5;3109;202;0;48,9
2971;2023.05.25 10:15;4;10,625;15,5625;17,75;3108;202;0;48,8
2972;2023.05.25 10:30;4;10,625;15,75;17,9375;3107;202;0;48,8
2973;2023.05.25 10:45;4;10,625;16;18,4375;3105;202;0;48,8
2974;2023.05.25 11:00;4;10,6875;16,25;18,125;3104;202;0;48,8
2975;2023.05.25 11:15;4;10,6875;17,375;20,375;3104;202;0;48,8
2976;2023.05.25 11:30;4;10,75;17,5;19,5;3103;202;0;48,8
2977;2023.05.25 11:45;4;10,75;16,5;17,5;3101;202;0;48,7
2978;2023.05.25 12:00;4;10,8125;15,625;16,625;3099;202;0;48,7
2979;2023.05.25 12:15;4;10,875;16;17,75;3096;202;0;48,6
2980;2023.05.25 12:30;4;10,875;16,1875;17,9375;3093;202;0;48,6
2981;2023.05.25 12:45;4;10,875;17,625;19,875;3091;202;0;48,6
2982;2023.05.25 13:00;4;10,9375;18,25;20,625;3090;202;0;48,5
2983;2023.05.25 13:15;4;11;19,625;21,75;3089;202;0;48,5
2984;2023.05.25 13:30;4;11;21,3125;23,375;3088;202;0;48,5
2985;2023.05.25 13:45;4;11,0625;21,6875;23,375;3087;202;0;48,5
2986;2023.05.25 14:00;4;11,125;19,75;20,5;3085;202;0;48,5
2987;2023.05.25 14:15;4;11,125;19;20;3082;202;0;48,4
2988;2023.05.25 14:30;4;11,25;19,125;20,625;3081;202;0;48,4
2989;2023.05.25 14:45;4;11,25;19,0625;20;3080;202;0;48,4
2990;2023.05.25 15:00;4;11,375;18,375;19,25;3078;202;0;48,3
2991;2023.05.25 15:15;4;11,375;18,25;19,125;3077;202;0;48,3
2992;2023.05.25 15:30;4;11,4375;18,5625;19,75;3076;202;0;48,3
2993;2023.05.25 15:45;4;11,5;17,5;18,25;3074;202;0;48,3
2994;2023.05.25 16:00;4;11,5;17,5625;18,75;3072;202;0;48,2
2995;2023.05.25 16:15;4;11,625;17,375;18,8125;3071;202;0;48,2
2996;2023.05.25 16:30;4;11,625;17,5;19,25;3069;202;0;48,2
2997;2023.05.25 16:45;4;11,625;17,25;18,625;3065;202;0;48,1
2998;2023.05.25 17:00;4;11,6875;16,75;18,125;3064;202;0;48,1
2999;2023.05.25 17:15;4;11,75;16,5;17,875;3063;202;0;48,1
3000;2023.05.25 17:30;4;11,75;16,125;17,125;3061;202;0;48,1
3001;2023.05.25 17:45;4;11,75;15,625;16,25;3060;202;0;48,0
3002;2023.05.25 18:00;4;11,8125;15,125;15,625;3058;202;0;48,0
3003;2023.05.25 18:15;4;11,8125;14,75;15,125;3057;202;0;48,0
3004;2023.05.25 18:30;4;11,875;14,4375;14,75;3056;202;0;48,0
3005;2023.05.25 18:45;4;11,875;14,125;14,25;3054;202;0;47,9
3006;2023.05.25 19:00;4;11,875;13,6875;13,5;3052;202;0;47,9
3007;2023.05.25 19:15;4;11,875;13,125;12,5;3051;202;0;47,9
3008;2023.05.25 19:30;4;11,875;12,75;11,9375;3050;202;0;47,9
3009;2023.05.25 19:45;4;11,875;12,375;11,3125;3049;202;0;47,9
3010;2023.05.25 20:00;4;11,875;12;10,6875;3048;202;0;47,8
3011;2023.05.25 20:15;4;11,875;11,625;10,25;3047;202;0;47,8
3012;2023.05.25 20:30;4;11,875;11,375;10;3046;202;0;47,8
3013;2023.05.25 20:45;4;11,875;11,25;9,8125;3046;202;0;47,8
3014;2023.05.25 21:00;4;11,8125;10,875;9,25;3045;202;0;47,8
3015;2023.05.25 21:15;4;11,75;10,625;8,8125;3045;202;0;47,8
3016;2023.05.25 21:30;4;11,75;10,375;8,4375;3045;202;0;47,8
3017;2023.05.25 21:45;4;11,75;10,125;8,25;3045;202;0;47,8
3018;2023.05.25 22:00;4;11,75;10;8,125;3045;202;0;47,8
3019;2023.05.25 22:15;4;11,6875;9,9375;8,125;3045;202;0;47,8
3020;2023.05.25 22:30;4;11,6875;9,9375;8,125;3044;202;0;47,8
3021;2023.05.25 22:45;4;11,625;9,8125;8;3044;202;0;47,8
3022;2023.05.25 23:00;4;11,625;9,6875;7,75;3045;202;0;47,8
3023;2023.05.25 23:15;4;11,625;9,5;7,5;3045;202;0;47,8
3024;2023.05.25 23:30;4;11,5625;9,375;7,4375;3045;202;0;47,8
3025;2023.05.25 23:45;4;11,5;9,25;7,125;3044;202;0;47,8
3026;2023.05.26 00:00;4;11,5;9,125;6,9375;3045;202;0;47,8
3027;2023.05.26 00:15;4;11,5;9;6,75;3045;202;0;47,8
3028;2023.05.26 00:30;4;11,4375;8,75;6,5;3045;202;0;47,8
3029;2023.05.26 00:45;4;11,375;8,625;6,3125;3045;202;0;47,8
3030;2023.05.26 01:00;4;11,375;8,625;6,3125;3045;202;0;47,8
3031;2023.05.26 01:15;4;11,375;8,375;6;3045;202;0;47,8
3032;2023.05.26 01:30;4;11,25;8,375;6,0625;3045;202;0;47,8
3033;2023.05.26 01:45;4;11,25;8,3125;6;3045;202;0;47,8
3034;2023.05.26 02:00;4;11,25;8,25;5,875;3045;202;0;47,8
3035;2023.05.26 02:15;4;11,1875;8,125;5,75;3045;202;0;47,8
3036;2023.05.26 02:30;4;11,125;8,0625;5,75;3045;202;0;47,8
3037;2023.05.26 02:45;4;11,125;7,9375;5,5;3045;202;0;47,8
3038;2023.05.26 03:00;4;11,125;7,75;5,25;3045;202;0;47,8
3039;2023.05.26 03:15;4;11,0625;7,75;5,375;3045;202;0;47,8
3040;2023.05.26 03:30;4;11;7,75;5,25;3046;202;0;47,8
3041;2023.05.26 03:45;4;11;7,6875;5,3125;3046;202;0;47,8
3042;2023.05.26 04:00;4;10,9375;7,6875;5,25;3045;202;0;47,8
3043;2023.05.26 04:15;4;10,875;7,625;5,375;3045;202;0;47,8
3044;2023.05.26 04:30;4;10,875;7,625;5,375;3045;202;0;47,8
3045;2023.05.26 04:45;4;10,875;7,75;5,6875;3045;202;0;47,8
3046;2023.05.26 05:00;4;10,8125;8;6;3045;202;0;47,8
3047;2023.05.26 05:15;4;10,75;8,125;6,375;3045;202;0;47,8
3048;2023.05.26 05:30;4;10,75;8,3125;6,75;3045;202;0;47,8
3049;2023.05.26 05:45;4;10,75;8,5;7,125;3046;202;0;47,8
3050;2023.05.26 06:00;4;10,6875;8,75;7,5625;3047;202;0;47,8
3051;2023.05.26 06:15;4;10,625;9,125;8,25;3046;202;0;47,8
3052;2023.05.26 06:30;4;10,625;10;10,125;3045;202;0;47,8
3053;2023.05.26 06:45;4;10,625;10,9375;11,25;3046;202;0;47,8
3054;2023.05.26 07:00;4;10,625;11,5;12,125;3046;202;0;47,8
3055;2023.05.26 07:15;4;10,625;11,6875;12,375;3045;202;0;47,8
3056;2023.05.26 07:30;4;10,5625;11,875;12,75;3044;202;0;47,8
3057;2023.05.26 07:45;4;10,5625;12,375;13,5;3044;202;0;47,8
3058;2023.05.26 08:00;4;10,5625;13,375;14,875;3043;202;0;47,8
3059;2023.05.26 08:15;4;10,5625;13,625;15,25;3042;202;0;47,7
3060;2023.05.26 08:30;4;10,5;13,875;15,3125;3041;202;0;47,7
3061;2023.05.26 08:45;4;10,5625;14,0625;15,75;3039;202;0;47,7
3062;2023.05.26 09:00;4;10,5625;14,5;16,375;3039;202;0;47,7
3063;2023.05.26 09:15;4;10,625;15;17,25;3038;202;0;47,7
3064;2023.05.26 09:30;4;10,625;15,75;18;3036;202;0;47,6
3065;2023.05.26 09:45;4;10,625;16,25;18,9375;3035;202;0;47,6
3066;2023.05.26 10:00;4;10,625;16,5;19,125;3033;202;0;47,6
3067;2023.05.26 10:15;4;10,625;16,875;19,375;3045;202;0;47,8
3068;2023.05.26 10:30;4;10,6875;16,9375;19;3030;202;0;47,5
3069;2023.05.26 10:45;4;10,75;15,6875;16,75;3027;202;0;47,5
3070;2023.05.26 11:00;4;10,75;15,625;17,125;3026;202;0;47,5
3071;2023.05.26 11:15;4;10,75;15,875;17,5625;3024;202;0;47,4
3072;2023.05.26 11:30;4;10,8125;15,9375;17,375;3023;202;0;47,4
3073;2023.05.26 11:45;4;10,875;16,6875;18,6875;3021;202;0;47,4
3074;2023.05.26 12:00;4;10,875;16,6875;18,25;3016;202;0;47,3
3075;2023.05.26 12:15;4;10,9375;16,4375;17,875;3014;202;0;47,3
3076;2023.05.26 12:30;4;11;16;17,25;3013;202;0;47,3
3077;2023.05.26 12:45;4;11;16,25;17,6875;3011;202;0;47,2
3078;2023.05.26 13:00;4;11;15,875;16,9375;3010;202;0;47,2
3079;2023.05.26 13:15;4;11,0625;15,75;16,6875;3009;202;0;47,2
3080;2023.05.26 13:30;4;11,125;16,0625;17,5;3008;202;0;47,2
3081;2023.05.26 13:45;4;11,125;16,375;17,75;3007;202;0;47,2
3082;2023.05.26 14:00;4;11,125;16,875;18,5;3006;202;0;47,1
3083;2023.05.26 14:15;4;11,1875;17,75;20,25;3005;202;0;47,1
3084;2023.05.26 14:30;4;11,25;19;21,5;3004;202;0;47,1
3085;2023.05.26 14:45;4;11,25;18,3125;19,625;3002;202;0;47,1
3086;2023.05.26 15:00;4;11,3125;17,1875;18,125;3001;202;0;47,1
3087;2023.05.26 15:15;4;11,375;17,875;19,6875;3000;202;0;47,0
3088;2023.05.26 15:30;4;11,375;18,25;19,875;2999;202;0;47,0
3089;2023.05.26 15:45;4;11,375;18;19,75;2998;202;0;47,0
3090;2023.05.26 16:00;4;11,4375;17,8125;19,5;2997;202;0;47,0
3091;2023.05.26 16:15;4;11,5;17,75;19,75;2996;202;0;47,0
3092;2023.05.26 16:30;4;11,5;17,375;19,0625;2995;202;0;47,0
3093;2023.05.26 16:45;4;11,5625;17,0625;18,5;2993;202;0;46,9
3094;2023.05.26 17:00;4;11,625;16,5;17,75;2992;202;0;46,9
3095;2023.05.26 17:15;4;11,625;16,25;17,5;2990;202;0;46,9
3096;2023.05.26 17:30;4;11,625;15,9375;17,0625;2989;202;0;46,9
3097;2023.05.26 17:45;4;11,625;15,5;16,125;2988;202;0;46,8
3098;2023.05.26 18:00;4;11,6875;15;15,5;2987;202;0;46,8
3099;2023.05.26 18:15;4;11,6875;14,625;14,875;2986;202;0;46,8
3100;2023.05.26 18:30;4;11,75;14,25;14,375;2985;202;0;46,8
3101;2023.05.26 18:45;4;11,75;13,75;13,625;2984;202;0;46,8
3102;2023.05.26 19:00;4;11,75;13,3125;12,875;2982;202;0;46,7
3103;2023.05.26 19:15;4;11,75;12,9375;12,3125;2981;202;0;46,7
3104;2023.05.26 19:30;4;11,75;12,5625;11,75;2980;202;0;46,7
3105;2023.05.26 19:45;4;11,75;12,25;11,375;2980;202;0;46,7
3106;2023.05.26 20:00;4;11,75;11,9375;10,875;2979;202;0;46,7
3107;2023.05.26 20:15;4;11,75;11,625;10,375;2979;202;0;46,7
3108;2023.05.26 20:30;4;11,75;11,25;9,9375;2978;202;0;46,7
3109;2023.05.26 20:45;4;11,75;10,875;9,25;2978;202;0;46,7
3110;2023.05.26 21:00;4;11,6875;10,625;8,9375;2978;202;0;46,7
3111;2023.05.26 21:15;4;11,6875;10,375;8,625;2978;202;0;46,7
3112;2023.05.26 21:30;4;11,625;10,25;8,3125;2979;202;0;46,7
3113;2023.05.26 21:45;4;11,625;10;8,0625;2979;202;0;46,7
3114;2023.05.26 22:00;4;11,625;9,875;8;2980;202;0;46,7
3115;2023.05.26 22:15;4;11,625;9,625;7,5625;2980;202;0;46,7
3116;2023.05.26 22:30;4;11,5625;9,5;7,375;2980;202;0;46,7
3117;2023.05.26 22:45;4;11,5;9,375;7,3125;2980;202;0;46,7
3118;2023.05.26 23:00;4;11,5;9,25;7,1875;2981;202;0;46,7
3119;2023.05.26 23:15;4;11,5;9,25;7,1875;2981;202;0;46,7
3120;2023.05.26 23:30;4;11,4375;9,125;7;2981;202;0;46,7
3121;2023.05.26 23:45;4;11,375;8,875;6,75;2982;202;0;46,7
3122;2023.05.27 00:00;4;11,375;8,8125;6,625;2982;202;0;46,7
3123;2023.05.27 00:15;4;11,375;8,75;6,5;2982;202;0;46,7
3124;2023.05.27 00:30;4;11,3125;8,625;6,4375;2983;202;0;46,7
3125;2023.05.27 00:45;4;11,25;8,625;6,375;2999;202;0;47,0
3126;2023.05.27 01:00;4;11,25;8,5;6,3125;2999;202;0;47,0
3127;2023.05.27 01:15;4;11,25;8,5;6,3125;2999;202;0;47,0
3128;2023.05.27 01:30;4;11,1875;8,375;6,1875;3000;202;0;47,0
3129;2023.05.27 01:45;4;11,125;8,375;6,125;2989;202;0;46,9
3130;2023.05.27 02:00;4;11,125;8,25;6;2987;202;0;46,8
3131;2023.05.27 02:15;4;11,125;8,125;6;2988;202;0;46,8
3132;2023.05.27 02:30;4;11,0625;8,5;6,75;2988;202;0;46,8
3133;2023.05.27 02:45;4;11;8,875;7,375;2989;202;0;46,9
3134;2023.05.27 03:00;4;11;9;7,625;2990;202;0;46,9
3135;2023.05.27 03:15;4;11;9,5;8,6875;2990;202;0;46,9
3136;2023.05.27 03:30;4;10,9375;9,625;8,8125;2990;202;0;46,9
3137;2023.05.27 03:45;4;10,875;9,6875;8,875;2991;202;0;46,9
3138;2023.05.27 04:00;4;10,875;9,75;8,875;2991;202;0;46,9
3139;2023.05.27 04:15;4;10,875;9,8125;9;2991;202;0;46,9
3140;2023.05.27 04:30;4;10,875;9,9375;9,25;2990;202;0;46,9
3141;2023.05.27 04:45;4;10,8125;10;9,375;2990;202;0;46,9
3142;2023.05.27 05:00;4;10,75;10,125;9,4375;2990;202;0;46,9
3143;2023.05.27 05:15;4;10,75;10,125;9,5;2990;202;0;46,9
3144;2023.05.27 05:30;4;10,75;10,25;9,75;2990;202;0;46,9
3145;2023.05.27 05:45;4;10,75;10,25;9,6875;2990;202;0;46,9
3146;2023.05.27 06:00;4;10,75;10,25;9,625;2990;202;0;46,9
3147;2023.05.27 06:15;4;10,75;10,5;10,25;2989;202;0;46,9
3148;2023.05.27 06:30;4;10,6875;11,25;11,875;2990;202;0;46,9
3149;2023.05.27 06:45;4;10,6875;12,125;13;2990;202;0;46,9
3150;2023.05.27 07:00;4;10,6875;12,5;13,625;2989;202;0;46,9
3151;2023.05.27 07:15;4;10,6875;12,8125;14;2988;202;0;46,8
3152;2023.05.27 07:30;4;10,6875;13,1875;14,625;2987;202;0;46,8
3153;2023.05.27 07:45;4;10,6875;14;15,6875;2986;202;0;46,8
3154;2023.05.27 08:00;4;10,6875;14,5;16;2985;202;0;46,8
3155;2023.05.27 08:15;4;10,6875;14,0625;15,1875;2983;202;0;46,7
3156;2023.05.27 08:30;4;10,6875;14;15,125;2981;202;0;46,7
3157;2023.05.27 08:45;4;10,75;14,5;16,25;2980;202;0;46,7
3158;2023.05.27 09:00;4;10,75;14,625;16,25;2979;202;0;46,7
3159;2023.05.27 09:15;4;10,75;14,375;15,75;2977;202;0;46,6
3160;2023.05.27 09:30;4;10,75;14,25;15,625;2976;202;0;46,6
3161;2023.05.27 09:45;4;10,75;14,875;16,625;2974;202;0;46,6
3162;2023.05.27 10:00;4;10,8125;15,125;17,125;2972;202;0;46,6
3163;2023.05.27 10:15;4;10,875;15,25;17,25;2971;202;0;46,5
3164;2023.05.27 10:30;4;10,875;15,5;17,5;2969;202;0;46,5
3165;2023.05.27 10:45;4;10,875;16,1875;18,75;2967;202;0;46,5
3166;2023.05.27 11:00;4;10,875;17,125;19,625;2963;202;0;46,4
3167;2023.05.27 11:15;4;10,875;17,75;21,1875;2960;202;0;46,4
3168;2023.05.27 11:30;4;10,9375;19,75;23;2959;202;0;46,3
3169;2023.05.27 11:45;4;11;19,25;21,875;2956;202;0;46,3
3170;2023.05.27 12:00;4;11;18,5625;20,875;2953;202;0;46,2
3171;2023.05.27 12:15;4;11,0625;18,25;20,5;2952;202;0;46,2
3172;2023.05.27 12:30;4;11,125;18,5;21,0625;2950;202;0;46,2
3173;2023.05.27 12:45;4;11,125;19,25;22;2950;202;0;46,2
3174;2023.05.27 13:00;4;11,1875;19,875;22,75;2949;202;0;46,2
3175;2023.05.27 13:15;4;11,25;20,75;24,125;2949;202;0;46,2
3176;2023.05.27 13:30;4;11,3125;22,0625;24,8125;2949;202;0;46,2
3177;2023.05.27 13:45;4;11,375;20,75;21,6875;2947;202;0;46,1
3178;2023.05.27 14:00;4;11,375;21,625;23,75;2947;202;0;46,1
3179;2023.05.27 14:15;4;11,5;21;23,125;2945;202;0;46,1
3180;2023.05.27 14:30;4;11,5;21;22,375;2944;202;0;46,1
3181;2023.05.27 14:45;4;11,625;20,375;21,5;2943;202;0;46,1
3182;2023.05.27 15:00;4;11,625;19,625;20,5625;2941;202;0;46,0
3183;2023.05.27 15:15;4;11,75;18,875;20,125;2939;202;0;46,0
3184;2023.05.27 15:30;4;11,75;18,9375;19,75;2938;202;0;46,0
3185;2023.05.27 15:45;4;11,8125;18,625;19,9375;2937;202;0;46,0
3186;2023.05.27 16:00;4;11,875;18,3125;19,6875;2935;202;0;45,9
3187;2023.05.27 16:15;4;11,9375;18,125;19,625;2934;202;0;45,9
3188;2023.05.27 16:30;4;12;17,375;18,25;2934;202;0;45,9
3189;2023.05.27 16:45;4;12;17;17,625;2932;202;0;45,9
3190;2023.05.27 17:00;4;12;16,75;17,375;2931;202;0;45,9
3191;2023.05.27 17:15;4;12,0625;16,5;17,25;2930;202;0;45,8
3192;2023.05.27 17:30;4;12,125;16,125;16,75;2927;202;0;45,8
3193;2023.05.27 17:45;4;12,125;15,8125;16,25;2925;202;0;45,8
3194;2023.05.27 18:00;4;12,125;15,375;15,5625;2923;202;0;45,7
3195;2023.05.27 18:15;4;12,125;15;15,125;2921;202;0;45,7
3196;2023.05.27 18:30;4;12,125;14,75;14,75;2918;202;0;45,6
3197;2023.05.27 18:45;4;12,125;14,5;14,5;2917;202;0;45,6
3198;2023.05.27 19:00;4;12,1875;14,25;14,125;2916;202;0;45,6
3199;2023.05.27 19:15;4;12,1875;14;13,875;2913;202;0;45,6
3200;2023.05.27 19:30;4;12,125;13,8125;13,5625;2912;202;0;45,5
3201;2023.05.27 19:45;4;12,125;13,5;13;2912;202;0;45,5
3202;2023.05.27 20:00;4;12,125;13,0625;12,25;2911;202;0;45,5
3203;2023.05.27 20:15;4;12,125;12,625;11,5;2909;202;0;45,5
3204;2023.05.27 20:30;4;12,125;12,375;11,3125;2909;202;0;45,5
3205;2023.05.27 20:45;4;12,125;12,125;10,875;2908;202;0;45,5
3206;2023.05.27 21:00;4;12,125;11,875;10,5;2908;202;0;45,5
3207;2023.05.27 21:15;4;12,125;11,8125;10,625;2908;202;0;45,5
3208;2023.05.27 21:30;4;12,125;11,75;10,5;2908;202;0;45,5
3209;2023.05.27 21:45;4;12,0625;11,5;10,125;2907;202;0;45,5
3210;2023.05.27 22:00;4;12;11,25;9,875;2906;202;0;45,4
3211;2023.05.27 22:15;4;12;11,125;9,625;2906;202;0;45,4
3212;2023.05.27 22:30;4;12;10,6875;8,875;2906;202;0;45,4
3213;2023.05.27 22:45;4;12;10,375;8,375;2906;202;0;45,4
3214;2023.05.27 23:00;4;11,9375;10,0625;8,0625;2907;202;0;45,5
3215;2023.05.27 23:15;4;11,875;9,875;7,8125;2907;202;0;45,5
3216;2023.05.27 23:30;4;11,875;9,6875;7,5;2907;202;0;45,5
3217;2023.05.27 23:45;4;11,875;9,5;7,25;2907;202;0;45,5
3218;2023.05.28 00:00;4;11,8125;9,375;7,125;2908;202;0;45,5
3219;2023.05.28 00:15;4;11,75;9,375;7,3125;2908;202;0;45,5
3220;2023.05.28 00:30;4;11,75;9,4375;7,5;2909;202;0;45,5
3221;2023.05.28 00:45;4;11,75;9,4375;7,5625;2909;202;0;45,5
3222;2023.05.28 01:00;4;11,6875;9,5;7,75;2910;202;0;45,5
3223;2023.05.28 01:15;4;11,625;9,375;7,5;2910;202;0;45,5
3224;2023.05.28 01:30;4;11,625;9,0625;6,875;2910;202;0;45,5
3225;2023.05.28 01:45;4;11,5625;8,75;6,375;2911;202;0;45,5
3226;2023.05.28 02:00;4;11,5;8,5625;6,125;2911;202;0;45,5
3227;2023.05.28 02:15;4;11,5;8,25;5,75;2911;202;0;45,5
3228;2023.05.28 02:30;4;11,5;8,25;5,875;2912;202;0;45,5
3229;2023.05.28 02:45;4;11,4375;8,625;6,9375;2912;202;0;45,5
3230;2023.05.28 03:00;4;11,375;8,875;7,375;2913;202;0;45,6
3231;2023.05.28 03:15;4;11,375;9;7,6875;2913;202;0;45,6
3232;2023.05.28 03:30;4;11,3125;8,875;7,25;2913;202;0;45,6
3233;2023.05.28 03:45;4;11,25;8,625;6,75;2913;202;0;45,6
3234;2023.05.28 04:00;4;11,25;8,375;6;2913;202;0;45,6
3235;2023.05.28 04:15;4;11,25;8,125;5,625;2914;202;0;45,6
3236;2023.05.28 04:30;4;11,1875;8,0625;5,875;2914;202;0;45,6
3237;2023.05.28 04:45;4;11,125;8,25;6,3125;2914;202;0;45,6
3238;2023.05.28 05:00;4;11,125;8,625;7;2915;202;0;45,6
3239;2023.05.28 05:15;4;11,125;8,875;7,5;2914;202;0;45,6
3240;2023.05.28 05:30;4;11,0625;9,0625;7,75;2914;202;0;45,6
3241;2023.05.28 05:45;4;11;9,375;8,25;2914;202;0;45,6
3242;2023.05.28 06:00;4;11;9,625;8,875;2914;202;0;45,6
3243;2023.05.28 06:15;4;11;9,875;9,25;2914;202;0;45,6
3244;2023.05.28 06:30;4;10,9375;10,75;11,0625;2915;202;0;45,6
3245;2023.05.28 06:45;4;10,9375;11,6875;12,0625;2915;202;0;45,6
3246;2023.05.28 07:00;4;10,875;11,6875;12;2914;202;0;45,6
3247;2023.05.28 07:15;4;10,875;12;12,5625;2912;202;0;45,5
3248;2023.05.28 07:30;4;10,875;12;12,5;2912;202;0;45,5
3249;2023.05.28 07:45;4;10,875;12,1875;12,75;2911;202;0;45,5
3250;2023.05.28 08:00;4;10,875;12,125;12,5;2910;202;0;45,5
3251;2023.05.28 08:15;4;10,875;12,5;13,25;2909;202;0;45,5
3252;2023.05.28 08:30;4;10,875;13,25;14,125;2907;202;0;45,5
3253;2023.05.28 08:45;4;10,875;13,75;14,75;2906;202;0;45,4
3254;2023.05.28 09:00;4;10,875;13,75;14,625;2905;202;0;45,4
3255;2023.05.28 09:15;4;10,875;13,875;15,1875;2903;202;0;45,4
3256;2023.05.28 09:30;4;10,875;14,4375;16;2903;202;0;45,4
3257;2023.05.28 09:45;4;10,875;14,9375;16,5;2901;202;0;45,3
3258;2023.05.28 10:00;4;10,875;15,125;16,9375;2900;202;0;45,3
3259;2023.05.28 10:15;4;10,875;15,375;17,125;2898;202;0;45,3
3260;2023.05.28 10:30;4;10,9375;15,625;17,5;2897;202;0;45,3
3261;2023.05.28 10:45;4;10,9375;15,75;17,625;2895;202;0;45,2
3262;2023.05.28 11:00;4;11;16,5;18,375;2893;202;0;45,2
3263;2023.05.28 11:15;4;11;17;18,75;2892;202;0;45,2
3264;2023.05.28 11:30;4;11;17,5625;20;2889;202;0;45,1
3265;2023.05.28 11:45;4;11;17,375;19,875;2886;202;0;45,1
3266;2023.05.28 12:00;4;11,0625;17,625;20;2884;202;0;45,1
3267;2023.05.28 12:15;4;11,125;17,625;19,875;2881;202;0;45,0
3268;2023.05.28 12:30;4;11,125;17,5;19,5;2874;202;0;44,9
3269;2023.05.28 12:45;4;11,1875;18,625;21,5;2871;202;0;44,8
3270;2023.05.28 13:00;4;11,25;18,875;21,25;2869;202;0;44,8
3271;2023.05.28 13:15;4;11,25;19,6875;22,75;2867;202;0;44,8
3272;2023.05.28 13:30;4;11,25;19,875;22,25;2866;202;0;44,7
3273;2023.05.28 13:45;4;11,375;22,125;26,25;2867;202;0;44,8
3274;2023.05.28 14:00;4;11,375;20,375;21,875;2864;202;0;44,7
3275;2023.05.28 14:15;4;11,4375;20,375;23,125;2863;202;0;44,7
3276;2023.05.28 14:30;4;11,5;21;23,25;2862;202;0;44,7
3277;2023.05.28 14:45;4;11,5;20,3125;22,125;2860;202;0;44,6
3278;2023.05.28 15:00;4;11,625;20;21,75;2859;202;0;44,6
3279;2023.05.28 15:15;4;11,625;18,25;18,75;2856;202;0;44,6
3280;2023.05.28 15:30;4;11,75;18,625;19,9375;2855;202;0;44,6
3281;2023.05.28 15:45;4;11,75;18,625;20,375;2852;202;0;44,5
3282;2023.05.28 16:00;4;11,8125;18,5625;19,9375;2844;202;0;44,4
3283;2023.05.28 16:15;4;11,875;17,875;18,75;2842;202;0;44,3
3284;2023.05.28 16:30;4;11,875;17,5;18,5;2840;202;0;44,3
3285;2023.05.28 16:45;4;11,9375;17,25;18,375;2839;202;0;44,3
3286;2023.05.28 17:00;4;12;16,6875;17,375;2837;202;0;44,2
3287;2023.05.28 17:15;4;12;16,625;17,625;2836;202;0;44,2
3288;2023.05.28 17:30;4;12;15,9375;16,4375;2834;202;0;44,2
3289;2023.05.28 17:45;4;12,0625;15,625;16,125;2833;202;0;44,2
3290;2023.05.28 18:00;4;12,0625;15,4375;15,875;2831;202;0;44,1
3291;2023.05.28 18:15;4;12,125;14,875;15;2830;202;0;44,1
3292;2023.05.28 18:30;4;12,125;14,8125;15;2829;202;0;44,1
3293;2023.05.28 18:45;4;12,125;14,5;14,625;2828;202;0;44,1
3294;2023.05.28 19:00;4;12,125;14;13,8125;2827;202;0;44,1
3295;2023.05.28 19:15;4;12,125;13,5;13,25;2826;202;0;44,1
3296;2023.05.28 19:30;4;12,125;13,1875;12,75;2825;202;0;44,0
3297;2023.05.28 19:45;4;12,125;12,875;12,375;2824;202;0;44,0
3298;2023.05.28 20:00;4;12,125;12,5;11,8125;2824;202;0;44,0
3299;2023.05.28 20:15;4;12,125;12,1875;11,3125;2823;202;0;44,0
3300;2023.05.28 20:30;4;12,125;11,875;10,875;2823;202;0;44,0
3301;2023.05.28 20:45;4;12,0625;11,5625;10,375;2822;202;0;44,0
3302;2023.05.28 21:00;4;12;11,25;10,125;2822;202;0;44,0
3303;2023.05.28 21:15;4;12;11;9,625;2822;202;0;44,0
3304;2023.05.28 21:30;4;12;10,875;9,5;2822;202;0;44,0
3305;2023.05.28 21:45;4;12;10,75;9,25;2822;202;0;44,0
3306;2023.05.28 22:00;4;11,9375;10,625;9,375;2822;202;0;44,0
3307;2023.05.28 22:15;4;11,9375;10,5;9,125;2822;202;0;44,0
3308;2023.05.28 22:30;4;11,875;10,375;8,875;2822;202;0;44,0
3309;2023.05.28 22:45;4;11,875;10,125;8,625;2822;202;0;44,0
3310;2023.05.28 23:00;4;11,875;10;8,5;2823;202;0;44,0
3311;2023.05.28 23:15;4;11,8125;9,875;8,375;2823;202;0;44,0
3312;2023.05.28 23:30;4;11,75;9,8125;8,4375;2823;202;0;44,0
3313;2023.05.28 23:45;4;11,75;9,75;8,3125;2824;202;0;44,0
3314;2023.05.29 00:00;4;11,75;9,625;8,125;2824;202;0;44,0
3315;2023.05.29 00:15;4;11,6875;9,4375;7,625;2825;202;0;44,0
3316;2023.05.29 00:30;4;11,625;9,25;7,25;2825;202;0;44,0
3317;2023.05.29 00:45;4;11,625;9;6,875;2825;202;0;44,0
3318;2023.05.29 01:00;4;11,5625;8,75;6,5;2826;202;0;44,1
3319;2023.05.29 01:15;4;11,5;8,6875;6,5;2827;202;0;44,1
3320;2023.05.29 01:30;4;11,5;8,4375;6,125;2827;202;0;44,1
3321;2023.05.29 01:45;4;11,5;8,125;5,625;2827;202;0;44,1
3322;2023.05.29 02:00;4;11,4375;8,125;5,75;2828;202;0;44,1
3323;2023.05.29 02:15;4;11,375;8,125;5,875;2829;202;0;44,1
3324;2023.05.29 02:30;4;11,375;7,9375;5,5625;2829;202;0;44,1
3325;2023.05.29 02:45;4;11,3125;7,6875;5;2830;202;0;44,1
3326;2023.05.29 03:00;4;11,25;7,375;4,625;2830;202;0;44,1
3327;2023.05.29 03:15;4;11,25;7,1875;4,25;2831;202;0;44,1
3328;2023.05.29 03:30;4;11,25;7;4;2832;202;0;44,2
3329;2023.05.29 03:45;4;11,1875;6,8125;3,75;2832;202;0;44,2
3330;2023.05.29 04:00;4;11,125;6,625;3,625;2832;202;0;44,2
3331;2023.05.29 04:15;4;11,125;6,5;3,5;2833;202;0;44,2
3332;2023.05.29 04:30;4;11,0625;6,5625;3,625;2834;202;0;44,2
3333;2023.05.29 04:45;4;11;6,625;3,875;2834;202;0;44,2
3334;2023.05.29 05:00;4;11;6,875;4,3125;2835;202;0;44,2
3335;2023.05.29 05:15;4;10,875;7,125;4,625;2836;202;0;44,2
3336;2023.05.29 05:30;4;10,875;7,375;5,25;2836;202;0;44,2
3337;2023.05.29 05:45;4;10,875;7,5;5,375;2836;202;0;44,2
3338;2023.05.29 06:00;4;10,8125;7,75;5,75;2837;202;0;44,2
3339;2023.05.29 06:15;4;10,75;8,125;6,625;2837;202;0;44,2
3340;2023.05.29 06:30;4;10,75;8,9375;8,4375;2837;202;0;44,2
3341;2023.05.29 06:45;4;10,6875;9,875;9,625;2837;202;0;44,2
3342;2023.05.29 07:00;4;10,6875;10,4375;10,75;2837;202;0;44,2
3343;2023.05.29 07:15;4;10,625;10,875;11,5;2837;202;0;44,2
3344;2023.05.29 07:30;4;10,625;11,125;11,625;2835;202;0;44,2
3345;2023.05.29 07:45;4;10,625;11,625;12,5;2835;202;0;44,2
3346;2023.05.29 08:00;4;10,625;12,5625;13,875;2834;202;0;44,2
3347;2023.05.29 08:15;4;10,625;13,25;15;2833;202;0;44,2
3348;2023.05.29 08:30;4;10,625;13,625;15,375;2832;202;0;44,2
3349;2023.05.29 08:45;4;10,625;13,625;15,0625;2830;202;0;44,1
3350;2023.05.29 09:00;4;10,625;13,875;15,375;2829;202;0;44,1
3351;2023.05.29 09:15;4;10,625;13,875;15,375;2827;202;0;44,1
3352;2023.05.29 09:30;4;10,625;14,1875;15,875;2826;202;0;44,1
3353;2023.05.29 09:45;4;10,625;14,75;16,5625;2824;202;0;44,0
3354;2023.05.29 10:00;4;10,625;14,875;16,875;2823;202;0;44,0
3355;2023.05.29 10:15;4;10,625;15,25;17,25;2821;202;0;44,0
3356;2023.05.29 10:30;4;10,6875;15,5625;17,6875;2820;202;0;43,9
3357;2023.05.29 10:45;4;10,75;15,875;18;2818;202;0;43,9
3358;2023.05.29 11:00;4;10,75;16,5;18,75;2816;202;0;43,9
3359;2023.05.29 11:15;4;10,75;17,4375;20,375;2815;202;0;43,9
3360;2023.05.29 11:30;4;10,75;18,4375;21,5;2813;202;0;43,8
3361;2023.05.29 11:45;4;10,8125;18,5;21,375;2810;202;0;43,8
3362;2023.05.29 12:00;4;10,875;18,1875;20,375;2806;202;0;43,7
3363;2023.05.29 12:15;4;10,875;17,8125;19,625;2803;202;0;43,7
3364;2023.05.29 12:30;4;10,9375;17,875;19,75;2800;202;0;43,6
3365;2023.05.29 12:45;4;11;18,25;20,5;2798;202;0;43,6
3366;2023.05.29 13:00;4;11;18,75;20,875;2795;202;0;43,5
3367;2023.05.29 13:15;4;11,0625;18,875;20,5;2793;202;0;43,5
3368;2023.05.29 13:30;4;11,125;19,0625;20,375;2791;202;0;43,4
3369;2023.05.29 13:45;4;11,1875;21,125;23,125;2791;202;0;43,4
3370;2023.05.29 14:00;4;11,25;20,875;22,375;2790;202;0;43,4
3371;2023.05.29 14:15;4;11,25;20,25;21,8125;2788;202;0;43,4
3372;2023.05.29 14:30;4;11,375;20,625;21,75;2787;202;0;43,4
3373;2023.05.29 14:45;4;11,375;19,4375;20,125;2785;202;0;43,3
3374;2023.05.29 15:00;4;11,5;18,625;19,375;2783;202;0;43,3
3375;2023.05.29 15:15;4;11,5;18,375;19,25;2782;202;0;43,3
3376;2023.05.29 15:30;4;11,625;18;18,875;2781;202;0;43,3
3377;2023.05.29 15:45;4;11,625;17,75;18,75;2779;202;0;43,2
3378;2023.05.29 16:00;4;11,6875;17,5;18,375;2778;202;0;43,2
3379;2023.05.29 16:15;4;11,75;17,375;18,5625;2777;202;0;43,2
3380;2023.05.29 16:30;4;11,75;17,125;18,25;2776;202;0;43,2
3381;2023.05.29 16:45;4;11,8125;16,75;17,5;2775;202;0;43,2
3382;2023.05.29 17:00;4;11,875;16,375;17;2774;202;0;43,1
3383;2023.05.29 17:15;4;11,875;16,1875;17,125;2773;202;0;43,1
3384;2023.05.29 17:30;4;11,875;15,875;16,625;2770;202;0;43,1
3385;2023.05.29 17:45;4;11,9375;15,5;15,8125;2768;202;0;43,0
3386;2023.05.29 18:00;4;12;15,125;15,25;2767;202;0;43,0
3387;2023.05.29 18:15;4;12;14,6875;14,75;2766;202;0;43,0
3388;2023.05.29 18:30;4;12;14,375;14,375;2765;202;0;43,0
3389;2023.05.29 18:45;4;12;14;13,875;2764;202;0;43,0
3390;2023.05.29 19:00;4;12;13,5625;13,125;2763;202;0;43,0
3391;2023.05.29 19:15;4;12;13,125;12,375;2762;202;0;42,9
3392;2023.05.29 19:30;4;12;12,625;11,6875;2761;202;0;42,9
3393;2023.05.29 19:45;4;12;12,25;11,1875;2761;202;0;42,9
3394;2023.05.29 20:00;4;12;12;10,75;2760;202;0;42,9
3395;2023.05.29 20:15;4;12;11,625;10,25;2760;202;0;42,9
3396;2023.05.29 20:30;4;12;11,3125;9,875;2760;202;0;42,9
3397;2023.05.29 20:45;4;11,9375;11;9,5;2761;202;0;42,9
3398;2023.05.29 21:00;4;11,9375;10,8125;9,125;2761;202;0;42,9
3399;2023.05.29 21:15;4;11,875;10,5;8,625;2761;202;0;42,9
3400;2023.05.29 21:30;4;11,875;10,25;8,375;2761;202;0;42,9
3401;2023.05.29 21:45;4;11,875;10;8;2762;202;0;42,9
3402;2023.05.29 22:00;4;11,875;9,875;7,9375;2763;202;0;43,0
3403;2023.05.29 22:15;4;11,8125;9,625;7,5625;2763;202;0;43,0
3404;2023.05.29 22:30;4;11,75;9,5;7,375;2765;202;0;43,0
3405;2023.05.29 22:45;4;11,75;9,3125;7,125;2765;202;0;43,0
3406;2023.05.29 23:00;4;11,75;9,0625;6,8125;2765;202;0;43,0
3407;2023.05.29 23:15;4;11,6875;9;6,875;2766;202;0;43,0
3408;2023.05.29 23:30;4;11,625;8,875;6,75;2766;202;0;43,0
3409;2023.05.29 23:45;4;11,625;8,75;6,5;2767;202;0;43,0
3410;2023.05.30 00:00;4;11,5625;8,625;6,25;2768;202;0;43,0
3411;2023.05.30 00:15;4;11,5;8,5;6,1875;2768;202;0;43,0
3412;2023.05.30 00:30;4;11,5;8,25;5,9375;2769;202;0;43,1
3413;2023.05.30 00:45;4;11,5;8,25;5,875;2770;202;0;43,1
3414;2023.05.30 01:00;4;11,4375;8,125;5,75;2775;202;0;43,2
3415;2023.05.30 01:15;4;11,375;8;5,625;2775;202;0;43,2
3416;2023.05.30 01:30;4;11,375;7,875;5,4375;2772;202;0;43,1
3417;2023.05.30 01:45;4;11,3125;7,8125;5,375;2773;202;0;43,1
3418;2023.05.30 02:00;4;11,25;7,625;5,1875;2774;202;0;43,1
3419;2023.05.30 02:15;4;11,25;7,625;5,125;2777;202;0;43,2
3420;2023.05.30 02:30;4;11,1875;7,625;5,1875;2774;202;0;43,1
3421;2023.05.30 02:45;4;11,125;7,5;5;2775;202;0;43,2
3422;2023.05.30 03:00;4;11,125;7,5;5,0625;2777;202;0;43,2
3423;2023.05.30 03:15;4;11,125;7,375;4,9375;2779;202;0;43,2
3424;2023.05.30 03:30;4;11,0625;7,3125;4,875;2779;202;0;43,2
3425;2023.05.30 03:45;4;11;7,25;4,75;2781;202;0;43,3
3426;2023.05.30 04:00;4;11;7,1875;4,75;2782;202;0;43,3
3427;2023.05.30 04:15;4;10,9375;7,25;4,875;2783;202;0;43,3
3428;2023.05.30 04:30;4;10,875;7,25;5;2784;202;0;43,3
3429;2023.05.30 04:45;4;10,875;7,375;5,25;2785;202;0;43,3
3430;2023.05.30 05:00;4;10,875;7,5625;5,625;2786;202;0;43,4
3431;2023.05.30 05:15;4;10,8125;7,75;6,125;2778;202;0;43,2
3432;2023.05.30 05:30;4;10,75;8;6,4375;2778;202;0;43,2
3433;2023.05.30 05:45;4;10,75;8,25;6,75;2779;202;0;43,2
3434;2023.05.30 06:00;4;10,6875;8,4375;7,1875;2779;202;0;43,2
3435;2023.05.30 06:15;4;10,625;8,875;8,125;2779;202;0;43,2
3436;2023.05.30 06:30;4;10,625;9,875;10,125;2780;202;0;43,2
3437;2023.05.30 06:45;4;10,625;10,6875;11;2780;202;0;43,2
3438;2023.05.30 07:00;4;10,625;11;11,5625;2779;202;0;43,2
3439;2023.05.30 07:15;4;10,625;11,3125;12;2779;202;0;43,2
3440;2023.05.30 07:30;4;10,5625;11,625;12,5;2778;202;0;43,2
3441;2023.05.30 07:45;4;10,5625;12,1875;13,5;2777;202;0;43,2
3442;2023.05.30 08:00;4;10,5625;13,25;15,25;2777;202;0;43,2
3443;2023.05.30 08:15;4;10,5625;14;16,25;2776;202;0;43,2
3444;2023.05.30 08:30;4;10,5625;14,3125;16,375;2775;202;0;43,2
3445;2023.05.30 08:45;4;10,5625;14,375;16,25;2773;202;0;43,1
3446;2023.05.30 09:00;4;10,625;14,5625;16,375;2771;202;0;43,1
3447;2023.05.30 09:15;4;10,625;14,6875;16,75;2770;202;0;43,1
3448;2023.05.30 09:30;4;10,625;15,125;17,375;2769;202;0;43,1
3449;2023.05.30 09:45;4;10,625;15,75;18,25;2768;202;0;43,0
3450;2023.05.30 10:00;4;10,625;15,875;18,375;2766;202;0;43,0
3451;2023.05.30 10:15;4;10,6875;16,1875;18,5;2764;202;0;43,0
3452;2023.05.30 10:30;4;10,75;16,5;18,75;2763;202;0;43,0
3453;2023.05.30 10:45;4;10,75;16,75;18,8125;2761;202;0;42,9
3454;2023.05.30 11:00;4;10,75;17;19;2759;202;0;42,9
3455;2023.05.30 11:15;4;10,8125;18,25;21,375;2757;202;0;42,8
3456;2023.05.30 11:30;4;10,875;19,5625;22,5;2756;202;0;42,8
3457;2023.05.30 11:45;4;10,875;19,125;21,375;2752;202;0;42,8
3458;2023.05.30 12:00;4;10,9375;18,5;20,5;2748;202;0;42,7
3459;2023.05.30 12:15;4;11;18,375;20,625;2745;202;0;42,6
3460;2023.05.30 12:30;4;11;18,875;21,125;2743;202;0;42,6
3461;2023.05.30 12:45;4;11,125;19,6875;22;2742;202;0;42,6
3462;2023.05.30 13:00;4;11,125;20,0625;22,375;2740;202;0;42,5
3463;2023.05.30 13:15;4;11,1875;21,125;24,125;2732;202;0;42,4
3464;2023.05.30 13:30;4;11,25;22,3125;25;2732;202;0;42,4
3465;2023.05.30 13:45;4;11,3125;23,4375;25;2733;202;0;42,4
3466;2023.05.30 14:00;4;11,375;23,0625;25;2731;202;0;42,4
3467;2023.05.30 14:15;4;11,5;22,5;24,125;2728;202;0;42,3
3468;2023.05.30 14:30;4;11,5;22,875;23,9375;2728;202;0;42,3
3469;2023.05.30 14:45;4;11,625;21,375;22,1875;2726;202;0;42,3
3470;2023.05.30 15:00;4;11,6875;20,375;21,25;2723;202;0;42,2
3471;2023.05.30 15:15;4;11,75;19,875;21,125;2721;202;0;42,2
3472;2023.05.30 15:30;4;11,875;19,375;20,625;2719;202;0;42,2
3473;2023.05.30 15:45;4;11,875;19,125;20,375;2719;202;0;42,2
3474;2023.05.30 16:00;4;12;18,875;20,25;2717;202;0;42,1
3475;2023.05.30 16:15;4;12;18,75;20,375;2716;202;0;42,1
3476;2023.05.30 16:30;4;12,0625;18,625;20,25;2715;202;0;42,1
3477;2023.05.30 16:45;4;12,125;18,5;20;2714;202;0;42,1
3478;2023.05.30 17:00;4;12,125;18,125;19,375;2713;202;0;42,1
3479;2023.05.30 17:15;4;12,1875;17,875;19,3125;2711;202;0;42,0
3480;2023.05.30 17:30;4;12,25;17,625;19;2710;202;0;42,0
3481;2023.05.30 17:45;4;12,25;17,125;18;2709;202;0;42,0
3482;2023.05.30 18:00;4;12,25;16,75;17,4375;2707;202;0;42,0
3483;2023.05.30 18:15;4;12,3125;16,375;17,0625;2706;202;0;41,9
3484;2023.05.30 18:30;4;12,375;16,0625;16,5;2705;202;0;41,9
3485;2023.05.30 18:45;4;12,375;15,625;16;2703;202;0;41,9
3486;2023.05.30 19:00;4;12,375;15,25;15,3125;2702;202;0;41,9
3487;2023.05.30 19:15;4;12,375;14,75;14,625;2701;202;0;41,9
3488;2023.05.30 19:30;4;12,375;14,25;13,75;2700;202;0;41,8
3489;2023.05.30 19:45;4;12,375;13,875;13,25;2699;202;0;41,8
3490;2023.05.30 20:00;4;12,375;13,4375;12,6875;2698;202;0;41,8
3491;2023.05.30 20:15;4;12,375;13;12;2697;202;0;41,8
3492;2023.05.30 20:30;4;12,375;12,625;11,5;2697;202;0;41,8
3493;2023.05.30 20:45;4;12,375;12,4375;11,3125;2697;202;0;41,8
3494;2023.05.30 21:00;4;12,375;12,125;10,875;2697;202;0;41,8
3495;2023.05.30 21:15;4;12,3125;11,75;10,375;2702;202;0;41,9
3496;2023.05.30 21:30;4;12,3125;11,5;10;2719;202;0;42,2
3497;2023.05.30 21:45;4;12,25;11,25;9,5625;2720;202;0;42,2
3498;2023.05.30 22:00;4;12,25;11;9,25;2719;202;0;42,2
3499;2023.05.30 22:15;4;12,25;10,875;9,125;2718;202;0;42,2
3500;2023.05.30 22:30;4;12,1875;10,5;8,625;2718;202;0;42,2
3501;2023.05.30 22:45;4;12,1875;10,25;8,25;2718;202;0;42,2
3502;2023.05.30 23:00;4;12,125;10;8;2719;202;0;42,2
3503;2023.05.30 23:15;4;12,125;9,75;7,625;2719;202;0;42,2
3504;2023.05.30 23:30;4;12,0625;9,6875;7,625;2718;202;0;42,2
3505;2023.05.30 23:45;4;12;9,5;7,375;2719;202;0;42,2
3506;2023.05.31 00:00;4;12;9,25;7;2719;202;0;42,2
3507;2023.05.31 00:15;4;12;9,125;6,8125;2712;202;0;42,1
3508;2023.05.31 00:30;4;11,9375;9;6,75;2705;202;0;41,9
3509;2023.05.31 00:45;4;11,875;8,75;6,375;2706;202;0;41,9
3510;2023.05.31 01:00;4;11,875;8,625;6,1875;2706;202;0;41,9
3511;2023.05.31 01:15;4;11,8125;8,375;5,875;2706;202;0;41,9
3512;2023.05.31 01:30;4;11,75;8,25;5,75;2706;202;0;41,9
3513;2023.05.31 01:45;4;11,75;8,125;5,625;2710;202;0;42,0
3514;2023.05.31 02:00;4;11,6875;8;5,25;2706;202;0;41,9
3515;2023.05.31 02:15;4;11,625;7,875;5,25;2707;202;0;42,0
3516;2023.05.31 02:30;4;11,625;7,6875;5;2708;202;0;42,0
3517;2023.05.31 02:45;4;11,5625;7,5;4,875;2709;202;0;42,0
3518;2023.05.31 03:00;4;11,5;7,5;4,75;2710;202;0;42,0
3519;2023.05.31 03:15;4;11,5;7,375;4,625;2710;202;0;42,0
3520;2023.05.31 03:30;4;11,4375;7,25;4,5;2711;202;0;42,0
3521;2023.05.31 03:45;4;11,375;7;4,1875;2712;202;0;42,1
3522;2023.05.31 04:00;4;11,375;7;4,25;2713;202;0;42,1
3523;2023.05.31 04:15;4;11,3125;6,9375;4,1875;2713;202;0;42,1
3524;2023.05.31 04:30;4;11,25;7;4,4375;2714;202;0;42,1
3525;2023.05.31 04:45;4;11,25;7,125;4,6875;2717;202;0;42,1
3526;2023.05.31 05:00;4;11,125;7,25;4,9375;2714;202;0;42,1
3527;2023.05.31 05:15;4;11,125;7,5;5,5;2714;202;0;42,1
3528;2023.05.31 05:30;4;11,125;7,75;5,8125;2715;202;0;42,1
3529;2023.05.31 05:45;4;11;7,875;6;2716;202;0;42,1
3530;2023.05.31 06:00;4;11;8,25;6,6875;2717;202;0;42,1
3531;2023.05.31 06:15;4;11;8,6875;7,625;2718;202;0;42,2
3532;2023.05.31 06:30;4;10,9375;9,625;9,6875;2719;202;0;42,2
3533;2023.05.31 06:45;4;10,875;10,5;10,5;2719;202;0;42,2
3534;2023.05.31 07:00;4;10,875;10,75;10,875;2720;202;0;42,2
3535;2023.05.31 07:15;4;10,875;11,125;11,25;2719;202;0;42,2
3536;2023.05.31 07:30;4;10,875;11,375;11,75;2718;202;0;42,2
3537;2023.05.31 07:45;4;10,8125;11,8125;12,5625;2715;202;0;42,1
3538;2023.05.31 08:00;4;10,8125;12,9375;14,5;2715;202;0;42,1
3539;2023.05.31 08:15;4;10,8125;13,75;15,1875;2714;202;0;42,1
3540;2023.05.31 08:30;4;10,8125;13,8125;15,375;2712;202;0;42,1
3541;2023.05.31 08:45;4;10,8125;14,0625;15,5625;2715;202;0;42,1
3542;2023.05.31 09:00;4;10,8125;14,25;15,9375;2709;202;0;42,0
3543;2023.05.31 09:15;4;10,875;14,4375;16,3125;2707;202;0;42,0
3544;2023.05.31 09:30;4;10,875;14,875;16,875;2705;202;0;41,9
3545;2023.05.31 09:45;4;10,875;15,75;17,6875;2704;202;0;41,9
3546;2023.05.31 10:00;4;10,875;15,8125;17,875;2701;202;0;41,9
3547;2023.05.31 10:15;4;10,875;16;18;2699;202;0;41,8
3548;2023.05.31 10:30;4;10,9375;16,25;18,375;2697;202;0;41,8
3549;2023.05.31 10:45;4;10,9375;16,6875;18,8125;2695;202;0;41,8
3550;2023.05.31 11:00;4;11;17,375;19,75;2693;202;0;41,7
3551;2023.05.31 11:15;4;11;18,75;21,75;2691;202;0;41,7
3552;2023.05.31 11:30;4;11,0625;20,125;23,75;2689;202;0;41,6
3553;2023.05.31 11:45;4;11,125;19,625;22,125;2685;202;0;41,6
3554;2023.05.31 12:00;4;11,125;19,125;21,625;2676;202;0;41,4
3555;2023.05.31 12:15;4;11,1875;19;21,25;2672;202;0;41,3
3556;2023.05.31 12:30;4;11,25;19,3125;21,875;2668;202;0;41,3
3557;2023.05.31 12:45;4;11,25;20,1875;23,1875;2665;202;0;41,2
3558;2023.05.31 13:00;4;11,3125;20,625;22,875;2662;202;0;41,2
3559;2023.05.31 13:15;4;11,375;22;25,25;2661;202;0;41,1
3560;2023.05.31 13:30;4;11,4375;23,125;26,125;2660;202;0;41,1
3561;2023.05.31 13:45;4;11,5;24,4375;26,875;2660;202;0;41,1
3562;2023.05.31 14:00;4;11,625;24,1875;26,375;2658;202;0;41,1
3563;2023.05.31 14:15;4;11,625;23,5;25,25;2655;202;0;41,0
3564;2023.05.31 14:30;4;11,75;24;25,1875;2653;202;0;41,0
3565;2023.05.31 14:45;4;11,8125;22,125;23,0625;2649;202;0;40,9
3566;2023.05.31 15:00;4;11,875;21,125;22,3125;2645;202;0;40,9
3567;2023.05.31 15:15;4;12;20,5;21,5;2643;202;0;40,8
3568;2023.05.31 15:30;4;12,0625;19,75;21;2639;202;0;40,8
3569;2023.05.31 15:45;4;12,125;19,5625;20,9375;2637;202;0;40,7
3570;2023.05.31 16:00;4;12,25;19,375;20,875;2635;202;0;40,7
3571;2023.05.31 16:15;4;12,25;19,1875;20,8125;2633;202;0;40,6
3572;2023.05.31 16:30;4;12,3125;19,125;20,75;2631;202;0;40,6
3573;2023.05.31 16:45;4;12,375;18,8125;20,25;2629;202;0;40,6
3574;2023.05.31 17:00;4;12,375;18,4375;19,75;2628;202;0;40,6
3575;2023.05.31 17:15;4;12,4375;18,125;19,375;2626;202;0;40,5
3576;2023.05.31 17:30;4;12,5;17,875;19,125;2624;202;0;40,5
3577;2023.05.31 17:45;4;12,5;17,375;18,125;2623;202;0;40,5
3578;2023.05.31 18:00;4;12,5;16,875;17,4375;2621;202;0;40,4
3579;2023.05.31 18:15;4;12,5;16,5;17;2620;202;0;40,4
3580;2023.05.31 18:30;4;12,5625;16,125;16,375;2618;202;0;40,4
3581;2023.05.31 18:45;4;12,5625;15,6875;15,8125;2616;202;0;40,3
3582;2023.05.31 19:00;4;12,625;15,125;15;2615;202;0;40,3
3583;2023.05.31 19:15;4;12,625;14,75;14,375;2614;202;0;40,3
3584;2023.05.31 19:30;4;12,625;14,25;13,75;2612;202;0;40,3
3585;2023.05.31 19:45;4;12,625;13,875;13,125;2611;202;0;40,3
3586;2023.05.31 20:00;4;12,625;13,4375;12,5;2611;202;0;40,3
3587;2023.05.31 20:15;4;12,5625;12,9375;11,75;2610;202;0;40,2
3588;2023.05.31 20:30;4;12,5625;12,625;11,375;2609;202;0;40,2
3589;2023.05.31 20:45;4;12,5625;12,25;10,875;2609;202;0;40,2
3590;2023.05.31 21:00;4;12,5;11,8125;10,25;2608;202;0;40,2
3591;2023.05.31 21:15;4;12,5;11,5;9,75;2609;202;0;40,2
3592;2023.05.31 21:30;4;12,5;11,125;9,25;2609;202;0;40,2
3593;2023.05.31 21:45;4;12,5;10,875;8,9375;2610;202;0;40,2
3594;2023.05.31 22:00;4;12,4375;10,5625;8,5;2611;202;0;40,3
3595;2023.05.31 22:15;4;12,375;10,25;8,0625;2611;202;0;40,3
3596;2023.05.31 22:30;4;12,375;10;7,75;2611;202;0;40,3
3597;2023.05.31 22:45;4;12,375;9,75;7,375;2612;202;0;40,3
3598;2023.05.31 23:00;4;12,25;9,5625;7,1875;2613;202;0;40,3
3599;2023.05.31 23:15;4;12,25;9,3125;6,875;2614;202;0;40,3
3600;2023.05.31 23:30;4;12,25;9,125;6,625;2615;202;0;40,3
3601;2023.05.31 23:45;4;12,1875;8,875;6,25;2615;202;0;40,3
3602;2023.06.01 00:00;4;12,125;8,75;6,1875;2616;202;0;40,3
3603;2023.06.01 00:15;4;12,125;8,5625;6;2618;202;0;40,4
3604;2023.06.01 00:30;4;12;8,375;5,75;2618;202;0;40,4
3605;2023.06.01 00:45;4;12;8,1875;5,4375;2619;202;0;40,4
3606;2023.06.01 01:00;4;11,9375;8;5,3125;2620;202;0;40,4
3607;2023.06.01 01:15;4;11,875;7,9375;5,1875;2621;202;0;40,4
3608;2023.06.01 01:30;4;11,875;7,6875;4,875;2622;202;0;40,4
3609;2023.06.01 01:45;4;11,8125;7,625;4,75;2623;202;0;40,5
3610;2023.06.01 02:00;4;11,75;7,375;4,5;2623;202;0;40,5
3611;2023.06.01 02:15;4;11,75;7,25;4,375;2624;202;0;40,5
3612;2023.06.01 02:30;4;11,6875;7,125;4,0625;2624;202;0;40,5
3613;2023.06.01 02:45;4;11,625;7;4;2625;202;0;40,5
3614;2023.06.01 03:00;4;11,625;6,875;3,875;2626;202;0;40,5
3615;2023.06.01 03:15;4;11,5;6,75;3,75;2627;202;0;40,5
3616;2023.06.01 03:30;4;11,5;6,625;3,625;2627;202;0;40,5
3617;2023.06.01 03:45;4;11,4375;6,5625;3,625;2629;202;0;40,6
3618;2023.06.01 04:00;4;11,375;6,5;3,5;2629;202;0;40,6
3619;2023.06.01 04:15;4;11,375;6,5;3,5625;2630;202;0;40,6
3620;2023.06.01 04:30;4;11,3125;6,5;3,625;2631;202;0;40,6
3621;2023.06.01 04:45;4;11,25;6,5625;3,8125;2632;202;0;40,6
3622;2023.06.01 05:00;4;11,1875;6,75;4,25;2635;202;0;40,7
3623;2023.06.01 05:15;4;11,125;7,125;4,8125;2658;202;0;41,1
3624;2023.06.01 05:30;4;11,125;7,375;5,25;2646;202;0;40,9
3625;2023.06.01 05:45;4;11,0625;7,75;6;2643;202;0;40,8
3626;2023.06.01 06:00;4;11;8,5;7,5;2633;202;0;40,6
3627;2023.06.01 06:15;4;11;9,125;8,25;2632;202;0;40,6
3628;2023.06.01 06:30;4;10,9375;9,75;9,125;2632;202;0;40,6
3629;2023.06.01 06:45;4;10,9375;10,1875;9,75;2632;202;0;40,6
3630;2023.06.01 07:00;4;10,875;10,75;10,8125;2632;202;0;40,6
3631;2023.06.01 07:15;4;10,875;10,875;10,8125;2632;202;0;40,6
3632;2023.06.01 07:30;4;10,875;11,0625;11,125;2631;202;0;40,6
3633;2023.06.01 07:45;4;10,875;11,4375;11,875;2631;202;0;40,6
3634;2023.06.01 08:00;4;10,875;12,5;13,625;2630;202;0;40,6
3635;2023.06.01 08:15;4;10,875;13,375;14,4375;2629;202;0;40,6
3636;2023.06.01 08:30;4;10,8125;13,5625;14,75;2627;202;0;40,5
3637;2023.06.01 08:45;4;10,875;13,625;14,75;2625;202;0;40,5
3638;2023.06.01 09:00;4;10,875;13,75;14,9375;2623;202;0;40,5
3639;2023.06.01 09:15;4;10,875;14;15,375;2621;202;0;40,4
3640;2023.06.01 09:30;4;10,875;14,375;15,625;2618;202;0;40,4
3641;2023.06.01 09:45;4;10,875;15;16,1875;2615;202;0;40,3
3642;2023.06.01 10:00;4;10,875;14,875;16,125;2612;202;0;40,3
3643;2023.06.01 10:15;4;10,875;15,1875;16,5;2609;202;0;40,2
3644;2023.06.01 10:30;4;10,9375;15,5;16,875;2606;202;0;40,2
3645;2023.06.01 10:45;4;11;15,75;17,375;2603;202;0;40,1
3646;2023.06.01 11:00;4;11;16,125;17,9375;2601;202;0;40,1
3647;2023.06.01 11:15;4;11;17,1875;19,4375;2599;202;0;40,0
3648;2023.06.01 11:30;4;11;19,0625;21,625;2598;202;0;40,0
3649;2023.06.01 11:45;4;11,0625;19;21,125;2595;202;0;40,0
3650;2023.06.01 12:00;4;11,125;18,375;20,3125;2592;202;0;39,9
3651;2023.06.01 12:15;4;11,125;18,0625;20,0625;2588;202;0;39,8
3652;2023.06.01 12:30;4;11,1875;18,25;20,5;2585;202;0;39,8
3653;2023.06.01 12:45;4;11,25;19,25;21,875;2583;202;0;39,7
3654;2023.06.01 13:00;4;11,25;19,5625;21,875;2579;202;0;39,7
3655;2023.06.01 13:15;4;11,375;21,125;24,1875;2577;202;0;39,6
3656;2023.06.01 13:30;4;11,375;22;25,25;2574;202;0;39,6
3657;2023.06.01 13:45;4;11,4375;23,25;25,6875;2572;202;0;39,5
3658;2023.06.01 14:00;4;11,5;22,875;24,625;2568;202;0;39,5
3659;2023.06.01 14:15;4;11,625;20,9375;21,625;2567;202;0;39,5
3660;2023.06.01 14:30;4;11,625;21;21,625;2563;202;0;39,4
3661;2023.06.01 14:45;4;11,75;19,625;20,125;2559;202;0;39,3
3662;2023.06.01 15:00;4;11,8125;19,375;20,25;2557;202;0;39,3
3663;2023.06.01 15:15;4;11,875;19;19,8125;2555;202;0;39,2
3664;2023.06.01 15:30;4;11,9375;18,625;19,8125;2552;202;0;39,2
3665;2023.06.01 15:45;4;12;18,375;19,5;2550;202;0;39,2
3666;2023.06.01 16:00;4;12,0625;18;19;2548;202;0;39,1
3667;2023.06.01 16:15;4;12,125;17,875;19,0625;2546;202;0;39,1
3668;2023.06.01 16:30;4;12,125;17,875;19,125;2545;202;0;39,1
3669;2023.06.01 16:45;4;12,125;17,375;18,25;2543;202;0;39,0
3670;2023.06.01 17:00;4;12,1875;16,5625;16,9375;2541;202;0;39,0
3671;2023.06.01 17:15;4;12,25;15,875;16,0625;2538;202;0;38,9
3672;2023.06.01 17:30;4;12,25;15,375;15,5;2537;202;0;38,9
3673;2023.06.01 17:45;4;12,25;14,9375;14,8125;2535;202;0;38,9
3674;2023.06.01 18:00;4;12,25;14,625;14,5;2533;202;0;38,8
3675;2023.06.01 18:15;4;12,25;14,1875;14;2532;202;0;38,8
3676;2023.06.01 18:30;4;12,25;14;13,75;2531;202;0;38,8
3677;2023.06.01 18:45;4;12,25;13,625;13,375;2529;202;0;38,8
3678;2023.06.01 19:00;4;12,25;13,25;12,75;2528;202;0;38,8
3679;2023.06.01 19:15;4;12,25;12,875;12,375;2528;202;0;38,8
3680;2023.06.01 19:30;4;12,25;12,6875;12,1875;2527;202;0;38,7
3681;2023.06.01 19:45;4;12,25;12,5;11,875;2527;202;0;38,7
3682;2023.06.01 20:00;4;12,25;12,1875;11,5;2526;202;0;38,7
3683;2023.06.01 20:15;4;12,25;11,875;11;2526;202;0;38,7
3684;2023.06.01 20:30;4;12,1875;11,5625;10,625;2525;202;0;38,7
3685;2023.06.01 20:45;4;12,1875;11,25;10,25;2525;202;0;38,7
3686;2023.06.01 21:00;4;12,125;11;10,0625;2525;202;0;38,7
3687;2023.06.01 21:15;4;12,125;10,8125;9,625;2525;202;0;38,7
3688;2023.06.01 21:30;4;12,125;10,625;9,25;2526;202;0;38,7
3689;2023.06.01 21:45;4;12,0625;10,4375;9,0625;2526;202;0;38,7
3690;2023.06.01 22:00;4;12,0625;10,25;8,75;2527;202;0;38,7
3691;2023.06.01 22:15;4;12;10,125;8,75;2527;202;0;38,7
3692;2023.06.01 22:30;4;12;10;8,5;2528;202;0;38,8
3693;2023.06.01 22:45;4;11,9375;9,8125;8,25;2529;202;0;38,8
3694;2023.06.01 23:00;4;11,875;9,625;8,0625;2529;202;0;38,8
3695;2023.06.01 23:15;4;11,875;9,5;7,75;2530;202;0;38,8
3696;2023.06.01 23:30;4;11,875;9,3125;7,5;2531;202;0;38,8
3697;2023.06.01 23:45;4;11,8125;9,125;7,3125;2531;202;0;38,8
3698;2023.06.02 00:00;4;11,75;9;7,1875;2532;202;0;38,8
3699;2023.06.02 00:15;4;11,75;8,875;7;2533;202;0;38,8
3700;2023.06.02 00:30;4;11,75;8,75;6,875;2533;202;0;38,8
3701;2023.06.02 00:45;4;11,625;8,6875;6,875;2534;202;0;38,9
3702;2023.06.02 01:00;4;11,625;8,625;6,75;2535;202;0;38,9
3703;2023.06.02 01:15;4;11,625;8,5;6,4375;2536;202;0;38,9
3704;2023.06.02 01:30;4;11,5625;8;5,5;2537;202;0;38,9
3705;2023.06.02 01:45;4;11,5;7,5625;4,875;2537;202;0;38,9
3706;2023.06.02 02:00;4;11,5;7,3125;4,625;2539;202;0;39,0
3707;2023.06.02 02:15;4;11,4375;7,25;4,5;2540;202;0;39,0
3708;2023.06.02 02:30;4;11,375;7,125;4,375;2541;202;0;39,0
3709;2023.06.02 02:45;4;11,375;6,875;4,125;2542;202;0;39,0
3710;2023.06.02 03:00;4;11,3125;6,75;3,875;2543;202;0;39,0
3711;2023.06.02 03:15;4;11,25;6,5625;3,625;2544;202;0;39,0
3712;2023.06.02 03:30;4;11,25;6,375;3,5625;2544;202;0;39,0
3713;2023.06.02 03:45;4;11,25;6,3125;3,375;2546;202;0;39,1
3714;2023.06.02 04:00;4;11,125;6,1875;3,25;2548;202;0;39,1
3715;2023.06.02 04:15;4;11,125;6,1875;3,375;2549;202;0;39,1
3716;2023.06.02 04:30;4;11,0625;6,125;3,3125;2551;202;0;39,2
3717;2023.06.02 04:45;4;11;6,125;3,375;2551;202;0;39,2
3718;2023.06.02 05:00;4;11;6,375;3,875;2552;202;0;39,2
3719;2023.06.02 05:15;4;10,875;6,625;4,1875;2554;202;0;39,2
3720;2023.06.02 05:30;4;10,875;6,75;4,625;2554;202;0;39,2
3721;2023.06.02 05:45;4;10,875;7;4,875;2554;202;0;39,2
3722;2023.06.02 06:00;4;10,8125;7,25;5,375;2555;202;0;39,2
3723;2023.06.02 06:15;4;10,75;7,75;6,5;2556;202;0;39,3
3724;2023.06.02 06:30;4;10,75;8,8125;8,8125;2557;202;0;39,3
3725;2023.06.02 06:45;4;10,6875;9,75;9,5;2558;202;0;39,3
3726;2023.06.02 07:00;4;10,625;10;9,75;2558;202;0;39,3
3727;2023.06.02 07:15;4;10,625;10,375;10,375;2558;202;0;39,3
3728;2023.06.02 07:30;4;10,625;10,625;10,875;2557;202;0;39,3
3729;2023.06.02 07:45;4;10,625;11,125;11,5;2556;202;0;39,3
3730;2023.06.02 08:00;4;10,625;12,0625;12,875;2554;202;0;39,2
3731;2023.06.02 08:15;4;10,625;12,8125;13,875;2553;202;0;39,2
3732;2023.06.02 08:30;4;10,625;12,75;13,625;2552;202;0;39,2
3733;2023.06.02 08:45;4;10,625;13;14;2548;202;0;39,1
3734;2023.06.02 09:00;4;10,625;13,125;14,375;2544;202;0;39,0
3735;2023.06.02 09:15;4;10,625;13,25;14,625;2543;202;0;39,0
3736;2023.06.02 09:30;4;10,625;13,75;15,3125;2541;202;0;39,0
3737;2023.06.02 09:45;4;10,625;14,6875;16,5;2540;202;0;39,0
3738;2023.06.02 10:00;4;10,625;14,75;16,5;2538;202;0;38,9
3739;2023.06.02 10:15;4;10,625;15,125;16,75;2536;202;0;38,9
3740;2023.06.02 10:30;4;10,6875;15,4375;17,25;2534;202;0;38,9
3741;2023.06.02 10:45;4;10,6875;15,75;17,75;2531;202;0;38,8
3742;2023.06.02 11:00;4;10,75;16,125;18,25;2530;202;0;38,8
3743;2023.06.02 11:15;4;10,75;17,25;20,25;2528;202;0;38,8
3744;2023.06.02 11:30;4;10,75;19,5;22,625;2527;202;0;38,7
3745;2023.06.02 11:45;4;10,8125;19,25;22;2524;202;0;38,7
3746;2023.06.02 12:00;4;10,875;18,5;20,625;2519;202;0;38,6
3747;2023.06.02 12:15;4;10,875;18,25;20,75;2515;202;0;38,5
3748;2023.06.02 12:30;4;11;18,4375;21,0625;2511;202;0;38,4
3749;2023.06.02 12:45;4;11;19,5;22,3125;2506;202;0;38,4
3750;2023.06.02 13:00;4;11,0625;19,6875;22,5625;2501;202;0;38,3
3751;2023.06.02 13:15;4;11,125;21,375;24,8125;2498;202;0;38,2
3752;2023.06.02 13:30;4;11,125;22,5;25,9375;2495;202;0;38,2
3753;2023.06.02 13:45;4;11,25;23,625;26,25;2492;202;0;38,1
3754;2023.06.02 14:00;4;11,25;23,625;25,625;2489;202;0;38,0
3755;2023.06.02 14:15;4;11,375;23,125;25,375;2486;202;0;38,0
3756;2023.06.02 14:30;4;11,4375;23,375;24,6875;2484;202;0;37,9
3757;2023.06.02 14:45;4;11,5;21,25;22,125;2478;202;0;37,8
3758;2023.06.02 15:00;4;11,625;20,625;21,875;2471;202;0;37,7
3759;2023.06.02 15:15;4;11,6875;20;21,5625;2467;202;0;37,6
3760;2023.06.02 15:30;4;11,75;19,625;21,4375;2465;202;0;37,6
3761;2023.06.02 15:45;4;11,8125;19,375;21;2463;202;0;37,6
3762;2023.06.02 16:00;4;11,875;19;20,4375;2464;202;0;37,6
3763;2023.06.02 16:15;4;11,9375;18,875;20,4375;2459;202;0;37,5
3764;2023.06.02 16:30;4;12;18,75;20,375;2458;202;0;37,5
3765;2023.06.02 16:45;4;12;18,625;20,25;2457;202;0;37,5
3766;2023.06.02 17:00;4;12,0625;18;19,125;2455;202;0;37,4
3767;2023.06.02 17:15;4;12,125;17,5;18,25;2453;202;0;37,4
3768;2023.06.02 17:30;4;12,125;17,375;18,4375;2452;202;0;37,4
3769;2023.06.02 17:45;4;12,125;16,6875;17,125;2451;202;0;37,3
3770;2023.06.02 18:00;4;12,1875;16,25;16,75;2450;202;0;37,3
3771;2023.06.02 18:15;4;12,25;16;16,375;2448;202;0;37,3
3772;2023.06.02 18:30;4;12,25;15,25;15,1875;2447;202;0;37,3
3773;2023.06.02 18:45;4;12,25;14,875;14,75;2446;202;0;37,3
3774;2023.06.02 19:00;4;12,25;14,125;13,625;2444;202;0;37,2
3775;2023.06.02 19:15;4;12,25;13,625;13;2443;202;0;37,2
3776;2023.06.02 19:30;4;12,25;13,25;12,5;2442;202;0;37,2
3777;2023.06.02 19:45;4;12,25;12,875;12;2442;202;0;37,2
3778;2023.06.02 20:00;4;12,25;12,375;11,375;2441;202;0;37,2
3779;2023.06.02 20:15;4;12,25;11,9375;10,625;2440;202;0;37,1
3780;2023.06.02 20:30;4;12,25;11,5;9,9375;2440;202;0;37,1
3781;2023.06.02 20:45;4;12,1875;11;9,25;2440;202;0;37,1
3782;2023.06.02 21:00;4;12,1875;10,5625;8,625;2441;202;0;37,2
3783;2023.06.02 21:15;4;12,125;10,25;8,3125;2441;202;0;37,2
3784;2023.06.02 21:30;4;12,125;10;8,0625;2441;202;0;37,2
3785;2023.06.02 21:45;4;12,125;9,875;7,875;2442;202;0;37,2
3786;2023.06.02 22:00;4;12,0625;9,6875;7,75;2443;202;0;37,2
3787;2023.06.02 22:15;4;12;9,5;7,4375;2444;202;0;37,2
3788;2023.06.02 22:30;4;12;9,25;7,125;2444;202;0;37,2
3789;2023.06.02 22:45;4;11,9375;9,0625;6,875;2445;202;0;37,2
3790;2023.06.02 23:00;4;11,875;8,8125;6,5625;2446;202;0;37,3
3791;2023.06.02 23:15;4;11,875;8,625;6,375;2447;202;0;37,3
3792;2023.06.02 23:30;4;11,875;8,4375;6;2449;202;0;37,3
3793;2023.06.02 23:45;4;11,75;8,25;5,75;2449;202;0;37,3
3794;2023.06.03 00:00;4;11,75;8;5,5;2451;202;0;37,3
3795;2023.06.03 00:15;4;11,75;7,875;5,3125;2452;202;0;37,4
3796;2023.06.03 00:30;4;11,625;7,625;4,9375;2453;202;0;37,4
3797;2023.06.03 00:45;4;11,625;7,3125;4,5625;2453;202;0;37,4
3798;2023.06.03 01:00;4;11,625;7,125;4,25;2456;202;0;37,4
3799;2023.06.03 01:15;4;11,5;6,9375;4,125;2457;202;0;37,5
3800;2023.06.03 01:30;4;11,5;6,875;4;2458;202;0;37,5
3801;2023.06.03 01:45;4;11,4375;6,6875;3,8125;2459;202;0;37,5
3802;2023.06.03 02:00;4;11,375;6,5;3,625;2460;202;0;37,5
3803;2023.06.03 02:15;4;11,375;6,375;3,375;2462;202;0;37,5
3804;2023.06.03 02:30;4;11,375;6,25;3,25;2462;202;0;37,5
3805;2023.06.03 02:45;4;11,25;6,125;3,125;2463;202;0;37,6
3806;2023.06.03 03:00;4;11,25;6;3,0625;2464;202;0;37,6
3807;2023.06.03 03:15;4;11,125;5,9375;3;2465;202;0;37,6
3808;2023.06.03 03:30;4;11,125;5,8125;2,8125;2467;202;0;37,6
3809;2023.06.03 03:45;4;11,0625;5,75;2,875;2468;202;0;37,7
3810;2023.06.03 04:00;4;11;5,75;2,875;2469;202;0;37,7
3811;2023.06.03 04:15;4;11;5,8125;3;2471;202;0;37,7
3812;2023.06.03 04:30;4;10,9375;5,875;3,25;2472;202;0;37,7
3813;2023.06.03 04:45;4;10,875;6,0625;3,5;2472;202;0;37,7
3814;2023.06.03 05:00;4;10,875;6,25;3,9375;2472;202;0;37,7
3815;2023.06.03 05:15;4;10,75;6,625;4,625;2473;202;0;37,7
3816;2023.06.03 05:30;4;10,75;6,875;4,9375;2473;202;0;37,7
3817;2023.06.03 05:45;4;10,75;7,1875;5,5;2474;202;0;37,8
3818;2023.06.03 06:00;4;10,625;7,5;5,9375;2475;202;0;37,8
3819;2023.06.03 06:15;4;10,625;8;7;2476;202;0;37,8
3820;2023.06.03 06:30;4;10,625;9,25;10;2479;202;0;37,9
3821;2023.06.03 06:45;4;10,5625;10,25;11;2479;202;0;37,9
3822;2023.06.03 07:00;4;10,5625;10,6875;11,25;2478;202;0;37,8
3823;2023.06.03 07:15;4;10,5;11;11,625;2477;202;0;37,8
3824;2023.06.03 07:30;4;10,5;11,25;12,0625;2476;202;0;37,8
3825;2023.06.03 07:45;4;10,5;11,8125;12,9375;2475;202;0;37,8
3826;2023.06.03 08:00;4;10,5;13,125;14,875;2474;202;0;37,8
3827;2023.06.03 08:15;4;10,5;14,125;16,25;2472;202;0;37,7
3828;2023.06.03 08:30;4;10,5;14,25;16,375;2469;202;0;37,7
3829;2023.06.03 08:45;4;10,5;14,6875;16,75;2467;202;0;37,6
3830;2023.06.03 09:00;4;10,5;14,6875;16,8125;2465;202;0;37,6
3831;2023.06.03 09:15;4;10,5625;14,875;17,125;2463;202;0;37,6
3832;2023.06.03 09:30;4;10,5625;15,5;18,125;2461;202;0;37,5
3833;2023.06.03 09:45;4;10,625;16,5;19;2459;202;0;37,5
3834;2023.06.03 10:00;4;10,625;16,5;18,875;2456;202;0;37,4
3835;2023.06.03 10:15;4;10,625;16,875;19,375;2453;202;0;37,4
3836;2023.06.03 10:30;4;10,6875;17;19,5;2451;202;0;37,3
3837;2023.06.03 10:45;4;10,75;17,125;19,8125;2448;202;0;37,3
3838;2023.06.03 11:00;4;10,75;17,75;20,5625;2445;202;0;37,2
3839;2023.06.03 11:15;4;10,75;19,25;23,125;2443;202;0;37,2
3840;2023.06.03 11:30;4;10,8125;20,5;24,1875;2441;202;0;37,2
3841;2023.06.03 11:45;4;10,875;20,0625;23,25;2438;202;0;37,1
3842;2023.06.03 12:00;4;10,875;19,625;22,5;2432;202;0;37,0
3843;2023.06.03 12:15;4;11;19,625;22,75;2428;202;0;36,9
3844;2023.06.03 12:30;4;11;19,875;22,875;2424;202;0;36,8
3845;2023.06.03 12:45;4;11,0625;21;24,1875;2421;202;0;36,8
3846;2023.06.03 13:00;4;11,125;21,125;24,25;2418;202;0;36,7
3847;2023.06.03 13:15;4;11,1875;22,875;26,3125;2416;202;0;36,7
3848;2023.06.03 13:30;4;11,25;23,75;27,4375;2413;202;0;36,6
3849;2023.06.03 13:45;4;11,3125;25,125;27,5;2412;202;0;36,6
3850;2023.06.03 14:00;4;11,375;25,125;26,9375;2409;202;0;36,6
3851;2023.06.03 14:15;4;11,5;24,375;26,5625;2406;202;0;36,5
3852;2023.06.03 14:30;4;11,5625;24,5;26,125;2404;202;0;36,5
3853;2023.06.03 14:45;4;11,625;22,4375;23,75;2400;202;0;36,4
3854;2023.06.03 15:00;4;11,75;21,875;23,125;2397;202;0;36,3
3855;2023.06.03 15:15;4;11,8125;21;22,625;2395;202;0;36,3
3856;2023.06.03 15:30;4;11,875;20,6875;22,875;2392;202;0;36,3
3857;2023.06.03 15:45;4;12;20,375;22,25;2390;202;0;36,2
3858;2023.06.03 16:00;4;12;20;21,875;2389;202;0;36,2
3859;2023.06.03 16:15;4;12,0625;19,8125;21,75;2387;202;0;36,2
3860;2023.06.03 16:30;4;12,125;19,6875;21,75;2385;202;0;36,1
3861;2023.06.03 16:45;4;12,125;19,3125;21;2383;202;0;36,1
3862;2023.06.03 17:00;4;12,25;18,9375;20,625;2382;202;0;36,1
3863;2023.06.03 17:15;4;12,25;18,5625;20,25;2380;202;0;36,0
3864;2023.06.03 17:30;4;12,25;18,375;20,0625;2379;202;0;36,0
3865;2023.06.03 17:45;4;12,3125;17,875;19,125;2377;202;0;36,0
3866;2023.06.03 18:00;4;12,375;17,3125;18,4375;2375;202;0;35,9
3867;2023.06.03 18:15;4;12,375;16,9375;17,875;2374;202;0;35,9
3868;2023.06.03 18:30;4;12,375;16,5;17,375;2372;202;0;35,9
3869;2023.06.03 18:45;4;12,375;16,125;16,8125;2371;202;0;35,9
3870;2023.06.03 19:00;4;12,375;15,625;16,125;2369;202;0;35,8
3871;2023.06.03 19:15;4;12,375;15,25;15,875;2368;202;0;35,8
3872;2023.06.03 19:30;4;12,375;14,875;15,5;2367;202;0;35,8
3873;2023.06.03 19:45;4;12,375;14,3125;14,1875;2366;202;0;35,8
3874;2023.06.03 20:00;4;12,375;13,625;13;2365;202;0;35,8
3875;2023.06.03 20:15;4;12,375;13,125;12,25;2364;202;0;35,7
3876;2023.06.03 20:30;4;12,375;12,625;11,5625;2364;202;0;35,7
3877;2023.06.03 20:45;4;12,375;12,125;11;2363;202;0;35,7
3878;2023.06.03 21:00;4;12,3125;11,6875;10,1875;2363;202;0;35,7
3879;2023.06.03 21:15;4;12,3125;11,375;9,5;2364;202;0;35,7
3880;2023.06.03 21:30;4;12,25;11,125;9,1875;2365;202;0;35,8
3881;2023.06.03 21:45;4;12,25;10,75;9;2368;202;0;35,8
3882;2023.06.03 22:00;4;12,25;10,375;8,625;2369;202;0;35,8
3883;2023.06.03 22:15;4;12,1875;10,125;8,3125;2367;202;0;35,8
3884;2023.06.03 22:30;4;12,125;10;8,25;2368;202;0;35,8
3885;2023.06.03 22:45;4;12,125;10,125;8,75;2369;202;0;35,8
3886;2023.06.03 23:00;4;12,125;10,125;8,625;2371;202;0;35,9
3887;2023.06.03 23:15;4;12;9,75;8,125;2372;202;0;35,9
3888;2023.06.03 23:30;4;12;9,375;7,5;2373;202;0;35,9
3889;2023.06.03 23:45;4;12;9,25;7,125;2374;202;0;35,9
3890;2023.06.04 00:00;4;11,9375;9;7;2376;202;0;36,0
3891;2023.06.04 00:15;4;11,875;8,875;6,875;2377;202;0;36,0
3892;2023.06.04 00:30;4;11,875;8,625;6,5;2380;202;0;36,0
3893;2023.06.04 00:45;4;11,8125;8,5625;6,3125;2381;202;0;36,0
3894;2023.06.04 01:00;4;11,75;8,375;6,125;2382;202;0;36,1
3895;2023.06.04 01:15;4;11,75;8,125;5,8125;2383;202;0;36,1
3896;2023.06.04 01:30;4;11,6875;7,9375;5,5625;2385;202;0;36,1
3897;2023.06.04 01:45;4;11,625;7,8125;5,375;2386;202;0;36,1
3898;2023.06.04 02:00;4;11,625;7,625;5,25;2386;202;0;36,1
3899;2023.06.04 02:15;4;11,5625;7,625;5,375;2390;202;0;36,2
3900;2023.06.04 02:30;4;11,5;7,625;5,375;2391;202;0;36,2
3901;2023.06.04 02:45;4;11,5;7,625;5,375;2391;202;0;36,2
3902;2023.06.04 03:00;4;11,4375;7,625;5,375;2392;202;0;36,3
3903;2023.06.04 03:15;4;11,375;7,625;5,5;2394;202;0;36,3
3904;2023.06.04 03:30;4;11,375;7,5;5,25;2394;202;0;36,3
3905;2023.06.04 03:45;4;11,3125;7,4375;5,1875;2395;202;0;36,3
3906;2023.06.04 04:00;4;11,25;7,375;5,125;2396;202;0;36,3
3907;2023.06.04 04:15;4;11,25;7,375;5,1875;2397;202;0;36,3
3908;2023.06.04 04:30;4;11,1875;7,5;5,375;2398;202;0;36,4
3909;2023.06.04 04:45;4;11,125;7,625;5,625;2399;202;0;36,4
3910;2023.06.04 05:00;4;11,125;7,75;6;2400;202;0;36,4
3911;2023.06.04 05:15;4;11,0625;8;6,5625;2402;202;0;36,4
3912;2023.06.04 05:30;4;11;8,375;7,125;2402;202;0;36,4
3913;2023.06.04 05:45;4;11;8,75;7,6875;2403;202;0;36,5
3914;2023.06.04 06:00;4;11;9;8,125;2403;202;0;36,5
3915;2023.06.04 06:15;4;10,9375;9,5;9,125;2402;202;0;36,4
3916;2023.06.04 06:30;4;10,875;10,75;12,0625;2403;202;0;36,5
3917;2023.06.04 06:45;4;10,875;11,75;13;2403;202;0;36,5
3918;2023.06.04 07:00;4;10,875;12,3125;13,5;2403;202;0;36,5
3919;2023.06.04 07:15;4;10,875;12,75;14,125;2402;202;0;36,4
3920;2023.06.04 07:30;4;10,875;13;14,5;2400;202;0;36,4
3921;2023.06.04 07:45;4;10,875;13,5;15,125;2399;202;0;36,4
3922;2023.06.04 08:00;4;10,875;14,5;16,75;2398;202;0;36,4
3923;2023.06.04 08:15;4;10,875;15,625;17,8125;2397;202;0;36,3
3924;2023.06.04 08:30;4;10,875;15,5;17,6875;2394;202;0;36,3
3925;2023.06.04 08:45;4;10,875;15,75;17,8125;2392;202;0;36,3
3926;2023.06.04 09:00;4;10,875;15,75;17,8125;2390;202;0;36,2
3927;2023.06.04 09:15;4;10,875;16;18,25;2388;202;0;36,2
3928;2023.06.04 09:30;4;10,9375;16,25;18,5625;2385;202;0;36,1
3929;2023.06.04 09:45;4;11;17;19,25;2383;202;0;36,1
3930;2023.06.04 10:00;4;11;17,1875;19,5;2381;202;0;36,0
3931;2023.06.04 10:15;4;11;17,25;19,3125;2378;202;0;36,0
3932;2023.06.04 10:30;4;11,0625;17,5;19,5;2375;202;0;35,9
3933;2023.06.04 10:45;4;11,125;17,875;20,0625;2372;202;0;35,9
3934;2023.06.04 11:00;4;11,125;17,8125;19,75;2369;202;0;35,8
3935;2023.06.04 11:15;4;11,1875;18,625;20,875;2366;202;0;35,8
3936;2023.06.04 11:30;4;11,25;19,25;21,25;2363;202;0;35,7
3937;2023.06.04 11:45;4;11,25;19,5;22,25;2359;202;0;35,6
3938;2023.06.04 12:00;4;11,3125;19,5;21,4375;2355;202;0;35,6
3939;2023.06.04 12:15;4;11,375;19,375;21;2352;202;0;35,5
3940;2023.06.04 12:30;4;11,375;19,5;21,375;2348;202;0;35,4
3941;2023.06.04 12:45;4;11,4375;20,5625;22,5625;2346;202;0;35,4
3942;2023.06.04 13:00;4;11,5;20,375;22,125;2343;202;0;35,3
3943;2023.06.04 13:15;4;11,5625;22,5;24,75;2344;202;0;35,4
3944;2023.06.04 13:30;4;11,625;23,625;25,625;2343;202;0;35,3
3945;2023.06.04 13:45;4;11,6875;24,3125;25,375;2343;202;0;35,3
3946;2023.06.04 14:00;4;11,75;24,125;25,125;2341;202;0;35,3
3947;2023.06.04 14:15;4;11,8125;23,9375;24,8125;2339;202;0;35,3
3948;2023.06.04 14:30;4;11,875;23,5;24,25;2338;202;0;35,2
3949;2023.06.04 14:45;4;12;22;22,8125;2334;202;0;35,2
3950;2023.06.04 15:00;4;12,0625;21,125;21,75;2332;202;0;35,1
3951;2023.06.04 15:15;4;12,125;20,375;21,25;2330;202;0;35,1
3952;2023.06.04 15:30;4;12,25;19,6875;20,5;2328;202;0;35,1
3953;2023.06.04 15:45;4;12,25;19,5;20,5;2327;202;0;35,0
3954;2023.06.04 16:00;4;12,375;19;19,875;2325;202;0;35,0
3955;2023.06.04 16:15;4;12,375;18,5;19,25;2323;202;0;35,0
3956;2023.06.04 16:30;4;12,4375;18,875;20,5;2323;202;0;35,0
3957;2023.06.04 16:45;4;12,5;18,875;20,5;2322;202;0;34,9
3958;2023.06.04 17:00;4;12,5;18,5;19,75;2321;202;0;34,9
3959;2023.06.04 17:15;4;12,5;18,5625;20,125;2319;202;0;34,9
3960;2023.06.04 17:30;4;12,5625;18,375;19,875;2318;202;0;34,9
3961;2023.06.04 17:45;4;12,625;17,8125;18,625;2317;202;0;34,9
3962;2023.06.04 18:00;4;12,625;17,125;17,625;2316;202;0;34,8
3963;2023.06.04 18:15;4;12,625;16,75;17,125;2314;202;0;34,8
3964;2023.06.04 18:30;4;12,625;16,3125;16,625;2313;202;0;34,8
3965;2023.06.04 18:45;4;12,625;15,875;16;2312;202;0;34,8
3966;2023.06.04 19:00;4;12,625;15,3125;15,25;2311;202;0;34,7
3967;2023.06.04 19:15;4;12,625;14,625;14,1875;2310;202;0;34,7
3968;2023.06.04 19:30;4;12,625;14;13,25;2309;202;0;34,7
3969;2023.06.04 19:45;4;12,625;13,625;12,75;2308;202;0;34,7
3970;2023.06.04 20:00;4;12,625;13,0625;12;2308;202;0;34,7
3971;2023.06.04 20:15;4;12,625;12,625;11,5;2308;202;0;34,7
3972;2023.06.04 20:30;4;12,625;12,3125;11;2308;202;0;34,7
3973;2023.06.04 20:45;4;12,625;12;10,625;2308;202;0;34,7
3974;2023.06.04 21:00;4;12,5625;11,6875;10,25;2308;202;0;34,7
3975;2023.06.04 21:15;4;12,5;11,375;9,9375;2309;202;0;34,7
3976;2023.06.04 21:30;4;12,5;11,25;9,75;2310;202;0;34,7
3977;2023.06.04 21:45;4;12,5;11;9,375;2310;202;0;34,7
3978;2023.06.04 22:00;4;12,4375;10,625;8,8125;2311;202;0;34,7
3979;2023.06.04 22:15;4;12,375;10,25;8,25;2312;202;0;34,8
3980;2023.06.04 22:30;4;12,375;10,0625;8,0625;2313;202;0;34,8
3981;2023.06.04 22:45;4;12,375;9,8125;7,75;2314;202;0;34,8
3982;2023.06.04 23:00;4;12,25;9,5625;7,5;2316;202;0;34,8
3983;2023.06.04 23:15;4;12,25;9,25;7,125;2317;202;0;34,9
3984;2023.06.04 23:30;4;12,25;9,125;7;2318;202;0;34,9
3985;2023.06.04 23:45;4;12,125;9;6,8125;2319;202;0;34,9
3986;2023.06.05 00:00;4;12,125;8,625;6,3125;2320;202;0;34,9
3987;2023.06.05 00:15;4;12,125;8,5;6,125;2322;202;0;34,9
3988;2023.06.05 00:30;4;12;8,375;6;2323;202;0;35,0
3989;2023.06.05 00:45;4;12;8,25;6;2325;202;0;35,0
3990;2023.06.05 01:00;4;11,9375;8,125;5,75;2326;202;0;35,0
3991;2023.06.05 01:15;4;11,875;8;5,75;2327;202;0;35,0
3992;2023.06.05 01:30;4;11,875;8;5,625;2328;202;0;35,1
3993;2023.06.05 01:45;4;11,8125;8;5,625;2330;202;0;35,1
3994;2023.06.05 02:00;4;11,75;7,875;5,5625;2331;202;0;35,1
3995;2023.06.05 02:15;4;11,75;7,75;5,375;2332;202;0;35,1
3996;2023.06.05 02:30;4;11,6875;7,5625;5,25;2333;202;0;35,2
3997;2023.06.05 02:45;4;11,625;7,5;5,1875;2334;202;0;35,2
3998;2023.06.05 03:00;4;11,625;7,5;5,125;2335;202;0;35,2
3999;2023.06.05 03:15;4;11,5;7,375;5;2336;202;0;35,2
4000;2023.06.05 03:30;4;11,5;7,375;4,9375;2338;202;0;35,2
4001;2023.06.05 03:45;4;11,4375;7,125;4,6875;2339;202;0;35,3
4002;2023.06.05 04:00;4;11,375;7,25;5;2340;202;0;35,3
4003;2023.06.05 04:15;4;11,375;7,25;5,0625;2342;202;0;35,3
4004;2023.06.05 04:30;4;11,3125;7,5;5,375;2343;202;0;35,3
4005;2023.06.05 04:45;4;11,25;7,625;5,75;2344;202;0;35,4
4006;2023.06.05 05:00;4;11,25;7,875;6,1875;2346;202;0;35,4
4007;2023.06.05 05:15;4;11,1875;8,25;6,875;2347;202;0;35,4
4008;2023.06.05 05:30;4;11,125;8,375;6,9375;2348;202;0;35,4
4009;2023.06.05 05:45;4;11,125;8,625;7,375;2348;202;0;35,4
4010;2023.06.05 06:00;4;11,125;8,9375;8;2349;202;0;35,5
4011;2023.06.05 06:15;4;11,0625;9,4375;8,875;2351;202;0;35,5
4012;2023.06.05 06:30;4;11;10,75;11,625;2352;202;0;35,5
4013;2023.06.05 06:45;4;11;11,5625;12,125;2353;202;0;35,5
4014;2023.06.05 07:00;4;11;11,9375;12,5;2352;202;0;35,5
4015;2023.06.05 07:15;4;11;12,25;12,9375;2352;202;0;35,5
4016;2023.06.05 07:30;4;11;12,5625;13,375;2351;202;0;35,5
4017;2023.06.05 07:45;4;11;12,9375;14,125;2349;202;0;35,5
4018;2023.06.05 08:00;4;11;14;15,5625;2348;202;0;35,4
4019;2023.06.05 08:15;4;11;15;16,5;2347;202;0;35,4
4020;2023.06.05 08:30;4;11;14,875;16,25;2345;202;0;35,4
4021;2023.06.05 08:45;4;11;15,125;16,75;2343;202;0;35,3
4022;2023.06.05 09:00;4;11;15,25;16,9375;2340;202;0;35,3
4023;2023.06.05 09:15;4;11;15,5;17,375;2338;202;0;35,2
4024;2023.06.05 09:30;4;11;16;18,0625;2336;202;0;35,2
4025;2023.06.05 09:45;4;11,0625;17,0625;18,8125;2335;202;0;35,2
4026;2023.06.05 10:00;4;11,125;17;18,875;2332;202;0;35,1
4027;2023.06.05 10:15;4;11,125;17,125;18,875;2329;202;0;35,1
4028;2023.06.05 10:30;4;11,125;16,75;17,875;2326;202;0;35,0
4029;2023.06.05 10:45;4;11,1875;16,875;18,625;2323;202;0;35,0
4030;2023.06.05 11:00;4;11,25;17,75;19,9375;2321;202;0;34,9
4031;2023.06.05 11:15;4;11,25;18,875;21,375;2319;202;0;34,9
4032;2023.06.05 11:30;4;11,3125;20,5;22,5625;2317;202;0;34,9
4033;2023.06.05 11:45;4;11,375;19,25;20,375;2311;202;0;34,7
4034;2023.06.05 12:00;4;11,375;18,375;19,375;2307;202;0;34,7
4035;2023.06.05 12:15;4;11,5;17,875;18,75;2303;202;0;34,6
4036;2023.06.05 12:30;4;11,5;18;19,1875;2300;202;0;34,5
4037;2023.06.05 12:45;4;11,5625;18,8125;20,125;2298;202;0;34,5
4038;2023.06.05 13:00;4;11,625;20,25;22,25;2296;202;0;34,5
4039;2023.06.05 13:15;4;11,625;21,25;23,0625;2295;202;0;34,4
4040;2023.06.05 13:30;4;11,6875;20,375;21,3125;2292;202;0;34,4
4041;2023.06.05 13:45;4;11,75;21,8125;23,375;2292;202;0;34,4
4042;2023.06.05 14:00;4;11,8125;21,875;23,375;2291;202;0;34,4
4043;2023.06.05 14:15;4;11,875;21,875;23,1875;2289;202;0;34,3
4044;2023.06.05 14:30;4;11,9375;22,4375;23,75;2288;202;0;34,3
4045;2023.06.05 14:45;4;12;20,875;21,625;2291;202;0;34,4
4046;2023.06.05 15:00;4;12,125;19,6875;20,1875;2285;202;0;34,3
4047;2023.06.05 15:15;4;12,125;20,25;21,75;2281;202;0;34,2
4048;2023.06.05 15:30;4;12,25;19,5;20,375;2279;202;0;34,1
4049;2023.06.05 15:45;4;12,25;19,625;20,875;2281;202;0;34,2
4050;2023.06.05 16:00;4;12,3125;18,625;19,125;2282;202;0;34,2
4051;2023.06.05 16:15;4;12,375;18;18,375;2276;202;0;34,1
4052;2023.06.05 16:30;4;12,375;18,125;19;2273;202;0;34,0
4053;2023.06.05 16:45;4;12,4375;17,5;17,875;2271;202;0;34,0
4054;2023.06.05 17:00;4;12,5;17;17,375;2270;202;0;34,0
4055;2023.06.05 17:15;4;12,5;16,75;17,1875;2269;202;0;34,0
4056;2023.06.05 17:30;4;12,5;16,75;17,375;2268;202;0;33,9
4057;2023.06.05 17:45;4;12,5;16,8125;17,5;2268;202;0;33,9
4058;2023.06.05 18:00;4;12,5625;16,9375;17,875;2267;202;0;33,9
4059;2023.06.05 18:15;4;12,5625;16,8125;17,625;2266;202;0;33,9
4060;2023.06.05 18:30;4;12,625;16,5;17,25;2266;202;0;33,9
4061;2023.06.05 18:45;4;12,625;16;16,5;2265;202;0;33,9
4062;2023.06.05 19:00;4;12,625;15,5625;15,8125;2264;202;0;33,9
4063;2023.06.05 19:15;4;12,625;15,125;15,125;2263;202;0;33,8
4064;2023.06.05 19:30;4;12,625;14,5625;14,25;2262;202;0;33,8
4065;2023.06.05 19:45;4;12,625;14;13,3125;2265;202;0;33,9
4066;2023.06.05 20:00;4;12,625;13,625;12,875;2261;202;0;33,8
4067;2023.06.05 20:15;4;12,625;13,25;12,5;2262;202;0;33,8
4068;2023.06.05 20:30;4;12,5625;12,9375;12,125;2260;202;0;33,8
4069;2023.06.05 20:45;4;12,5625;12,5;11,375;2260;202;0;33,8
4070;2023.06.05 21:00;4;12,5;12,0625;10,75;2261;202;0;33,8
4071;2023.06.05 21:15;4;12,5;11,6875;10,25;2262;202;0;33,8
4072;2023.06.05 21:30;4;12,5;11,4375;9,875;2261;202;0;33,8
4073;2023.06.05 21:45;4;12,5;11,1875;9,625;2261;202;0;33,8
4074;2023.06.05 22:00;4;12,4375;10,9375;9,3125;2262;202;0;33,8
4075;2023.06.05 22:15;4;12,375;10,625;8,875;2263;202;0;33,8
4076;2023.06.05 22:30;4;12,375;10,5;8,6875;2264;202;0;33,9
4077;2023.06.05 22:45;4;12,375;10,25;8,5;2265;202;0;33,9
4078;2023.06.05 23:00;4;12,3125;10,0625;8,1875;2266;202;0;33,9
4079;2023.06.05 23:15;4;12,25;9,875;7,8125;2267;202;0;33,9
4080;2023.06.05 23:30;4;12,25;9,625;7,5;2268;202;0;33,9
4081;2023.06.05 23:45;4;12,1875;9,25;7,125;2269;202;0;34,0
4082;2023.06.06 00:00;4;12,125;9,1875;7;2270;202;0;34,0
4083;2023.06.06 00:15;4;12,125;9;6,75;2272;202;0;34,0
4084;2023.06.06 00:30;4;12,0625;8,8125;6,625;2273;202;0;34,0
4085;2023.06.06 00:45;4;12;8,6875;6,5;2274;202;0;34,0
4086;2023.06.06 01:00;4;12;8,5;6,25;2276;202;0;34,1
4087;2023.06.06 01:15;4;11,9375;8,375;6,125;2277;202;0;34,1
4088;2023.06.06 01:30;4;11,875;8,25;6;2279;202;0;34,1
4089;2023.06.06 01:45;4;11,875;8,1875;5,875;2280;202;0;34,2
4090;2023.06.06 02:00;4;11,8125;8;5,625;2281;202;0;34,2
4091;2023.06.06 02:15;4;11,75;8;5,6875;2282;202;0;34,2
4092;2023.06.06 02:30;4;11,75;7,875;5,5;2285;202;0;34,3
4093;2023.06.06 02:45;4;11,625;7,75;5,375;2286;202;0;34,3
4094;2023.06.06 03:00;4;11,625;7,5;5;2287;202;0;34,3
4095;2023.06.06 03:15;4;11,625;7,375;4,875;2289;202;0;34,3
4096;2023.06.06 03:30;4;11,5;7,25;4,8125;2290;202;0;34,3
4097;2023.06.06 03:45;4;11,5;7,125;4,625;2292;202;0;34,4
4098;2023.06.06 04:00;4;11,4375;7,0625;4,5625;2293;202;0;34,4
4099;2023.06.06 04:15;4;11,375;7,125;4,625;2295;202;0;34,4
4100;2023.06.06 04:30;4;11,375;7,375;5,1875;2296;202;0;34,5
4101;2023.06.06 04:45;4;11,3125;7,8125;6,125;2299;202;0;34,5
4102;2023.06.06 05:00;4;11,25;8,25;6,875;2299;202;0;34,5
4103;2023.06.06 05:15;4;11,25;8,75;7,5;2301;202;0;34,6
4104;2023.06.06 05:30;4;11,25;9;7,875;2301;202;0;34,6
4105;2023.06.06 05:45;4;11,125;9,3125;8,375;2303;202;0;34,6
4106;2023.06.06 06:00;4;11,125;9,5;8,625;2303;202;0;34,6
4107;2023.06.06 06:15;4;11,125;9,6875;8,9375;2302;202;0;34,6
4108;2023.06.06 06:30;4;11,125;9,875;9,25;2303;202;0;34,6
4109;2023.06.06 06:45;4;11,0625;10;9,4375;2303;202;0;34,6
4110;2023.06.06 07:00;4;11;10,1875;9,625;2303;202;0;34,6
4111;2023.06.06 07:15;4;11;10,375;9,9375;2303;202;0;34,6
4112;2023.06.06 07:30;4;11;10,5625;10,25;2303;202;0;34,6
4113;2023.06.06 07:45;4;11;10,75;10,5;2303;202;0;34,6
4114;2023.06.06 08:00;4;11;10,9375;10,6875;2303;202;0;34,6
4115;2023.06.06 08:15;4;11;11,125;11;2303;202;0;34,6
4116;2023.06.06 08:30;4;11;11,4375;11,375;2302;202;0;34,6
4117;2023.06.06 08:45;4;11;11,625;11,75;2302;202;0;34,6
4118;2023.06.06 09:00;4;11;11,9375;12;2301;202;0;34,6
4119;2023.06.06 09:15;4;10,9375;12,6875;13,25;2300;202;0;34,5
4120;2023.06.06 09:30;4;10,9375;13,125;13,9375;2299;202;0;34,5
4121;2023.06.06 09:45;4;10,9375;14,375;15,3125;2299;202;0;34,5
4122;2023.06.06 10:00;4;11;13,75;14,0625;2296;202;0;34,5
4123;2023.06.06 10:15;4;11;14,125;15,0625;2294;202;0;34,4
4124;2023.06.06 10:30;4;11;14,0625;14,6875;2291;202;0;34,4
4125;2023.06.06 10:45;4;11;14;14,625;2289;202;0;34,3
4126;2023.06.06 11:00;4;11;15,0625;16,5;2287;202;0;34,3
4127;2023.06.06 11:15;4;11;15,4375;16,8125;2286;202;0;34,3
4128;2023.06.06 11:30;4;11,0625;17,625;20;2285;202;0;34,3
4129;2023.06.06 11:45;4;11,125;18;20,375;2282;202;0;34,2
4130;2023.06.06 12:00;4;11,125;17,875;19,6875;2278;202;0;34,1
4131;2023.06.06 12:15;4;11,125;17,75;19,625;2274;202;0;34,0
4132;2023.06.06 12:30;4;11,25;17,75;19,75;2271;202;0;34,0
4133;2023.06.06 12:45;4;11,25;18,75;20,75;2268;202;0;33,9
4134;2023.06.06 13:00;4;11,3125;19,125;21,125;2266;202;0;33,9
4135;2023.06.06 13:15;4;11,375;20,75;23,0625;2261;202;0;33,8
4136;2023.06.06 13:30;4;11,375;21,625;24,125;2258;202;0;33,7
4137;2023.06.06 13:45;4;11,5;22,5;24,125;2254;202;0;33,7
4138;2023.06.06 14:00;4;11,5;22,5;24;2250;202;0;33,6
4139;2023.06.06 14:15;4;11,625;22,25;23,8125;2245;202;0;33,5
4140;2023.06.06 14:30;4;11,6875;22,375;23,5;2244;202;0;33,5
4141;2023.06.06 14:45;4;11,75;20,75;21,5;2240;202;0;33,4
4142;2023.06.06 15:00;4;11,875;20,25;20,875;2237;202;0;33,3
4143;2023.06.06 15:15;4;11,9375;19,625;20,625;2235;202;0;33,3
4144;2023.06.06 15:30;4;12;19;19,8125;2232;202;0;33,3
4145;2023.06.06 15:45;4;12,0625;18,875;19,875;2230;202;0;33,2
4146;2023.06.06 16:00;4;12,125;18,0625;18,5;2224;202;0;33,1
4147;2023.06.06 16:15;4;12,125;17,875;18,5625;2221;202;0;33,0
4148;2023.06.06 16:30;4;12,1875;18,1875;19,5;2219;202;0;33,0
4149;2023.06.06 16:45;4;12,25;17,875;19,0625;2218;202;0;33,0
4150;2023.06.06 17:00;4;12,25;17,5;18,5;2215;202;0;32,9
4151;2023.06.06 17:15;4;12,3125;17,25;18,1875;2214;202;0;32,9
4152;2023.06.06 17:30;4;12,375;17;18;2212;202;0;32,9
4153;2023.06.06 17:45;4;12,375;16,625;17,25;2210;202;0;32,8
4154;2023.06.06 18:00;4;12,375;16,125;16,5;2209;202;0;32,8
4155;2023.06.06 18:15;4;12,375;15,75;16,0625;2207;202;0;32,8
4156;2023.06.06 18:30;4;12,375;15,3125;15,3125;2206;202;0;32,8
4157;2023.06.06 18:45;4;12,375;14,75;14,375;2205;202;0;32,7
4158;2023.06.06 19:00;4;12,375;14,125;13,5;2203;202;0;32,7
4159;2023.06.06 19:15;4;12,375;13,75;13,3125;2202;202;0;32,7
4160;2023.06.06 19:30;4;12,375;13,5;13;2202;202;0;32,7
4161;2023.06.06 19:45;4;12,375;13;12,0625;2201;202;0;32,7
4162;2023.06.06 20:00;4;12,375;12,5;11,375;2200;202;0;32,6
4163;2023.06.06 20:15;4;12,375;11,75;10,3125;2200;202;0;32,6
4164;2023.06.06 20:30;4;12,375;11,375;9,75;2200;202;0;32,6
4165;2023.06.06 20:45;4;12,375;11;9,25;2200;202;0;32,6
4166;2023.06.06 21:00;4;12,3125;10,75;9;2201;202;0;32,7
4167;2023.06.06 21:15;4;12,25;10,375;8,625;2202;202;0;32,7
4168;2023.06.06 21:30;4;12,25;10,125;8,25;2202;202;0;32,7
4169;2023.06.06 21:45;4;12,25;10;8,125;2203;202;0;32,7
4170;2023.06.06 22:00;4;12,1875;10;8,25;2205;202;0;32,7
4171;2023.06.06 22:15;4;12,125;9,75;7,875;2206;202;0;32,8
4172;2023.06.06 22:30;4;12,125;9,4375;7,375;2207;202;0;32,8
4173;2023.06.06 22:45;4;12,0625;9,5;7,8125;2208;202;0;32,8
4174;2023.06.06 23:00;4;12;9,625;8,125;2210;202;0;32,8
4175;2023.06.06 23:15;4;12;9,5625;8,0625;2211;202;0;32,9
4176;2023.06.06 23:30;4;12;9,375;7,5625;2212;202;0;32,9
4177;2023.06.06 23:45;4;11,875;9,125;7,375;2213;202;0;32,9
4178;2023.06.07 00:00;4;11,875;9;7;2214;202;0;32,9
4179;2023.06.07 00:15;4;11,875;8,875;7;2215;202;0;32,9
4180;2023.06.07 00:30;4;11,75;8,875;7,1875;2216;202;0;32,9
4181;2023.06.07 00:45;4;11,75;9;7,375;2218;202;0;33,0
4182;2023.06.07 01:00;4;11,75;8,75;6,9375;2220;202;0;33,0
4183;2023.06.07 01:15;4;11,6875;8,75;7;2220;202;0;33,0
4184;2023.06.07 01:30;4;11,625;8,6875;6,875;2220;202;0;33,0
4185;2023.06.07 01:45;4;11,625;8,75;7,125;2221;202;0;33,0
4186;2023.06.07 02:00;4;11,5625;8,875;7,375;2222;202;0;33,1
4187;2023.06.07 02:15;4;11,5;9;7,625;2223;202;0;33,1
4188;2023.06.07 02:30;4;11,5;9,125;7,875;2224;202;0;33,1
4189;2023.06.07 02:45;4;11,5;9,25;8,0625;2225;202;0;33,1
4190;2023.06.07 03:00;4;11,4375;9,0625;7,625;2226;202;0;33,1
4191;2023.06.07 03:15;4;11,375;9,125;7,875;2226;202;0;33,1
4192;2023.06.07 03:30;4;11,375;9,25;8,0625;2227;202;0;33,2
4193;2023.06.07 03:45;4;11,375;9,25;8,1875;2227;202;0;33,2
4194;2023.06.07 04:00;4;11,3125;9,375;8,3125;2228;202;0;33,2
4195;2023.06.07 04:15;4;11,25;9,375;8,375;2229;202;0;33,2
4196;2023.06.07 04:30;4;11,25;9,4375;8,4375;2229;202;0;33,2
4197;2023.06.07 04:45;4;11,25;9,625;8,625;2230;202;0;33,2
4198;2023.06.07 05:00;4;11,1875;9,625;8,75;2230;202;0;33,2
4199;2023.06.07 05:15;4;11,1875;9,625;8,6875;2231;202;0;33,2
4200;2023.06.07 05:30;4;11,125;9,625;8,6875;2231;202;0;33,2
4201;2023.06.07 05:45;4;11,125;9,75;9;2231;202;0;33,2
4202;2023.06.07 06:00;4;11,125;10;9,25;2231;202;0;33,2
4203;2023.06.07 06:15;4;11,125;10,125;9,5;2231;202;0;33,2
4204;2023.06.07 06:30;4;11,0625;10,3125;9,75;2231;202;0;33,2
4205;2023.06.07 06:45;4;11,0625;10,375;9,875;2231;202;0;33,2
4206;2023.06.07 07:00;4;11;10,75;10,4375;2231;202;0;33,2
4207;2023.06.07 07:15;4;11;11,75;12;2231;202;0;33,2
4208;2023.06.07 07:30;4;11;12,125;12,375;2230;202;0;33,2
4209;2023.06.07 07:45;4;11;12,375;12,6875;2229;202;0;33,2
4210;2023.06.07 08:00;4;11;13;13,375;2228;202;0;33,2
4211;2023.06.07 08:15;4;11;12,125;11,625;2225;202;0;33,1
4212;2023.06.07 08:30;4;11;11,875;11,5625;2223;202;0;33,1
4213;2023.06.07 08:45;4;11;12,75;13,25;2223;202;0;33,1
4214;2023.06.07 09:00;4;11;12,75;12,8125;2222;202;0;33,1
4215;2023.06.07 09:15;4;11;12,875;13,0625;2220;202;0;33,0
4216;2023.06.07 09:30;4;11;13,625;14,25;2219;202;0;33,0
4217;2023.06.07 09:45;4;11;14,75;15,25;2219;202;0;33,0
4218;2023.06.07 10:00;4;11;14,25;14,5;2216;202;0;32,9
4219;2023.06.07 10:15;4;11,0625;14,125;14,5625;2213;202;0;32,9
4220;2023.06.07 10:30;4;11,0625;14,5;15;2212;202;0;32,9
4221;2023.06.07 10:45;4;11,125;14,875;15,75;2210;202;0;32,8
4222;2023.06.07 11:00;4;11,125;15,4375;16,5625;2208;202;0;32,8
4223;2023.06.07 11:15;4;11,125;16,6875;18,25;2207;202;0;32,8
4224;2023.06.07 11:30;4;11,125;18,625;20,1875;2205;202;0;32,7
4225;2023.06.07 11:45;4;11,1875;18;18,8125;2200;202;0;32,6
4226;2023.06.07 12:00;4;11,25;17,9375;19,375;2196;202;0;32,6
4227;2023.06.07 12:15;4;11,25;17,875;19,25;2192;202;0;32,5
4228;2023.06.07 12:30;4;11,3125;18;19,4375;2188;202;0;32,4
4229;2023.06.07 12:45;4;11,375;19,125;21,0625;2186;202;0;32,4
4230;2023.06.07 13:00;4;11,375;18,5625;19,5;2182;202;0;32,3
4231;2023.06.07 13:15;4;11,4375;20,625;22,625;2181;202;0;32,3
4232;2023.06.07 13:30;4;11,5;21,0625;22,75;2178;202;0;32,2
4233;2023.06.07 13:45;4;11,5625;20,1875;20,5;2175;202;0;32,2
4234;2023.06.07 14:00;4;11,625;21,25;22,75;2174;202;0;32,1
4235;2023.06.07 14:15;4;11,6875;21;22;2172;202;0;32,1
4236;2023.06.07 14:30;4;11,75;21,375;22;2170;202;0;32,1
4237;2023.06.07 14:45;4;11,8125;20,125;21,0625;2167;202;0;32,0
4238;2023.06.07 15:00;4;11,875;19,5;20,125;2164;202;0;32,0
4239;2023.06.07 15:15;4;11,9375;19,125;20,125;2161;202;0;31,9
4240;2023.06.07 15:30;4;12;18,875;20;2159;202;0;31,9
4241;2023.06.07 15:45;4;12,0625;18,5;19,5;2157;202;0;31,8
4242;2023.06.07 16:00;4;12,125;18,25;19,25;2156;202;0;31,8
4243;2023.06.07 16:15;4;12,125;18,0625;19;2155;202;0;31,8
4244;2023.06.07 16:30;4;12,1875;17,875;19;2152;202;0;31,7
4245;2023.06.07 16:45;4;12,25;17,625;18,625;2151;202;0;31,7
4246;2023.06.07 17:00;4;12,25;17,25;18;2149;202;0;31,7
4247;2023.06.07 17:15;4;12,25;16,9375;17,6875;2148;202;0;31,6
4248;2023.06.07 17:30;4;12,25;16,625;17,4375;2146;202;0;31,6
4249;2023.06.07 17:45;4;12,3125;16,125;16,5;2145;202;0;31,6
4250;2023.06.07 18:00;4;12,3125;15,5625;15,5625;2143;202;0;31,6
4251;2023.06.07 18:15;4;12,375;15,0625;15;2142;202;0;31,5
4252;2023.06.07 18:30;4;12,375;14,6875;14,5625;2140;202;0;31,5
4253;2023.06.07 18:45;4;12,375;14,25;14,0625;2139;202;0;31,5
4254;2023.06.07 19:00;4;12,375;13,75;13,375;2137;202;0;31,4
4255;2023.06.07 19:15;4;12,375;13,375;13;2136;202;0;31,4
4256;2023.06.07 19:30;4;12,375;13,0625;12,625;2136;202;0;31,4
4257;2023.06.07 19:45;4;12,3125;12,75;12,25;2135;202;0;31,4
4258;2023.06.07 20:00;4;12,3125;12,4375;11,875;2135;202;0;31,4
4259;2023.06.07 20:15;4;12,25;12,125;11,5;2135;202;0;31,4
4260;2023.06.07 20:30;4;12,25;11,875;11;2135;202;0;31,4
4261;2023.06.07 20:45;4;12,25;11,625;10,9375;2135;202;0;31,4
4262;2023.06.07 21:00;4;12,25;11,375;10,625;2135;202;0;31,4
4263;2023.06.07 21:15;4;12,1875;11,25;10,625;2136;202;0;31,4
4264;2023.06.07 21:30;4;12,125;11,0625;10,0625;2136;202;0;31,4
4265;2023.06.07 21:45;4;12,125;10,875;9,875;2136;202;0;31,4
4266;2023.06.07 22:00;4;12,125;10,6875;9,75;2137;202;0;31,4
4267;2023.06.07 22:15;4;12,0625;10,625;9,75;2138;202;0;31,5
4268;2023.06.07 22:30;4;12;10,5;9,6875;2138;202;0;31,5
4269;2023.06.07 22:45;4;12;10,3125;9,3125;2139;202;0;31,5
4270;2023.06.07 23:00;4;12;10,125;9;2139;202;0;31,5
4271;2023.06.07 23:15;4;11,9375;10;8,8125;2140;202;0;31,5
4272;2023.06.07 23:30;4;11,875;9,8125;8,5;2141;202;0;31,5
4273;2023.06.07 23:45;4;11,875;9,5;7,875;2141;202;0;31,5
4274;2023.06.08 00:00;4;11,875;9,375;7,75;2143;202;0;31,6
4275;2023.06.08 00:15;4;11,8125;9,25;7,75;2144;202;0;31,6
4276;2023.06.08 00:30;4;11,75;9,125;7,6875;2144;202;0;31,6
4277;2023.06.08 00:45;4;11,75;9,0625;7,625;2145;202;0;31,6
4278;2023.06.08 01:00;4;11,6875;9;7,625;2147;202;0;31,6
4279;2023.06.08 01:15;4;11,625;8,875;7,375;2147;202;0;31,6
4280;2023.06.08 01:30;4;11,625;8,75;7,375;2149;202;0;31,7
4281;2023.06.08 01:45;4;11,5625;8,75;7,25;2150;202;0;31,7
4282;2023.06.08 02:00;4;11,5;8,625;7,1875;2151;202;0;31,7
4283;2023.06.08 02:15;4;11,5;8,5625;7,125;2151;202;0;31,7
4284;2023.06.08 02:30;4;11,5;8,5;7,0625;2152;202;0;31,7
4285;2023.06.08 02:45;4;11,4375;8,375;6,875;2153;202;0;31,7
4286;2023.06.08 03:00;4;11,375;8,375;7,125;2154;202;0;31,8
4287;2023.06.08 03:15;4;11,375;8,4375;7,1875;2155;202;0;31,8
4288;2023.06.08 03:30;4;11,375;8,4375;7,1875;2156;202;0;31,8
4289;2023.06.08 03:45;4;11,25;8,375;7,125;2157;202;0;31,8
4290;2023.06.08 04:00;4;11,25;8,375;7,125;2158;202;0;31,8
4291;2023.06.08 04:15;4;11,25;8,375;7,125;2159;202;0;31,9
4292;2023.06.08 04:30;4;11,1875;8,375;7;2160;202;0;31,9
4293;2023.06.08 04:45;4;11,125;8,5;7,25;2161;202;0;31,9
4294;2023.06.08 05:00;4;11,125;8,5625;7,5;2161;202;0;31,9
4295;2023.06.08 05:15;4;11,125;8,75;7,75;2162;202;0;31,9
4296;2023.06.08 05:30;4;11,0625;8,8125;8;2162;202;0;31,9
4297;2023.06.08 05:45;4;11;8,875;8,0625;2163;202;0;31,9
4298;2023.06.08 06:00;4;11;8,9375;8,25;2165;202;0;32,0
4299;2023.06.08 06:15;4;11;9,125;8,625;2164;202;0;32,0
4300;2023.06.08 06:30;4;11;10,25;10,75;2165;202;0;32,0
4301;2023.06.08 06:45;4;10,9375;11;11,25;2165;202;0;32,0
4302;2023.06.08 07:00;4;10,875;11,25;11,5;2165;202;0;32,0
4303;2023.06.08 07:15;4;10,875;11,5;11,625;2165;202;0;32,0
4304;2023.06.08 07:30;4;10,875;11,6875;11,875;2163;202;0;31,9
4305;2023.06.08 07:45;4;10,875;11,875;12,375;2162;202;0;31,9
4306;2023.06.08 08:00;4;10,875;12,5;13;2162;202;0;31,9
4307;2023.06.08 08:15;4;10,875;13,25;13,625;2161;202;0;31,9
4308;2023.06.08 08:30;4;10,875;13,5625;14,25;2159;202;0;31,9
4309;2023.06.08 08:45;4;10,875;13,5625;14;2158;202;0;31,8
4310;2023.06.08 09:00;4;10,875;13,625;14,25;2156;202;0;31,8
4311;2023.06.08 09:15;4;10,875;13,75;14,5;2154;202;0;31,8
4312;2023.06.08 09:30;4;10,875;14;14,875;2152;202;0;31,7
4313;2023.06.08 09:45;4;10,875;15,125;15,75;2151;202;0;31,7
4314;2023.06.08 10:00;4;10,9375;15,0625;15,8125;2149;202;0;31,7
4315;2023.06.08 10:15;4;11;15,25;16,125;2146;202;0;31,6
4316;2023.06.08 10:30;4;11;15,625;16,375;2144;202;0;31,6
4317;2023.06.08 10:45;4;11;15,625;16,5;2141;202;0;31,5
4318;2023.06.08 11:00;4;11;15,9375;17;2138;202;0;31,5
4319;2023.06.08 11:15;4;11,0625;16,75;18,125;2136;202;0;31,4
4320;2023.06.08 11:30;4;11,125;18,8125;20,4375;2134;202;0;31,4
4321;2023.06.08 11:45;4;11,125;19,375;20,5625;2130;202;0;31,3
4322;2023.06.08 12:00;4;11,125;19;20,3125;2125;202;0;31,2
4323;2023.06.08 12:15;4;11,1875;18,75;20,25;2120;202;0;31,1
4324;2023.06.08 12:30;4;11,25;18,75;20,25;2116;202;0;31,0
4325;2023.06.08 12:45;4;11,25;19,25;20,875;2113;202;0;31,0
4326;2023.06.08 13:00;4;11,375;19,75;21;2111;202;0;30,9
4327;2023.06.08 13:15;4;11,375;20,875;22,375;2110;202;0;30,9
4328;2023.06.08 13:30;4;11,5;21,875;23,5;2109;202;0;30,9
4329;2023.06.08 13:45;4;11,5;22,375;23,5625;2108;202;0;30,9
4330;2023.06.08 14:00;4;11,5625;21,875;22,9375;2106;202;0;30,8
4331;2023.06.08 14:15;4;11,625;20,625;21,125;2103;202;0;30,8
4332;2023.06.08 14:30;4;11,75;20;20,125;2101;202;0;30,7
4333;2023.06.08 14:45;4;11,75;19,625;20,625;2099;202;0;30,7
4334;2023.06.08 15:00;4;11,875;19,5625;20,625;2097;202;0;30,7
4335;2023.06.08 15:15;4;11,875;19,25;20,25;2095;202;0;30,6
4336;2023.06.08 15:30;4;12;19;20,125;2093;202;0;30,6
4337;2023.06.08 15:45;4;12;18,6875;19,625;2092;202;0;30,6
4338;2023.06.08 16:00;4;12,0625;18,625;19,75;2091;202;0;30,5
4339;2023.06.08 16:15;4;12,125;18,375;19,375;2089;202;0;30,5
4340;2023.06.08 16:30;4;12,125;18,1875;19,125;2088;202;0;30,5
4341;2023.06.08 16:45;4;12,1875;17,8125;18,625;2086;202;0;30,5
4342;2023.06.08 17:00;4;12,25;17,5;18,375;2084;202;0;30,4
4343;2023.06.08 17:15;4;12,25;17,25;18;2082;202;0;30,4
4344;2023.06.08 17:30;4;12,25;16,875;17,75;2080;202;0;30,3
4345;2023.06.08 17:45;4;12,25;16,25;16,5625;2078;202;0;30,3
4346;2023.06.08 18:00;4;12,25;15,875;16,1875;2076;202;0;30,3
4347;2023.06.08 18:15;4;12,25;15,5;15,625;2074;202;0;30,2
4348;2023.06.08 18:30;4;12,3125;15,125;15,25;2073;202;0;30,2
4349;2023.06.08 18:45;4;12,3125;14,625;14,625;2075;202;0;30,2
4350;2023.06.08 19:00;4;12,3125;14,125;13,875;2100;202;0;30,7
4351;2023.06.08 19:15;4;12,3125;13,625;13,375;2099;202;0;30,7
4352;2023.06.08 19:30;4;12,3125;13,3125;13;2071;202;0;30,2
4353;2023.06.08 19:45;4;12,25;13,0625;12,75;2072;202;0;30,2
4354;2023.06.08 20:00;4;12,25;12,75;12,25;2074;202;0;30,2
4355;2023.06.08 20:15;4;12,25;12,5;12;2072;202;0;30,2
4356;2023.06.08 20:30;4;12,25;12,25;11,625;2072;202;0;30,2
4357;2023.06.08 20:45;4;12,25;11,875;11;2072;202;0;30,2
4358;2023.06.08 21:00;4;12,1875;11,4375;10,375;2072;202;0;30,2
4359;2023.06.08 21:15;4;12,125;11,125;10,125;2072;202;0;30,2
4360;2023.06.08 21:30;4;12,125;10,9375;9,875;2072;202;0;30,2
4361;2023.06.08 21:45;4;12,125;10,75;9,6875;2073;202;0;30,2
4362;2023.06.08 22:00;4;12,125;10,625;9,5;2073;202;0;30,2
4363;2023.06.08 22:15;4;12,0625;10,5;9,375;2074;202;0;30,2
4364;2023.06.08 22:30;4;12;10,375;9,25;2076;202;0;30,3
4365;2023.06.08 22:45;4;12;10,125;9,0625;2076;202;0;30,3
4366;2023.06.08 23:00;4;12;10;9;2078;202;0;30,3
4367;2023.06.08 23:15;4;11,875;9,875;8,75;2079;202;0;30,3
4368;2023.06.08 23:30;4;11,875;9,75;8,625;2080;202;0;30,3
4369;2023.06.08 23:45;4;11,875;9,625;8,4375;2081;202;0;30,4
4370;2023.06.09 00:00;4;11,8125;9,625;8,75;2082;202;0;30,4
4371;2023.06.09 00:15;4;11,75;9,625;8,75;2083;202;0;30,4
4372;2023.06.09 00:30;4;11,75;9,625;8,75;2084;202;0;30,4
4373;2023.06.09 00:45;4;11,6875;9,5;8,5;2084;202;0;30,4
4374;2023.06.09 01:00;4;11,625;9,4375;8,5;2086;202;0;30,5
4375;2023.06.09 01:15;4;11,625;9,375;8,375;2089;202;0;30,5
4376;2023.06.09 01:30;4;11,625;9,25;7,9375;2092;202;0;30,6
4377;2023.06.09 01:45;4;11,5625;9;7,5625;2093;202;0;30,6
4378;2023.06.09 02:00;4;11,5;8,875;7,3125;2095;202;0;30,6
4379;2023.06.09 02:15;4;11,5;8,75;7,25;2096;202;0;30,6
4380;2023.06.09 02:30;4;11,5;8,75;7,4375;2097;202;0;30,7
4381;2023.06.09 02:45;4;11,4375;8,875;7,625;2099;202;0;30,7
4382;2023.06.09 03:00;4;11,375;8,75;7,4375;2101;202;0;30,7
4383;2023.06.09 03:15;4;11,375;8,75;7,5;2101;202;0;30,7
4384;2023.06.09 03:30;4;11,3125;8,75;7,375;2102;202;0;30,8
4385;2023.06.09 03:45;4;11,25;8,75;7,8125;2104;202;0;30,8
4386;2023.06.09 04:00;4;11,25;8,875;8,0625;2107;202;0;30,9
4387;2023.06.09 04:15;4;11,25;8,9375;7,9375;2107;202;0;30,9
4388;2023.06.09 04:30;4;11,1875;9;8,0625;2104;202;0;30,8
4389;2023.06.09 04:45;4;11,125;9,0625;8,125;2105;202;0;30,8
4390;2023.06.09 05:00;4;11,125;9,25;8,5;2106;202;0;30,8
4391;2023.06.09 05:15;4;11,125;9,375;8,5625;2105;202;0;30,8
4392;2023.06.09 05:30;4;11,0625;9,5;8,75;2093;202;0;30,6
4393;2023.06.09 05:45;4;11,0625;9,4375;8,5625;2117;202;0;31,1
4394;2023.06.09 06:00;4;11;9,5;8,75;2087;202;0;30,5
4395;2023.06.09 06:15;4;11;10;9,625;2088;202;0;30,5
4396;2023.06.09 06:30;4;11;11,4375;12,625;2089;202;0;30,5
4397;2023.06.09 06:45;4;11;12,375;13,75;2090;202;0;30,5
4398;2023.06.09 07:00;4;11;12,75;14;2089;202;0;30,5
4399;2023.06.09 07:15;4;10,9375;13;14;2086;202;0;30,5
4400;2023.06.09 07:30;4;10,9375;13,1875;14,3125;2084;202;0;30,4
4401;2023.06.09 07:45;4;11;13,5625;14,8125;2083;202;0;30,4
4402;2023.06.09 08:00;4;11;14;15,3125;2081;202;0;30,4
4403;2023.06.09 08:15;4;11;14,625;15,8125;2079;202;0;30,3
4404;2023.06.09 08:30;4;11;15;16,1875;2077;202;0;30,3
4405;2023.06.09 08:45;4;11;15,3125;16,625;2075;202;0;30,2
4406;2023.06.09 09:00;4;11;15,5;16,75;2072;202;0;30,2
4407;2023.06.09 09:15;4;11;15,75;17,25;2070;202;0;30,1
4408;2023.06.09 09:30;4;11;16,25;18,125;2067;202;0;30,1
4409;2023.06.09 09:45;4;11,0625;17,5625;19,25;2065;202;0;30,0
4410;2023.06.09 10:00;4;11,125;17,6875;19,5;2062;202;0;30,0
4411;2023.06.09 10:15;4;11,125;17,625;19,375;2058;202;0;29,9
4412;2023.06.09 10:30;4;11,125;18,5;20,125;2056;202;0;29,9
4413;2023.06.09 10:45;4;11,1875;18,625;20,5;2052;202;0;29,8
4414;2023.06.09 11:00;4;11,25;18,875;21;2049;202;0;29,7
4415;2023.06.09 11:15;4;11,25;20;22,5;2047;202;0;29,7
4416;2023.06.09 11:30;4;11,3125;21,75;24,125;2046;202;0;29,7
4417;2023.06.09 11:45;4;11,375;21,875;24;2044;202;0;29,6
4418;2023.06.09 12:00;4;11,4375;21,5625;23,5;2041;202;0;29,6
4419;2023.06.09 12:15;4;11,5;21,25;23,375;2038;202;0;29,5
4420;2023.06.09 12:30;4;11,5625;21,375;23,625;2036;202;0;29,5
4421;2023.06.09 12:45;4;11,625;21,875;24,25;2035;202;0;29,5
4422;2023.06.09 13:00;4;11,6875;22,75;25,125;2035;202;0;29,5
4423;2023.06.09 13:15;4;11,75;24,125;26,75;2034;202;0;29,4
4424;2023.06.09 13:30;4;11,8125;25,625;28,625;2035;202;0;29,5
4425;2023.06.09 13:45;4;11,875;26,375;28,375;2034;202;0;29,4
4426;2023.06.09 14:00;4;12;26;27,75;2032;202;0;29,4
4427;2023.06.09 14:15;4;12,125;25,875;28;2030;202;0;29,4
4428;2023.06.09 14:30;4;12,1875;26;27,9375;2028;202;0;29,3
4429;2023.06.09 14:45;4;12,25;24,375;25,875;2024;202;0;29,2
4430;2023.06.09 15:00;4;12,375;23,5;24,8125;2021;202;0;29,2
4431;2023.06.09 15:15;4;12,5;23;24,875;2018;202;0;29,1
4432;2023.06.09 15:30;4;12,5;22,625;24,5;2016;202;0;29,1
4433;2023.06.09 15:45;4;12,625;22,125;23,875;2006;202;0;28,9
4434;2023.06.09 16:00;4;12,6875;21,875;23,75;2002;202;0;28,8
4435;2023.06.09 16:15;4;12,75;21,75;23,625;2000;202;0;28,8
4436;2023.06.09 16:30;4;12,75;21,625;23,5625;1998;202;0;28,7
4437;2023.06.09 16:45;4;12,875;21,3125;23,1875;1996;202;0;28,7
4438;2023.06.09 17:00;4;12,875;20,875;22,625;1994;202;0;28,7
4439;2023.06.09 17:15;4;12,9375;20,375;21,75;1992;202;0;28,6
4440;2023.06.09 17:30;4;13;20,0625;21,625;1988;202;0;28,5
4441;2023.06.09 17:45;4;13;19,625;21;1985;202;0;28,5
4442;2023.06.09 18:00;4;13;19,125;20,125;1981;202;0;28,4
4443;2023.06.09 18:15;4;13;18,75;19,75;1979;202;0;28,4
4444;2023.06.09 18:30;4;13,0625;18,375;19,5;1978;202;0;28,3
4445;2023.06.09 18:45;4;13,0625;18;18,875;1976;202;0;28,3
4446;2023.06.09 19:00;4;13,0625;17,625;18,4375;1974;202;0;28,3
4447;2023.06.09 19:15;4;13,0625;17,1875;18;1973;202;0;28,2
4448;2023.06.09 19:30;4;13,125;16,875;17,625;1971;202;0;28,2
4449;2023.06.09 19:45;4;13,125;16,625;17,25;1970;202;0;28,2
4450;2023.06.09 20:00;4;13,0625;16,375;17,125;1969;202;0;28,2
4451;2023.06.09 20:15;4;13,0625;16,125;16,75;1968;202;0;28,1
4452;2023.06.09 20:30;4;13,0625;15,875;16,375;1967;202;0;28,1
4453;2023.06.09 20:45;4;13,0625;15,75;16,5;1965;202;0;28,1
4454;2023.06.09 21:00;4;13;15,5;16,125;1963;202;0;28,0
4455;2023.06.09 21:15;4;13;15,625;16,625;1961;202;0;28,0
4456;2023.06.09 21:30;4;13;15,5;16,5;1960;202;0;28,0
4457;2023.06.09 21:45;4;13;15,25;16,0625;1958;202;0;27,9
4458;2023.06.09 22:00;4;13;15,1875;16,125;1956;202;0;27,9
4459;2023.06.09 22:15;4;12,9375;15,1875;16,25;1955;202;0;27,9
4460;2023.06.09 22:30;4;12,875;15,125;16,125;1954;202;0;27,9
4461;2023.06.09 22:45;4;12,875;15,125;16,125;1953;202;0;27,9
4462;2023.06.09 23:00;4;12,875;15,25;16,25;1953;202;0;27,9
4463;2023.06.09 23:15;4;12,875;15,375;16,625;1952;202;0;27,8
4464;2023.06.09 23:30;4;12,8125;15,5;16,625;1952;202;0;27,8
4465;2023.06.09 23:45;4;12,8125;15,5;16,5;1951;202;0;27,8
4466;2023.06.10 00:00;4;12,75;15,4375;16,5;1951;202;0;27,8
4467;2023.06.10 00:15;4;12,75;15,5;16,625;1954;202;0;27,9
4468;2023.06.10 00:30;4;12,75;15,5;16,625;1950;202;0;27,8
4469;2023.06.10 00:45;4;12,75;15,5;16,6875;1950;202;0;27,8
4470;2023.06.10 01:00;4;12,75;15,5;16,625;1949;202;0;27,8
4471;2023.06.10 01:15;4;12,6875;15,5;16,6875;1948;202;0;27,8
4472;2023.06.10 01:30;4;12,625;15,625;16,9375;1947;202;0;27,7
4473;2023.06.10 01:45;4;12,625;15,6875;17;1964;202;0;28,1
4474;2023.06.10 02:00;4;12,625;15,625;16,8125;1964;202;0;28,1
4475;2023.06.10 02:15;4;12,625;15,6875;16,875;1949;202;0;27,8
4476;2023.06.10 02:30;4;12,625;15,8125;17,125;1947;202;0;27,7
4477;2023.06.10 02:45;4;12,625;15,875;17,125;1947;202;0;27,7
4478;2023.06.10 03:00;4;12,625;16;17,25;1946;202;0;27,7
4479;2023.06.10 03:15;4;12,5625;15,875;17,0625;1946;202;0;27,7
4480;2023.06.10 03:30;4;12,5625;16;17,4375;1946;202;0;27,7
4481;2023.06.10 03:45;4;12,5625;15,875;17,25;1946;202;0;27,7
4482;2023.06.10 04:00;4;12,5;15,875;17,125;1947;202;0;27,7
4483;2023.06.10 04:15;4;12,5;16;17,375;1949;202;0;27,8
4484;2023.06.10 04:30;4;12,5;16;17,3125;1950;202;0;27,8
4485;2023.06.10 04:45;4;12,5;16;17,5;1949;202;0;27,8
4486;2023.06.10 05:00;4;12,5;16,125;17,625;1952;202;0;27,8
4487;2023.06.10 05:15;4;12,5;16,1875;17,6875;1957;202;0;27,9
4488;2023.06.10 05:30;4;12,5;16,3125;17,875;1938;202;0;27,6
4489;2023.06.10 05:45;4;12,5;16,375;18;1937;202;0;27,5
4490;2023.06.10 06:00;4;12,5;16,625;18,375;1936;202;0;27,5
4491;2023.06.10 06:15;4;12,5;17,25;19,125;1936;202;0;27,5
4492;2023.06.10 06:30;4;12,5;18,375;20,8125;1936;202;0;27,5
4493;2023.06.10 06:45;4;12,5;18,75;20,9375;1936;202;0;27,5
4494;2023.06.10 07:00;4;12,5;19,0625;21,25;1935;202;0;27,5
4495;2023.06.10 07:15;4;12,5;19,375;21,625;1935;202;0;27,5
4496;2023.06.10 07:30;4;12,5;19,5;21,75;1934;202;0;27,5
4497;2023.06.10 07:45;4;12,5;19,75;21,875;1933;202;0;27,5
4498;2023.06.10 08:00;4;12,5;20,1875;22,375;1933;202;0;27,5
4499;2023.06.10 08:15;4;12,5625;21;22,875;1933;202;0;27,5
4500;2023.06.10 08:30;4;12,625;21,0625;22,875;1934;202;0;27,5
4501;2023.06.10 08:45;4;12,625;21,0625;23;1931;202;0;27,4
4502;2023.06.10 09:00;4;12,625;21,125;23,125;1929;202;0;27,4
4503;2023.06.10 09:15;4;12,625;21,5625;23,875;1929;202;0;27,4
4504;2023.06.10 09:30;4;12,75;22,1875;24,5;1928;202;0;27,4
4505;2023.06.10 09:45;4;12,75;22,625;24,5625;1928;202;0;27,4
4506;2023.06.10 10:00;4;12,75;22,625;24,75;1925;202;0;27,3
4507;2023.06.10 10:15;4;12,8125;22,875;25,1875;1924;202;0;27,3
4508;2023.06.10 10:30;4;12,875;23,125;25,375;1923;202;0;27,3
4509;2023.06.10 10:45;4;12,875;23,3125;25,8125;1922;202;0;27,2
4510;2023.06.10 11:00;4;12,9375;23,625;26,125;1919;202;0;27,2
4511;2023.06.10 11:15;4;13;24,5625;27,4375;1918;202;0;27,2
4512;2023.06.10 11:30;4;13;25;27,5;1917;202;0;27,1
4513;2023.06.10 11:45;4;13,125;25,125;27,625;1915;202;0;27,1
4514;2023.06.10 12:00;4;13,125;25,375;28;1914;202;0;27,1
4515;2023.06.10 12:15;4;13,25;25,25;27,875;1912;202;0;27,0
4516;2023.06.10 12:30;4;13,25;24,6875;26,8125;1910;202;0;27,0
4517;2023.06.10 12:45;4;13,3125;26;28,8125;1910;202;0;27,0
4518;2023.06.10 13:00;4;13,375;27,125;29,5;1909;202;0;27,0
4519;2023.06.10 13:15;4;13,5;28,3125;30,9375;1909;202;0;27,0
4520;2023.06.10 13:30;4;13,5;28,75;31,1875;1909;202;0;27,0
4521;2023.06.10 13:45;4;13,625;29,625;32,1875;1909;202;0;27,0
4522;2023.06.10 14:00;4;13,6875;29,8125;31,75;1908;202;0;27,0
4523;2023.06.10 14:15;4;13,75;27,375;28,5;1903;202;0;26,9
4524;2023.06.10 14:30;4;13,875;26,375;27,75;1900;202;0;26,8
4525;2023.06.10 14:45;4;13,9375;27,875;30,3125;1900;202;0;26,8
4526;2023.06.10 15:00;4;14;27,375;29,6875;1898;202;0;26,8
4527;2023.06.10 15:15;4;14,125;26,125;27,6875;1895;202;0;26,7
4528;2023.06.10 15:30;4;14,125;26;28,25;1894;202;0;26,7
4529;2023.06.10 15:45;4;14,25;25,8125;28;1892;202;0;26,6
4530;2023.06.10 16:00;4;14,25;25,5625;27,75;1890;202;0;26,6
4531;2023.06.10 16:15;4;14,375;25,375;27,5;1889;202;0;26,6
4532;2023.06.10 16:30;4;14,375;25,375;27,625;1888;202;0;26,6
4533;2023.06.10 16:45;4;14,375;24,9375;27,0625;1886;202;0;26,5
4534;2023.06.10 17:00;4;14,5;24,375;26,375;1884;202;0;26,5
4535;2023.06.10 17:15;4;14,5;23,875;25,875;1882;202;0;26,4
4536;2023.06.10 17:30;4;14,5;23,5;25,5;1880;202;0;26,4
4537;2023.06.10 17:45;4;14,5;22,875;24,5;1878;202;0;26,4
4538;2023.06.10 18:00;4;14,5625;22,3125;24;1876;202;0;26,3
4539;2023.06.10 18:15;4;14,5625;22,125;23,9375;1875;202;0;26,3
4540;2023.06.10 18:30;4;14,625;22,125;23,875;1874;202;0;26,3
4541;2023.06.10 18:45;4;14,625;21,875;23,625;1873;202;0;26,3
4542;2023.06.10 19:00;4;14,625;21,5;23,125;1872;202;0;26,2
4543;2023.06.10 19:15;4;14,625;21,125;22,75;1870;202;0;26,2
4544;2023.06.10 19:30;4;14,625;20,75;22,1875;1869;202;0;26,2
4545;2023.06.10 19:45;4;14,625;20,5;22;1868;202;0;26,2
4546;2023.06.10 20:00;4;14,625;20,1875;21,625;1896;202;0;26,7
4547;2023.06.10 20:15;4;14,625;19,75;20,875;1868;202;0;26,2
4548;2023.06.10 20:30;4;14,5625;19,5;20,75;1868;202;0;26,2
4549;2023.06.10 20:45;4;14,5;18,75;19,625;1867;202;0;26,1
4550;2023.06.10 21:00;4;14,5;17,25;17;1865;202;0;26,1
4551;2023.06.10 21:15;4;14,5;16,6875;16,3125;1864;202;0;26,1
4552;2023.06.10 21:30;4;14,5;16,375;16;1864;202;0;26,1
4553;2023.06.10 21:45;4;14,5;16,1875;15,875;1860;202;0;26,0
4554;2023.06.10 22:00;4;14,4375;16,0625;15,75;1865;202;0;26,1
4555;2023.06.10 22:15;4;14,375;15,875;15,625;1866;202;0;26,1
4556;2023.06.10 22:30;4;14,375;15,75;15,5;1867;202;0;26,1
4557;2023.06.10 22:45;4;14,3125;15,625;15,25;1867;202;0;26,1
4558;2023.06.10 23:00;4;14,3125;15,4375;15,125;1866;202;0;26,1
4559;2023.06.10 23:15;4;14,25;15,375;15,125;1866;202;0;26,1
4560;2023.06.10 23:30;4;14,25;15,3125;15;1867;202;0;26,1
4561;2023.06.10 23:45;4;14,1875;15,25;15;1865;202;0;26,1
4562;2023.06.11 00:00;4;14,125;15,25;15,125;1866;202;0;26,1
4563;2023.06.11 00:15;4;14,125;15,25;15,125;1866;202;0;26,1
4564;2023.06.11 00:30;4;14,125;15,25;15,1875;1867;202;0;26,1
4565;2023.06.11 00:45;4;14,0625;15,25;15,125;1867;202;0;26,1
4566;2023.06.11 01:00;4;14;15,1875;15,0625;1864;202;0;26,1
4567;2023.06.11 01:15;4;14;15,125;15;1864;202;0;26,1
4568;2023.06.11 01:30;4;14;15,125;14,875;1865;202;0;26,1
4569;2023.06.11 01:45;4;13,9375;15,125;15;1871;202;0;26,2
4570;2023.06.11 02:00;4;13,875;15,125;15,0625;1872;202;0;26,2
4571;2023.06.11 02:15;4;13,875;15,25;15,25;1871;202;0;26,2
4572;2023.06.11 02:30;4;13,875;15,3125;15,375;1872;202;0;26,2
4573;2023.06.11 02:45;4;13,875;15,25;15,25;1872;202;0;26,2
4574;2023.06.11 03:00;4;13,8125;15,1875;15,125;1878;202;0;26,4
4575;2023.06.11 03:15;4;13,75;15,1875;15,125;1876;202;0;26,3
4576;2023.06.11 03:30;4;13,75;15,125;15,125;1875;202;0;26,3
4577;2023.06.11 03:45;4;13,75;15,125;15,125;1875;202;0;26,3
4578;2023.06.11 04:00;4;13,75;15,125;15;1874;202;0;26,3
4579;2023.06.11 04:15;4;13,6875;15,0625;15;1874;202;0;26,3
4580;2023.06.11 04:30;4;13,6875;15;15;1874;202;0;26,3
4581;2023.06.11 04:45;4;13,625;15,125;15,0625;1866;202;0;26,1
4582;2023.06.11 05:00;4;13,625;15,125;15,125;1861;202;0;26,0
4583;2023.06.11 05:15;4;13,625;15,25;15,375;1860;202;0;26,0
4584;2023.06.11 05:30;4;13,625;15,375;15,625;1860;202;0;26,0
4585;2023.06.11 05:45;4;13,5625;15,625;15,8125;1860;202;0;26,0
4586;2023.06.11 06:00;4;13,5625;15,75;15,875;1860;202;0;26,0
4587;2023.06.11 06:15;4;13,5;15,875;16,125;1860;202;0;26,0
4588;2023.06.11 06:30;4;13,5;15,8125;16,0625;1859;202;0;26,0
4589;2023.06.11 06:45;4;13,5;15,8125;16;1859;202;0;26,0
4590;2023.06.11 07:00;4;13,5;15,5625;15,6875;1858;202;0;26,0
4591;2023.06.11 07:15;4;13,5;15,625;15,8125;1858;202;0;26,0
4592;2023.06.11 07:30;4;13,5;15,75;16;1857;202;0;25,9
4593;2023.06.11 07:45;4;13,5;16,1875;16,625;1857;202;0;25,9
4594;2023.06.11 08:00;4;13,5;16,875;17,625;1858;202;0;26,0
4595;2023.06.11 08:15;4;13,5;18;19,125;1859;202;0;26,0
4596;2023.06.11 08:30;4;13,5;18,5625;19,75;1859;202;0;26,0
4597;2023.06.11 08:45;4;13,5;19,125;20,5625;1859;202;0;26,0
4598;2023.06.11 09:00;4;13,5;19,25;20,75;1858;202;0;26,0
4599;2023.06.11 09:15;4;13,5;19,3125;21;1857;202;0;25,9
4600;2023.06.11 09:30;4;13,5;19,5;21,25;1856;202;0;25,9
4601;2023.06.11 09:45;4;13,5625;20,375;22,0625;1857;202;0;25,9
4602;2023.06.11 10:00;4;13,625;20,5;22,5;1856;202;0;25,9
4603;2023.06.11 10:15;4;13,625;20,75;23;1855;202;0;25,9
4604;2023.06.11 10:30;4;13,625;21,1875;23,375;1855;202;0;25,9
4605;2023.06.11 10:45;4;13,75;21,375;23,6875;1854;202;0;25,9
4606;2023.06.11 11:00;4;13,75;21,625;24,125;1854;202;0;25,9
4607;2023.06.11 11:15;4;13,75;22,5;25,125;1854;202;0;25,9
4608;2023.06.11 11:30;4;13,875;23,6875;26,9375;1854;202;0;25,9
4609;2023.06.11 11:45;4;13,875;24;27;1854;202;0;25,9
4610;2023.06.11 12:00;4;14;24,0625;26,875;1853;202;0;25,9
4611;2023.06.11 12:15;4;14;23,625;25,875;1851;202;0;25,8
4612;2023.06.11 12:30;4;14,125;23,125;24,75;1850;202;0;25,8
4613;2023.06.11 12:45;4;14,125;23,375;25,1875;1849;202;0;25,8
4614;2023.06.11 13:00;4;14,25;22,5;23,5625;1848;202;0;25,8
4615;2023.06.11 13:15;4;14,25;22,125;23,125;1846;202;0;25,7
4616;2023.06.11 13:30;4;14,375;21,625;22,5;1845;202;0;25,7
4617;2023.06.11 13:45;4;14,375;21,75;22,8125;1844;202;0;25,7
4618;2023.06.11 14:00;4;14,5;22,5;23,875;1844;202;0;25,7
4619;2023.06.11 14:15;4;14,5;23;24,5;1844;202;0;25,7
4620;2023.06.11 14:30;4;14,5;22,25;23,125;1842;202;0;25,6
4621;2023.06.11 14:45;4;14,625;21,75;22,5;1841;202;0;25,6
4622;2023.06.11 15:00;4;14,625;21,75;22,75;1840;202;0;25,6
4623;2023.06.11 15:15;4;14,625;21,875;23,0625;1839;202;0;25,6
4624;2023.06.11 15:30;4;14,6875;21,25;21,9375;1838;202;0;25,6
4625;2023.06.11 15:45;4;14,75;20,75;21,375;1837;202;0;25,5
4626;2023.06.11 16:00;4;14,75;20,25;21;1835;202;0;25,5
4627;2023.06.11 16:15;4;14,75;20,5;21,5625;1835;202;0;25,5
4628;2023.06.11 16:30;4;14,75;20,75;21,875;1835;202;0;25,5
4629;2023.06.11 16:45;4;14,75;21,375;23,125;1835;202;0;25,5
4630;2023.06.11 17:00;4;14,8125;21,4375;22,8125;1834;202;0;25,5
4631;2023.06.11 17:15;4;14,8125;21,3125;22,5625;1833;202;0;25,5
4632;2023.06.11 17:30;4;14,875;21,25;22,5;1833;202;0;25,5
4633;2023.06.11 17:45;4;14,875;21,1875;22,375;1832;202;0;25,4
4634;2023.06.11 18:00;4;14,875;20,875;21,75;1831;202;0;25,4
4635;2023.06.11 18:15;4;14,875;20,3125;21,0625;1830;202;0;25,4
4636;2023.06.11 18:30;4;14,875;19,875;20,5;1829;202;0;25,4
4637;2023.06.11 18:45;4;14,875;19,3125;19,75;1828;202;0;25,4
4638;2023.06.11 19:00;4;14,875;19;19,4375;1859;202;0;26,0
4639;2023.06.11 19:15;4;14,875;18,75;19,125;1828;202;0;25,4
4640;2023.06.11 19:30;4;14,875;18,6875;19,1875;1827;202;0;25,3
4641;2023.06.11 19:45;4;14,875;18,625;19,25;1827;202;0;25,3
4642;2023.06.11 20:00;4;14,875;18,375;18,8125;1827;202;0;25,3
4643;2023.06.11 20:15;4;14,875;18;18,25;1826;202;0;25,3
4644;2023.06.11 20:30;4;14,8125;17,625;17,75;1825;202;0;25,3
4645;2023.06.11 20:45;4;14,8125;17,3125;17,375;1825;202;0;25,3
4646;2023.06.11 21:00;4;14,75;16,875;16,625;1825;202;0;25,3
4647;2023.06.11 21:15;4;14,75;16,625;16,3125;1824;202;0;25,3
4648;2023.06.11 21:30;4;14,75;16,5;16,125;1823;202;0;25,3
4649;2023.06.11 21:45;4;14,75;16,5;16,375;1825;202;0;25,3
4650;2023.06.11 22:00;4;14,6875;16,25;16,0625;1823;202;0;25,3
4651;2023.06.11 22:15;4;14,625;16;15,625;1824;202;0;25,3
4652;2023.06.11 22:30;4;14,625;15,625;15,125;1822;202;0;25,2
4653;2023.06.11 22:45;4;14,625;15,375;14,75;1822;202;0;25,2
4654;2023.06.11 23:00;4;14,5625;15,25;14,625;1822;202;0;25,2
4655;2023.06.11 23:15;4;14,5;15;14,375;1822;202;0;25,2
4656;2023.06.11 23:30;4;14,5;14,75;14,0625;1822;202;0;25,2
4657;2023.06.11 23:45;4;14,4375;14,6875;14;1824;202;0;25,3
4658;2023.06.12 00:00;4;14,375;14,625;13,875;1824;202;0;25,3
4659;2023.06.12 00:15;4;14,375;14,5625;13,9375;1824;202;0;25,3
4660;2023.06.12 00:30;4;14,375;14,5;13,9375;1825;202;0;25,3
4661;2023.06.12 00:45;4;14,25;14,625;14,125;1825;202;0;25,3
4662;2023.06.12 01:00;4;14,25;14,625;14,125;1826;202;0;25,3
4663;2023.06.12 01:15;4;14,25;14,5;14;1826;202;0;25,3
4664;2023.06.12 01:30;4;14,1875;14,25;13,625;1826;202;0;25,3
4665;2023.06.12 01:45;4;14,125;14,125;13,5;1824;202;0;25,3
4666;2023.06.12 02:00;4;14,125;14,25;13,6875;1823;202;0;25,3
4667;2023.06.12 02:15;4;14,0625;14,1875;13,75;1823;202;0;25,3
4668;2023.06.12 02:30;4;14;14,125;13,625;1823;202;0;25,3
4669;2023.06.12 02:45;4;14;14,125;13,625;1824;202;0;25,3
4670;2023.06.12 03:00;4;14;14,125;13,75;1824;202;0;25,3
4671;2023.06.12 03:15;4;13,9375;14,125;13,75;1824;202;0;25,3
4672;2023.06.12 03:30;4;13,875;14,25;13,875;1828;202;0;25,4
4673;2023.06.12 03:45;4;13,875;14,25;14;1825;202;0;25,3
4674;2023.06.12 04:00;4;13,875;14,375;14,1875;1825;202;0;25,3
4675;2023.06.12 04:15;4;13,8125;14,5;14,5;1825;202;0;25,3
4676;2023.06.12 04:30;4;13,75;14,75;14,75;1825;202;0;25,3
4677;2023.06.12 04:45;4;13,75;14,875;15;1826;202;0;25,3
4678;2023.06.12 05:00;4;13,75;15,0625;15,3125;1826;202;0;25,3
4679;2023.06.12 05:15;4;13,6875;15,25;15,5;1826;202;0;25,3
4680;2023.06.12 05:30;4;13,6875;15,4375;15,875;1826;202;0;25,3
4681;2023.06.12 05:45;4;13,625;15,75;16,25;1846;202;0;25,7
4682;2023.06.12 06:00;4;13,625;16,125;16,8125;1832;202;0;25,4
4683;2023.06.12 06:15;4;13,625;16,5625;17,5;1825;202;0;25,3
4684;2023.06.12 06:30;4;13,625;17,375;19,125;1848;202;0;25,8
4685;2023.06.12 06:45;4;13,625;18;20;1836;202;0;25,5
4686;2023.06.12 07:00;4;13,625;18,5;20,375;1836;202;0;25,5
4687;2023.06.12 07:15;4;13,625;18,875;20,75;1835;202;0;25,5
4688;2023.06.12 07:30;4;13,625;18,875;20,5;1823;202;0;25,3
4689;2023.06.12 07:45;4;13,625;19,3125;21,125;1823;202;0;25,3
4690;2023.06.12 08:00;4;13,625;20,125;22,375;1839;202;0;25,6
4691;2023.06.12 08:15;4;13,6875;20,875;23,3125;1824;202;0;25,3
4692;2023.06.12 08:30;4;13,75;21,4375;23,875;1824;202;0;25,3
4693;2023.06.12 08:45;4;13,75;21,75;24,125;1835;202;0;25,5
4694;2023.06.12 09:00;4;13,75;21,625;23,75;1822;202;0;25,2
4695;2023.06.12 09:15;4;13,8125;21,625;23,6875;1821;202;0;25,2
4696;2023.06.12 09:30;4;13,875;21,8125;23,875;1820;202;0;25,2
4697;2023.06.12 09:45;4;13,875;22,125;24;1820;202;0;25,2
4698;2023.06.12 10:00;4;14;22,375;24,4375;1824;202;0;25,3
4699;2023.06.12 10:15;4;14;22,5;24,625;1835;202;0;25,5
4700;2023.06.12 10:30;4;14;23,25;25,75;1825;202;0;25,3
4701;2023.06.12 10:45;4;14,125;23,625;26,375;1824;202;0;25,3
4702;2023.06.12 11:00;4;14,125;24,0625;26,875;1824;202;0;25,3
4703;2023.06.12 11:15;4;14,1875;25;28;1823;202;0;25,3
4704;2023.06.12 11:30;4;14,25;27;30,375;1821;202;0;25,2
4705;2023.06.12 11:45;4;14,3125;27,375;30,5625;1846;202;0;25,7
4706;2023.06.12 12:00;4;14,375;26,625;29,375;1859;202;0;26,0
4707;2023.06.12 12:15;4;14,4375;26,25;28,9375;1817;202;0;25,1
4708;2023.06.12 12:30;4;14,5;25,25;27,1875;1814;202;0;25,1
4709;2023.06.12 12:45;4;14,625;26,25;29;1814;202;0;25,1
4710;2023.06.12 13:00;4;14,625;26,75;29,5;1814;202;0;25,1
4711;2023.06.12 13:15;4;14,6875;26,9375;29,25;1813;202;0;25,1
4712;2023.06.12 13:30;4;14,75;29,5;33;1815;202;0;25,1
4713;2023.06.12 13:45;4;14,875;31,375;34,25;1817;202;0;25,1
4714;2023.06.12 14:00;4;14,875;29,5;30,875;1815;202;0;25,1
4715;2023.06.12 14:15;4;15;27,375;28,375;1810;202;0;25,0
4716;2023.06.12 14:30;4;15,0625;28,3125;30,5;1810;202;0;25,0
4717;2023.06.12 14:45;4;15,125;25,75;26,375;1806;202;0;24,9
4718;2023.06.12 15:00;4;15,25;26,375;28,625;1805;202;0;24,9
4719;2023.06.12 15:15;4;15,25;25,625;27,5625;1803;202;0;24,9
4720;2023.06.12 15:30;4;15,3125;26,1875;28,625;1804;202;0;24,9
4721;2023.06.12 15:45;4;15,375;26,125;28,4375;1802;202;0;24,8
4722;2023.06.12 16:00;4;15,375;25;26,4375;1800;202;0;24,8
4723;2023.06.12 16:15;4;15,4375;23,875;25,25;1798;202;0;24,8
4724;2023.06.12 16:30;4;15,5;23,5;25;1797;202;0;24,7
4725;2023.06.12 16:45;4;15,5;23,5;25,125;1795;202;0;24,7
4726;2023.06.12 17:00;4;15,5;22,875;24,1875;1794;202;0;24,7
4727;2023.06.12 17:15;4;15,5;21,25;21,1875;1791;202;0;24,6
4728;2023.06.12 17:30;4;15,5;20,3125;20,0625;1789;202;0;24,6
4729;2023.06.12 17:45;4;15,5;19,75;19,625;1788;202;0;24,6
4730;2023.06.12 18:00;4;15,5;19,4375;19,3125;1787;202;0;24,5
4731;2023.06.12 18:15;4;15,5;19,25;19,25;1786;202;0;24,5
4732;2023.06.12 18:30;4;15,5;19,0625;19,125;1786;202;0;24,5
4733;2023.06.12 18:45;4;15,4375;18,8125;18,75;1785;202;0;24,5
4734;2023.06.12 19:00;4;15,375;18,4375;18,25;1784;202;0;24,5
4735;2023.06.12 19:15;4;15,375;18;17,625;1784;202;0;24,5
4736;2023.06.12 19:30;4;15,375;17,875;17,6875;1784;202;0;24,5
4737;2023.06.12 19:45;4;15,375;18;18;1783;202;0;24,5
4738;2023.06.12 20:00;4;15,3125;18,3125;18,75;1783;202;0;24,5
4739;2023.06.12 20:15;4;15,25;18,6875;19,625;1783;202;0;24,5
4740;2023.06.12 20:30;4;15,25;18,875;19,75;1783;202;0;24,5
4741;2023.06.12 20:45;4;15,25;19;20,25;1783;202;0;24,5
4742;2023.06.12 21:00;4;15,25;18,75;19,625;1783;202;0;24,5
4743;2023.06.12 21:15;4;15,1875;18,25;18,625;1782;202;0;24,4
4744;2023.06.12 21:30;4;15,125;17,8125;18;1781;202;0;24,4
4745;2023.06.12 21:45;4;15,125;17,25;17;1780;202;0;24,4
4746;2023.06.12 22:00;4;15,125;16,625;16,125;1779;202;0;24,4
4747;2023.06.12 22:15;4;15,0625;16,125;15,375;1779;202;0;24,4
4748;2023.06.12 22:30;4;15;15,75;15;1778;202;0;24,4
4749;2023.06.12 22:45;4;15;15,4375;14,625;1778;202;0;24,4
4750;2023.06.12 23:00;4;15;15,125;14,25;1780;202;0;24,4
4751;2023.06.12 23:15;4;14,875;15;14,125;1783;202;0;24,5
4752;2023.06.12 23:30;4;14,875;14,8125;14;1800;202;0;24,8
4753;2023.06.12 23:45;4;14,875;14,625;13,875;1800;202;0;24,8
4754;2023.06.13 00:00;4;14,75;14,625;13,875;1802;202;0;24,8
4755;2023.06.13 00:15;4;14,75;14,75;14,25;1802;202;0;24,8
4756;2023.06.13 00:30;4;14,6875;14,9375;14,625;1799;202;0;24,8
4757;2023.06.13 00:45;4;14,625;15,5;16;1782;202;0;24,4
4758;2023.06.13 01:00;4;14,625;16,375;17,6875;1782;202;0;24,4
4759;2023.06.13 01:15;4;14,5625;16,75;18,125;1783;202;0;24,5
4760;2023.06.13 01:30;4;14,5;16,9375;18,125;1782;202;0;24,4
4761;2023.06.13 01:45;4;14,5;17,125;18,25;1782;202;0;24,4
4762;2023.06.13 02:00;4;14,5;17,25;18,4375;1781;202;0;24,4
4763;2023.06.13 02:15;4;14,5;17,25;18,375;1780;202;0;24,4
4764;2023.06.13 02:30;4;14,4375;17,3125;18,375;1780;202;0;24,4
4765;2023.06.13 02:45;4;14,375;17,3125;18,375;1779;202;0;24,4
4766;2023.06.13 03:00;4;14,375;17,25;18,375;1779;202;0;24,4
4767;2023.06.13 03:15;4;14,375;17,25;18,375;1779;202;0;24,4
4768;2023.06.13 03:30;4;14,375;17,25;18,375;1778;202;0;24,4
4769;2023.06.13 03:45;4;14,375;17,25;18,5;1777;202;0;24,3
4770;2023.06.13 04:00;4;14,375;17,125;18,25;1777;202;0;24,3
4771;2023.06.13 04:15;4;14,3125;17,125;18,375;1776;202;0;24,3
4772;2023.06.13 04:30;4;14,25;17,25;18,5625;1776;202;0;24,3
4773;2023.06.13 04:45;4;14,25;17,25;18,5625;1776;202;0;24,3
4774;2023.06.13 05:00;4;14,25;17,25;18,5625;1775;202;0;24,3
4775;2023.06.13 05:15;4;14,25;17,3125;18,375;1775;202;0;24,3
4776;2023.06.13 05:30;4;14,25;17,375;18,5;1774;202;0;24,3
4777;2023.06.13 05:45;4;14,25;17,4375;18,5;1774;202;0;24,3
4778;2023.06.13 06:00;4;14,1875;17,5;18,5;1773;202;0;24,3
4779;2023.06.13 06:15;4;14,1875;17,375;18,25;1772;202;0;24,2
4780;2023.06.13 06:30;4;14,125;18,4375;20;1773;202;0;24,3
4781;2023.06.13 06:45;4;14,125;18,875;20,625;1773;202;0;24,3
4782;2023.06.13 07:00;4;14,125;19,1875;21;1772;202;0;24,2
4783;2023.06.13 07:15;4;14,125;19,5625;21,5;1772;202;0;24,2
4784;2023.06.13 07:30;4;14,125;19,875;21,75;1771;202;0;24,2
4785;2023.06.13 07:45;4;14,125;20,125;21,9375;1699;202;0;22,8
4786;2023.06.13 08:00;4;14,125;20,8125;22,5;1695;202;0;22,7
4787;2023.06.13 08:15;4;14,125;21,75;23,625;1692;202;0;22,6
4788;2023.06.13 08:30;4;14,1875;22,375;24,5;1690;202;0;22,6
4789;2023.06.13 08:45;4;14,1875;23;25,5625;1688;202;0;22,5
4790;2023.06.13 09:00;4;14,25;23,375;25,875;1686;202;0;22,5
4791;2023.06.13 09:15;4;14,25;23,25;25,625;1684;202;0;22,4
4792;2023.06.13 09:30;4;14,25;23,1875;25,5;1682;202;0;22,4
4793;2023.06.13 09:45;4;14,3125;23,875;26;1681;202;0;22,4
4794;2023.06.13 10:00;4;14,375;24;26,25;1680;202;0;22,4
4795;2023.06.13 10:15;4;14,375;24,25;26,4375;1678;202;0;22,3
4796;2023.06.13 10:30;4;14,375;24,375;26,4375;1677;202;0;22,3
4797;2023.06.13 10:45;4;14,4375;24,5;26,75;1675;202;0;22,3
4798;2023.06.13 11:00;4;14,5;25;27,25;1674;202;0;22,2
4799;2023.06.13 11:15;4;14,5;25,375;27,75;1672;202;0;22,2
4800;2023.06.13 11:30;4;14,5625;27,375;30;1674;202;0;22,2
4801;2023.06.13 11:45;4;14,625;27,75;29,875;1673;202;0;22,2
4802;2023.06.13 12:00;4;14,625;27,5;29,375;1670;202;0;22,2
4803;2023.06.13 12:15;4;14,6875;26,75;28,75;1667;202;0;22,1
4804;2023.06.13 12:30;4;14,75;26,4375;28,625;1664;202;0;22,0
4805;2023.06.13 12:45;4;14,8125;26,625;28,6875;1663;202;0;22,0
4806;2023.06.13 13:00;4;14,875;27,4375;29,125;1662;202;0;22,0
4807;2023.06.13 13:15;4;14,875;28;30;1662;202;0;22,0
4808;2023.06.13 13:30;4;14,9375;29,25;30,8125;1662;202;0;22,0
4809;2023.06.13 13:45;4;15;29,5;31;1661;202;0;22,0
4810;2023.06.13 14:00;4;15,0625;29,6875;31,125;1660;202;0;22,0
4811;2023.06.13 14:15;4;15,125;29,625;31,375;1657;202;0;21,9
4812;2023.06.13 14:30;4;15,1875;29,5;30,875;1656;202;0;21,9
4813;2023.06.13 14:45;4;15,25;28;29,9375;1651;202;0;21,8
4814;2023.06.13 15:00;4;15,375;27,0625;28,625;1647;202;0;21,7
4815;2023.06.13 15:15;4;15,375;26,875;28,8125;1645;202;0;21,6
4816;2023.06.13 15:30;4;15,4375;26,8125;28,75;1644;202;0;21,6
4817;2023.06.13 15:45;4;15,5;26,5;28,375;1641;202;0;21,6
4818;2023.06.13 16:00;4;15,5;26;27,75;1639;202;0;21,5
4819;2023.06.13 16:15;4;15,5625;25,125;26,5;1636;202;0;21,5
4820;2023.06.13 16:30;4;15,625;24,625;25,875;1634;202;0;21,4
4821;2023.06.13 16:45;4;15,625;23,875;25,125;1632;202;0;21,4
4822;2023.06.13 17:00;4;15,625;23,875;25,25;1629;202;0;21,3
4823;2023.06.13 17:15;4;15,625;22,875;23,875;1627;202;0;21,3
4824;2023.06.13 17:30;4;15,625;22,5625;23,8125;1625;202;0;21,2
4825;2023.06.13 17:45;4;15,625;22,6875;24,125;1624;202;0;21,2
4826;2023.06.13 18:00;4;15,625;22,5;23,875;1623;202;0;21,2
4827;2023.06.13 18:15;4;15,625;21,9375;23,125;1621;202;0;21,2
4828;2023.06.13 18:30;4;15,625;21,3125;22,375;1619;202;0;21,1
4829;2023.06.13 18:45;4;15,625;20,6875;21,375;1617;202;0;21,1
4830;2023.06.13 19:00;4;15,625;20,125;20,625;1616;202;0;21,1
4831;2023.06.13 19:15;4;15,5625;19,9375;20,9375;1614;202;0;21,0
4832;2023.06.13 19:30;4;15,5;19,6875;20,5625;1613;202;0;21,0
4833;2023.06.13 19:45;4;15,5;19,375;20,0625;1612;202;0;21,0
4834;2023.06.13 20:00;4;15,5;19;19,75;1611;202;0;20,9
4835;2023.06.13 20:15;4;15,5;18,9375;19,75;1610;202;0;20,9
4836;2023.06.13 20:30;4;15,4375;18,75;19,6875;1617;202;0;21,1
4837;2023.06.13 20:45;4;15,375;18,625;19,5;1608;202;0;20,9
4838;2023.06.13 21:00;4;15,375;18,625;19,875;1608;202;0;20,9
4839;2023.06.13 21:15;4;15,3125;18,625;19,875;1607;202;0;20,9
4840;2023.06.13 21:30;4;15,25;18,5;19,5;1606;202;0;20,8
4841;2023.06.13 21:45;4;15,25;17,9375;18,375;1605;202;0;20,8
4842;2023.06.13 22:00;4;15,1875;17,5;17,875;1604;202;0;20,8
4843;2023.06.13 22:15;4;15,125;17,5;18,125;1603;202;0;20,8
4844;2023.06.13 22:30;4;15,125;17,5;18,5;1603;202;0;20,8
4845;2023.06.13 22:45;4;15,125;17,5625;18,625;1603;202;0;20,8
4846;2023.06.13 23:00;4;15;17,375;18;1602;202;0;20,8
4847;2023.06.13 23:15;4;15;16,9375;17,25;1603;202;0;20,8
4848;2023.06.13 23:30;4;15;16,6875;17;1600;202;0;20,7
4849;2023.06.13 23:45;4;14,9375;16,5;16,75;1599;202;0;20,7
4850;2023.06.14 00:00;4;14,875;16,5;17;1599;202;0;20,7
4851;2023.06.14 00:15;4;14,875;16,625;17,5625;1599;202;0;20,7
4852;2023.06.14 00:30;4;14,8125;16,6875;17,6875;1598;202;0;20,7
4853;2023.06.14 00:45;4;14,75;16,75;17,75;1598;202;0;20,7
4854;2023.06.14 01:00;4;14,75;16,875;18,0625;1597;202;0;20,7
4855;2023.06.14 01:15;4;14,6875;16,75;17,5;1597;202;0;20,7
4856;2023.06.14 01:30;4;14,625;16,5;17,25;1596;202;0;20,6
4857;2023.06.14 01:45;4;14,625;16,375;17,25;1595;202;0;20,6
4858;2023.06.14 02:00;4;14,5625;16,25;17,0625;1594;202;0;20,6
4859;2023.06.14 02:15;4;14,5;16,125;16,75;1594;202;0;20,6
4860;2023.06.14 02:30;4;14,5;15,875;16,4375;1593;202;0;20,6
4861;2023.06.14 02:45;4;14,4375;16;16,875;1593;202;0;20,6
4862;2023.06.14 03:00;4;14,375;15,875;16,5625;1592;202;0;20,6
4863;2023.06.14 03:15;4;14,375;15,75;16,375;1591;202;0;20,5
4864;2023.06.14 03:30;4;14,375;15,625;16,4375;1591;202;0;20,5
4865;2023.06.14 03:45;4;14,3125;15,625;16,5;1590;202;0;20,5
4866;2023.06.14 04:00;4;14,25;15,6875;16,5;1590;202;0;20,5
4867;2023.06.14 04:15;4;14,25;15,8125;16,625;1590;202;0;20,5
4868;2023.06.14 04:30;4;14,1875;15,5;15,875;1589;202;0;20,5
4869;2023.06.14 04:45;4;14,125;14,8125;14,5;1588;202;0;20,5
4870;2023.06.14 05:00;4;14,125;14,3125;13,8125;1586;202;0;20,4
4871;2023.06.14 05:15;4;14,125;14;13,25;1586;202;0;20,4
4872;2023.06.14 05:30;4;14,0625;13,8125;13,25;1585;202;0;20,4
4873;2023.06.14 05:45;4;14;13,8125;13,25;1585;202;0;20,4
4874;2023.06.14 06:00;4;14;13,875;13,625;1585;202;0;20,4
4875;2023.06.14 06:15;4;13,9375;14,625;15,375;1585;202;0;20,4
4876;2023.06.14 06:30;4;13,875;16,375;17,9375;1587;202;0;20,5
4877;2023.06.14 06:45;4;13,875;16,75;17,875;1586;202;0;20,4
4878;2023.06.14 07:00;4;13,875;16,8125;17,75;1586;202;0;20,4
4879;2023.06.14 07:15;4;13,875;17,125;18,125;1585;202;0;20,4
4880;2023.06.14 07:30;4;13,875;17,4375;18,625;1584;202;0;20,4
4881;2023.06.14 07:45;4;13,8125;17,75;19;1584;202;0;20,4
4882;2023.06.14 08:00;4;13,8125;18,5625;19,8125;1584;202;0;20,4
4883;2023.06.14 08:15;4;13,8125;19,8125;20,75;1585;202;0;20,4
4884;2023.06.14 08:30;4;13,8125;19,875;20,4375;1585;202;0;20,4
4885;2023.06.14 08:45;4;13,8125;19,4375;20,125;1582;202;0;20,3
4886;2023.06.14 09:00;4;13,8125;19,375;20,25;1581;202;0;20,3
4887;2023.06.14 09:15;4;13,875;19,625;20,8125;1581;202;0;20,3
4888;2023.06.14 09:30;4;13,875;19,9375;21,375;1580;202;0;20,3
4889;2023.06.14 09:45;4;13,875;21,5625;22,25;1582;202;0;20,3
4890;2023.06.14 10:00;4;13,875;21,5;22,625;1581;202;0;20,3
4891;2023.06.14 10:15;4;13,875;21,5;22,75;1580;202;0;20,3
4892;2023.06.14 10:30;4;13,875;21,875;23,25;1579;202;0;20,3
4893;2023.06.14 10:45;4;13,9375;21,9375;23,375;1578;202;0;20,3
4894;2023.06.14 11:00;4;14;22,1875;23,75;1577;202;0;20,2
4895;2023.06.14 11:15;4;14;23;24,9375;1577;202;0;20,2
4896;2023.06.14 11:30;4;14;24,8125;27,3125;1579;202;0;20,3
4897;2023.06.14 11:45;4;14;24,5625;26,5;1577;202;0;20,2
4898;2023.06.14 12:00;4;14,125;24,25;25,75;1575;202;0;20,2
4899;2023.06.14 12:15;4;14,125;23,75;25,0625;1573;202;0;20,2
4900;2023.06.14 12:30;4;14,125;23,75;25,375;1572;202;0;20,1
4901;2023.06.14 12:45;4;14,25;24,375;25,875;1572;202;0;20,1
4902;2023.06.14 13:00;4;14,25;25,25;27;1572;202;0;20,1
4903;2023.06.14 13:15;4;14,25;25,75;27,5;1572;202;0;20,1
4904;2023.06.14 13:30;4;14,375;28,125;29,625;1575;202;0;20,2
4905;2023.06.14 13:45;4;14,375;29,125;30,375;1576;202;0;20,2
4906;2023.06.14 14:00;4;14,5;28,375;28,875;1574;202;0;20,2
4907;2023.06.14 14:15;4;14,5625;27,6875;28,0625;1571;202;0;20,1
4908;2023.06.14 14:30;4;14,625;27,5625;27,5;1569;202;0;20,1
4909;2023.06.14 14:45;4;14,75;26,375;27,25;1565;202;0;20,0
4910;2023.06.14 15:00;4;14,75;25,625;26,5;1561;202;0;19,9
4911;2023.06.14 15:15;4;14,875;24,875;25,75;1558;202;0;19,8
4912;2023.06.14 15:30;4;14,875;24,125;25;1556;202;0;19,8
4913;2023.06.14 15:45;4;14,9375;23,75;24,875;1553;202;0;19,7
4914;2023.06.14 16:00;4;15;23,5625;24,75;1552;202;0;19,7
4915;2023.06.14 16:15;4;15;23,375;24,75;1550;202;0;19,7
4916;2023.06.14 16:30;4;15;23,25;24,6875;1549;202;0;19,7
4917;2023.06.14 16:45;4;15;22,75;23,875;1547;202;0;19,6
4918;2023.06.14 17:00;4;15;22,25;23,125;1545;202;0;19,6
4919;2023.06.14 17:15;4;15;21,75;22,6875;1543;202;0;19,5
4920;2023.06.14 17:30;4;15;21,4375;22,375;1542;202;0;19,5
4921;2023.06.14 17:45;4;15;21;21,875;1540;202;0;19,5
4922;2023.06.14 18:00;4;15;20,5;21,1875;1538;202;0;19,4
4923;2023.06.14 18:15;4;15;20,0625;20,75;1536;202;0;19,4
4924;2023.06.14 18:30;4;15;19,625;20,375;1535;202;0;19,4
4925;2023.06.14 18:45;4;15;19,25;19,9375;1533;202;0;19,3
4926;2023.06.14 19:00;4;15;18,75;19,1875;1531;202;0;19,3
4927;2023.06.14 19:15;4;14,9375;18;18,125;1530;202;0;19,3
4928;2023.06.14 19:30;4;14,875;17,625;17,9375;1528;202;0;19,2
4929;2023.06.14 19:45;4;14,875;17,625;18,125;1527;202;0;19,2
4930;2023.06.14 20:00;4;14,875;17,25;17,5;1528;202;0;19,2
4931;2023.06.14 20:15;4;14,8125;17;17,375;1527;202;0;19,2
4932;2023.06.14 20:30;4;14,75;16,5;16,375;1526;202;0;19,2
4933;2023.06.14 20:45;4;14,75;16;15,625;1523;202;0;19,1
4934;2023.06.14 21:00;4;14,6875;15,5;15;1523;202;0;19,1
4935;2023.06.14 21:15;4;14,625;14,875;14,25;1521;202;0;19,1
4936;2023.06.14 21:30;4;14,625;14,5;13,9375;1521;202;0;19,1
4937;2023.06.14 21:45;4;14,5;14,25;13,6875;1519;202;0;19,0
4938;2023.06.14 22:00;4;14,5;14,125;13,6875;1522;202;0;19,1
4939;2023.06.14 22:15;4;14,4375;13,9375;13,625;1519;202;0;19,0
4940;2023.06.14 22:30;4;14,375;13,875;13,5;1519;202;0;19,0
4941;2023.06.14 22:45;4;14,375;13,625;13,125;1519;202;0;19,0
4942;2023.06.14 23:00;4;14,25;13,375;12,6875;1519;202;0;19,0
4943;2023.06.14 23:15;4;14,25;13,375;12,875;1519;202;0;19,0
4944;2023.06.14 23:30;4;14,1875;13,25;12,625;1518;202;0;19,0
4945;2023.06.14 23:45;4;14,125;13,125;12,625;1519;202;0;19,0
4946;2023.06.15 00:00;4;14,125;13,125;12,75;1519;202;0;19,0
4947;2023.06.15 00:15;4;14,0625;13,25;13;1519;202;0;19,0
4948;2023.06.15 00:30;4;14;13,375;13,375;1521;202;0;19,1
4949;2023.06.15 00:45;4;13,9375;13,25;13;1520;202;0;19,1
4950;2023.06.15 01:00;4;13,875;13,25;13,1875;1522;202;0;19,1
4951;2023.06.15 01:15;4;13,875;13,5;13,6875;1521;202;0;19,1
4952;2023.06.15 01:30;4;13,8125;13,5625;13,625;1521;202;0;19,1
4953;2023.06.15 01:45;4;13,75;13,4375;13,5;1521;202;0;19,1
4954;2023.06.15 02:00;4;13,75;13,625;14,0625;1521;202;0;19,1
4955;2023.06.15 02:15;4;13,6875;13,5625;13,8125;1521;202;0;19,1
4956;2023.06.15 02:30;4;13,625;13,6875;14,125;1521;202;0;19,1
4957;2023.06.15 02:45;4;13,625;13,75;14,25;1521;202;0;19,1
4958;2023.06.15 03:00;4;13,625;13,9375;14,5;1521;202;0;19,1
4959;2023.06.15 03:15;4;13,5625;13,75;14,125;1520;202;0;19,1
4960;2023.06.15 03:30;4;13,5;13,375;13,25;1520;202;0;19,1
4961;2023.06.15 03:45;4;13,5;13;12,5;1519;202;0;19,0
4962;2023.06.15 04:00;4;13,5;12,375;11,5;1520;202;0;19,1
4963;2023.06.15 04:15;4;13,4375;12,375;12;1520;202;0;19,1
4964;2023.06.15 04:30;4;13,375;13,125;13,5;1521;202;0;19,1
4965;2023.06.15 04:45;4;13,375;13,5;14;1521;202;0;19,1
4966;2023.06.15 05:00;4;13,375;13,625;13,875;1521;202;0;19,1
4967;2023.06.15 05:15;4;13,25;13,875;14,25;1521;202;0;19,1
4968;2023.06.15 05:30;4;13,25;13,875;14,125;1520;202;0;19,1
4969;2023.06.15 05:45;4;13,25;14;14,1875;1520;202;0;19,1
4970;2023.06.15 06:00;4;13,25;14,1875;14,625;1519;202;0;19,0
4971;2023.06.15 06:15;4;13,25;14,8125;15,75;1519;202;0;19,0
4972;2023.06.15 06:30;4;13,1875;16,5;17,9375;1521;202;0;19,1
4973;2023.06.15 06:45;4;13,1875;17,125;18,75;1520;202;0;19,1
4974;2023.06.15 07:00;4;13,1875;17,375;18,625;1518;202;0;19,0
4975;2023.06.15 07:15;4;13,1875;17,625;18,875;1516;202;0;19,0
4976;2023.06.15 07:30;4;13,1875;17,8125;19,125;1514;202;0;18,9
4977;2023.06.15 07:45;4;13,25;18,125;19,375;1513;202;0;18,9
4978;2023.06.15 08:00;4;13,25;18,875;19,875;1513;202;0;18,9
4979;2023.06.15 08:15;4;13,25;20;21;1513;202;0;18,9
4980;2023.06.15 08:30;4;13,25;20,1875;21,125;1512;202;0;18,9
4981;2023.06.15 08:45;4;13,25;19,875;21,0625;1510;202;0;18,8
4982;2023.06.15 09:00;4;13,3125;19,9375;21,0625;1509;202;0;18,8
4983;2023.06.15 09:15;4;13,375;20;21,375;1508;202;0;18,8
4984;2023.06.15 09:30;4;13,375;20,375;22,0625;1508;202;0;18,8
4985;2023.06.15 09:45;4;13,375;21,9375;22,875;1509;202;0;18,8
4986;2023.06.15 10:00;4;13,4375;21,875;23,25;1508;202;0;18,8
4987;2023.06.15 10:15;4;13,5;21,875;23,25;1508;202;0;18,8
4988;2023.06.15 10:30;4;13,5;22,125;23,4375;1508;202;0;18,8
4989;2023.06.15 10:45;4;13,5625;22,25;23,9375;1506;202;0;18,8
4990;2023.06.15 11:00;4;13,625;22,375;23,625;1505;202;0;18,7
4991;2023.06.15 11:15;4;13,625;22,875;24,5;1504;202;0;18,7
4992;2023.06.15 11:30;4;13,6875;24,5;27,0625;1506;202;0;18,8
4993;2023.06.15 11:45;4;13,75;25,0625;27,375;1506;202;0;18,8
4994;2023.06.15 12:00;4;13,8125;25;26,5625;1504;202;0;18,7
4995;2023.06.15 12:15;4;13,875;24,375;26;1502;202;0;18,7
4996;2023.06.15 12:30;4;13,875;24,125;25,6875;1500;202;0;18,6
4997;2023.06.15 12:45;4;14;24,625;26,375;1500;202;0;18,6
4998;2023.06.15 13:00;4;14;25,4375;27,3125;1500;202;0;18,6
4999;2023.06.15 13:15;4;14,125;25,875;27,875;1500;202;0;18,6
5000;2023.06.15 13:30;4;14,125;28,1875;29,875;1504;202;0;18,7
5001;2023.06.15 13:45;4;14,25;28,6875;30;1503;202;0;18,7
5002;2023.06.15 14:00;4;14,3125;28,625;29,5625;1502;202;0;18,7
5003;2023.06.15 14:15;4;14,375;28,1875;29,125;1500;202;0;18,6
5004;2023.06.15 14:30;4;14,5;28,3125;29,125;1498;202;0;18,6
5005;2023.06.15 14:45;4;14,5625;27,75;28,875;1496;202;0;18,6
5006;2023.06.15 15:00;4;14,625;26,5;27,5625;1492;202;0;18,5
5007;2023.06.15 15:15;4;14,75;25,375;26,625;1488;202;0;18,4
5008;2023.06.15 15:30;4;14,75;25,0625;26,4375;1487;202;0;18,4
5009;2023.06.15 15:45;4;14,8125;24,625;25,875;1485;202;0;18,3
5010;2023.06.15 16:00;4;14,875;24,125;25,4375;1483;202;0;18,3
5011;2023.06.15 16:15;4;14,875;23,8125;25,1875;1481;202;0;18,2
5012;2023.06.15 16:30;4;14,875;23,625;25,125;1480;202;0;18,2
5013;2023.06.15 16:45;4;14,9375;23,375;24,8125;1479;202;0;18,2
5014;2023.06.15 17:00;4;14,9375;22,875;24,0625;1477;202;0;18,2
5015;2023.06.15 17:15;4;14,9375;22,5;23,875;1476;202;0;18,1
5016;2023.06.15 17:30;4;14,9375;22,25;23,4375;1474;202;0;18,1
5017;2023.06.15 17:45;4;15;21,625;22,625;1473;202;0;18,1
5018;2023.06.15 18:00;4;14,9375;21;21,625;1471;202;0;18,0
5019;2023.06.15 18:15;4;14,9375;20,3125;20,875;1469;202;0;18,0
5020;2023.06.15 18:30;4;14,9375;19,4375;19,4375;1467;202;0;17,9
5021;2023.06.15 18:45;4;14,875;18,5625;18,25;1464;202;0;17,9
5022;2023.06.15 19:00;4;14,875;17,8125;17,4375;1462;202;0;17,8
5023;2023.06.15 19:15;4;14,875;17,25;16,75;1461;202;0;17,8
5024;2023.06.15 19:30;4;14,875;16,75;16,25;1460;202;0;17,8
5025;2023.06.15 19:45;4;14,75;16,25;15,75;1459;202;0;17,8
5026;2023.06.15 20:00;4;14,75;16;15,5;1458;202;0;17,8
5027;2023.06.15 20:15;4;14,75;16,75;17,625;1459;202;0;17,8
5028;2023.06.15 20:30;4;14,6875;17,4375;18,625;1460;202;0;17,8
5029;2023.06.15 20:45;4;14,625;17,625;18,625;1460;202;0;17,8
5030;2023.06.15 21:00;4;14,625;17,5625;18,375;1459;202;0;17,8
5031;2023.06.15 21:15;4;14,5625;17,5;18,375;1459;202;0;17,8
5032;2023.06.15 21:30;4;14,5;17,375;18;1458;202;0;17,8
5033;2023.06.15 21:45;4;14,5;17,1875;17,875;1458;202;0;17,8
5034;2023.06.15 22:00;4;14,5;17,125;18;1457;202;0;17,7
5035;2023.06.15 22:15;4;14,4375;17,0625;17,875;1457;202;0;17,7
5036;2023.06.15 22:30;4;14,375;16,9375;17,6875;1464;202;0;17,9
5037;2023.06.15 22:45;4;14,375;16,875;17,625;1466;202;0;17,9
5038;2023.06.15 23:00;4;14,375;16,75;17,375;1477;202;0;18,2
5039;2023.06.15 23:15;4;14,3125;16,375;16,625;1469;202;0;18,0
5040;2023.06.15 23:30;4;14,3125;15,625;15,25;1461;202;0;17,8
5041;2023.06.15 23:45;4;14,25;15,25;14,875;1463;202;0;17,9
5042;2023.06.16 00:00;4;14,25;14,8125;14,375;1455;202;0;17,7
5043;2023.06.16 00:15;4;14,1875;14,375;13,875;1452;202;0;17,6
5044;2023.06.16 00:30;4;14,125;14;13,375;1451;202;0;17,6
5045;2023.06.16 00:45;4;14,125;13,625;12,75;1451;202;0;17,6
5046;2023.06.16 01:00;4;14,0625;13,875;13,625;1451;202;0;17,6
5047;2023.06.16 01:15;4;14;14;13,875;1452;202;0;17,6
5048;2023.06.16 01:30;4;14;13,875;13,5;1452;202;0;17,6
5049;2023.06.16 01:45;4;13,9375;13,625;13;1452;202;0;17,6
5050;2023.06.16 02:00;4;13,875;13,1875;12,375;1451;202;0;17,6
5051;2023.06.16 02:15;4;13,875;12,8125;11,875;1451;202;0;17,6
5052;2023.06.16 02:30;4;13,8125;12,75;12,0625;1451;202;0;17,6
5053;2023.06.16 02:45;4;13,75;12,9375;12,5;1452;202;0;17,6
5054;2023.06.16 03:00;4;13,75;12,625;11,875;1452;202;0;17,6
5055;2023.06.16 03:15;4;13,75;12,5625;11,8125;1453;202;0;17,7
5056;2023.06.16 03:30;4;13,625;12,375;11,625;1453;202;0;17,7
5057;2023.06.16 03:45;4;13,625;12,3125;11,5;1453;202;0;17,7
5058;2023.06.16 04:00;4;13,625;12,5;11,875;1455;202;0;17,7
5059;2023.06.16 04:15;4;13,5;12,6875;12,25;1456;202;0;17,7
5060;2023.06.16 04:30;4;13,5;13;12,75;1457;202;0;17,7
5061;2023.06.16 04:45;4;13,5;13,1875;12,9375;1457;202;0;17,7
5062;2023.06.16 05:00;4;13,4375;13,5;13,4375;1457;202;0;17,7
5063;2023.06.16 05:15;4;13,375;13,75;13,75;1457;202;0;17,7
5064;2023.06.16 05:30;4;13,375;13,875;13,875;1457;202;0;17,7
5065;2023.06.16 05:45;4;13,375;14;14;1457;202;0;17,7
5066;2023.06.16 06:00;4;13,375;14,4375;14,75;1457;202;0;17,7
5067;2023.06.16 06:15;4;13,3125;15;15,625;1458;202;0;17,8
5068;2023.06.16 06:30;4;13,3125;16,25;17,375;1459;202;0;17,8
5069;2023.06.16 06:45;4;13,3125;17;18,125;1457;202;0;17,7
5070;2023.06.16 07:00;4;13,3125;17,25;18,375;1455;202;0;17,7
5071;2023.06.16 07:15;4;13,3125;17,625;18,8125;1454;202;0;17,7
5072;2023.06.16 07:30;4;13,375;18,125;19,75;1454;202;0;17,7
5073;2023.06.16 07:45;4;13,375;18,5;20;1453;202;0;17,7
5074;2023.06.16 08:00;4;13,375;19,3125;20,9375;1453;202;0;17,7
5075;2023.06.16 08:15;4;13,375;20,5625;22,125;1454;202;0;17,7
5076;2023.06.16 08:30;4;13,4375;20,875;22,25;1453;202;0;17,7
5077;2023.06.16 08:45;4;13,5;20,75;22,375;1452;202;0;17,6
5078;2023.06.16 09:00;4;13,5;20,875;22,375;1451;202;0;17,6
5079;2023.06.16 09:15;4;13,5;21;22,5625;1450;202;0;17,6
5080;2023.06.16 09:30;4;13,625;21,625;23,375;1450;202;0;17,6
5081;2023.06.16 09:45;4;13,625;23,125;24,375;1452;202;0;17,6
5082;2023.06.16 10:00;4;13,6875;23,125;24,75;1451;202;0;17,6
5083;2023.06.16 10:15;4;13,75;23,125;24,6875;1450;202;0;17,6
5084;2023.06.16 10:30;4;13,75;23,375;24,875;1449;202;0;17,6
5085;2023.06.16 10:45;4;13,8125;23,375;25;1448;202;0;17,5
5086;2023.06.16 11:00;4;13,875;23,75;25,25;1447;202;0;17,5
5087;2023.06.16 11:15;4;13,9375;24,125;25,875;1447;202;0;17,5
5088;2023.06.16 11:30;4;14;25,3125;27,5;1448;202;0;17,5
5089;2023.06.16 11:45;4;14;23;23,625;1455;202;0;17,7
5090;2023.06.16 12:00;4;14,125;23,625;25;1454;202;0;17,7
5091;2023.06.16 12:15;4;14,125;24,125;25,8125;1458;202;0;17,8
5092;2023.06.16 12:30;4;14,1875;23,4375;24,75;1450;202;0;17,6
5093;2023.06.16 12:45;4;14,25;23,875;25,25;1451;202;0;17,6
5094;2023.06.16 13:00;4;14,25;25,5;27,5;1450;202;0;17,6
5095;2023.06.16 13:15;4;14,3125;25,375;26,875;1447;202;0;17,5
5096;2023.06.16 13:30;4;14,375;25,3125;26,125;1451;202;0;17,6
5097;2023.06.16 13:45;4;14,375;27;28,5;1436;202;0;17,3
5098;2023.06.16 14:00;4;14,5;28,5;29,75;1448;202;0;17,5
5099;2023.06.16 14:15;4;14,5625;27,75;28,625;1443;202;0;17,4
5100;2023.06.16 14:30;4;14,625;27,5;28,25;1441;202;0;17,4
5101;2023.06.16 14:45;4;14,75;27,125;28,25;1434;202;0;17,3
5102;2023.06.16 15:00;4;14,75;26,25;27,5;1429;202;0;17,1
5103;2023.06.16 15:15;4;14,875;26;27,3125;1430;202;0;17,2
5104;2023.06.16 15:30;4;14,875;25,8125;27,3125;1422;202;0;17,0
5105;2023.06.16 15:45;4;14,9375;25,25;26,5;1419;202;0;16,9
5106;2023.06.16 16:00;4;15;24,875;26,125;1415;202;0;16,8
5107;2023.06.16 16:15;4;15;24,4375;25,625;1413;202;0;16,8
5108;2023.06.16 16:30;4;15;24,375;25,75;1416;202;0;16,9
5109;2023.06.16 16:45;4;15,0625;24,125;25,375;1414;202;0;16,8
5110;2023.06.16 17:00;4;15,125;23,6875;24,75;1411;202;0;16,8
5111;2023.06.16 17:15;4;15,125;23,25;24,25;1409;202;0;16,7
5112;2023.06.16 17:30;4;15,125;22,875;23,875;1408;202;0;16,7
5113;2023.06.16 17:45;4;15,125;22,375;23,3125;1406;202;0;16,7
5114;2023.06.16 18:00;4;15,125;22;22,9375;1405;202;0;16,6
5115;2023.06.16 18:15;4;15,125;21,4375;22,1875;1404;202;0;16,6
5116;2023.06.16 18:30;4;15,125;20,625;21,0625;1402;202;0;16,6
5117;2023.06.16 18:45;4;15,125;20,0625;20,375;1400;202;0;16,5
5118;2023.06.16 19:00;4;15,0625;19,625;19,8125;1399;202;0;16,5
5119;2023.06.16 19:15;4;15,0625;19,125;19,375;1398;202;0;16,5
5120;2023.06.16 19:30;4;15;18,75;18,875;1397;202;0;16,5
5121;2023.06.16 19:45;4;15;18,375;18,375;1397;202;0;16,5
5122;2023.06.16 20:00;4;15;18;18;1396;202;0;16,4
5123;2023.06.16 20:15;4;15;17,9375;18,3125;1396;202;0;16,4
5124;2023.06.16 20:30;4;14,875;18;18,5;1396;202;0;16,4
5125;2023.06.16 20:45;4;14,875;17,875;18,25;1396;202;0;16,4
5126;2023.06.16 21:00;4;14,875;17,5;17,625;1395;202;0;16,4
5127;2023.06.16 21:15;4;14,8125;16,875;16,5625;1394;202;0;16,4
5128;2023.06.16 21:30;4;14,75;16,375;16;1394;202;0;16,4
5129;2023.06.16 21:45;4;14,75;16;15,625;1393;202;0;16,4
5130;2023.06.16 22:00;4;14,75;15,8125;15,5;1392;202;0;16,4
5131;2023.06.16 22:15;4;14,625;15,4375;15;1391;202;0;16,3
5132;2023.06.16 22:30;4;14,625;15,25;14,75;1391;202;0;16,3
5133;2023.06.16 22:45;4;14,5625;14,875;14,3125;1390;202;0;16,3
5134;2023.06.16 23:00;4;14,5;14,6875;14,125;1390;202;0;16,3
5135;2023.06.16 23:15;4;14,5;15,0625;14,875;1391;202;0;16,3
5136;2023.06.16 23:30;4;14,4375;15,4375;15,625;1391;202;0;16,3
5137;2023.06.16 23:45;4;14,375;15,8125;16,125;1392;202;0;16,4
5138;2023.06.17 00:00;4;14,375;15,875;16,25;1392;202;0;16,4
5139;2023.06.17 00:15;4;14,3125;16;16,25;1392;202;0;16,4
5140;2023.06.17 00:30;4;14,3125;16;16,25;1391;202;0;16,3
5141;2023.06.17 00:45;4;14,25;15,875;16,25;1391;202;0;16,3
5142;2023.06.17 01:00;4;14,25;15,9375;16,3125;1390;202;0;16,3
5143;2023.06.17 01:15;4;14,25;16;16,375;1390;202;0;16,3
5144;2023.06.17 01:30;4;14,1875;15,875;16,25;1389;202;0;16,3
5145;2023.06.17 01:45;4;14,1875;15,75;16;1390;202;0;16,3
5146;2023.06.17 02:00;4;14,125;15,6875;15,9375;1391;202;0;16,3
5147;2023.06.17 02:15;4;14,125;15,375;15,375;1397;202;0;16,5
5148;2023.06.17 02:30;4;14,125;15,0625;14,9375;1394;202;0;16,4
5149;2023.06.17 02:45;4;14,0625;14,75;14,5;1393;202;0;16,4
5150;2023.06.17 03:00;4;14;14,625;14,5;1390;202;0;16,3
5151;2023.06.17 03:15;4;14;14,5625;14,375;1393;202;0;16,4
5152;2023.06.17 03:30;4;14;14,375;14,1875;1389;202;0;16,3
5153;2023.06.17 03:45;4;13,9375;14,25;14;1387;202;0;16,3
5154;2023.06.17 04:00;4;13,875;13,75;13,25;1387;202;0;16,3
5155;2023.06.17 04:15;4;13,875;13,375;12,6875;1383;202;0;16,2
5156;2023.06.17 04:30;4;13,875;13,3125;12,6875;1383;202;0;16,2
5157;2023.06.17 04:45;4;13,75;13,5;13,125;1387;202;0;16,3
5158;2023.06.17 05:00;4;13,75;13,75;13,5;1387;202;0;16,3
5159;2023.06.17 05:15;4;13,75;14,125;14;1388;202;0;16,3
5160;2023.06.17 05:30;4;13,75;14,4375;14,5;1386;202;0;16,2
5161;2023.06.17 05:45;4;13,6875;14,75;14,8125;1387;202;0;16,3
5162;2023.06.17 06:00;4;13,625;15,1875;15,75;1387;202;0;16,3
5163;2023.06.17 06:15;4;13,625;15,75;16,625;1389;202;0;16,3
5164;2023.06.17 06:30;4;13,625;16,125;16,75;1386;202;0;16,2
5165;2023.06.17 06:45;4;13,625;16,5;17,375;1385;202;0;16,2
5166;2023.06.17 07:00;4;13,625;16,875;17,75;1384;202;0;16,2
5167;2023.06.17 07:15;4;13,625;17,125;17,875;1382;202;0;16,1
5168;2023.06.17 07:30;4;13,625;17,25;18;1382;202;0;16,1
5169;2023.06.17 07:45;4;13,625;17,375;18,125;1380;202;0;16,1
5170;2023.06.17 08:00;4;13,625;17,125;17,6875;1384;202;0;16,2
5171;2023.06.17 08:15;4;13,625;17;17,5;1382;202;0;16,1
5172;2023.06.17 08:30;4;13,625;17,125;17,75;1389;202;0;16,3
5173;2023.06.17 08:45;4;13,625;17,125;17,5;1384;202;0;16,2
5174;2023.06.17 09:00;4;13,625;17,25;17,8125;1382;202;0;16,1
5175;2023.06.17 09:15;4;13,625;17,125;17,5;1378;202;0;16,1
5176;2023.06.17 09:30;4;13,625;17,0625;17,625;1377;202;0;16,0
5177;2023.06.17 09:45;4;13,625;17,375;18,25;1379;202;0;16,1
5178;2023.06.17 10:00;4;13,625;17,5625;18,375;1375;202;0;16,0
5179;2023.06.17 10:15;4;13,625;17,9375;18,75;1375;202;0;16,0
5180;2023.06.17 10:30;4;13,625;17,9375;18,625;1375;202;0;16,0
5181;2023.06.17 10:45;4;13,625;18,1875;18,9375;1372;202;0;15,9
5182;2023.06.17 11:00;4;13,625;18,5;19,25;1373;202;0;16,0
5183;2023.06.17 11:15;4;13,6875;18,625;19,3125;1376;202;0;16,0
5184;2023.06.17 11:30;4;13,6875;19,5625;20,5;1377;202;0;16,0
5185;2023.06.17 11:45;4;13,75;19,25;19,75;1373;202;0;16,0
5186;2023.06.17 12:00;4;13,75;19;19,5;1370;202;0;15,9
5187;2023.06.17 12:15;4;13,75;19,1875;19,8125;1370;202;0;15,9
5188;2023.06.17 12:30;4;13,75;19,0625;19,625;1367;202;0;15,8
5189;2023.06.17 12:45;4;13,75;19,25;19,75;1367;202;0;15,8
5190;2023.06.17 13:00;4;13,75;19,25;19,75;1369;202;0;15,9
5191;2023.06.17 13:15;4;13,8125;19,75;20,375;1369;202;0;15,9
5192;2023.06.17 13:30;4;13,875;19,8125;20,375;1365;202;0;15,8
5193;2023.06.17 13:45;4;13,875;19,75;20,1875;1366;202;0;15,8
5194;2023.06.17 14:00;4;13,875;19,875;20,3125;1369;202;0;15,9
5195;2023.06.17 14:15;4;13,875;19,75;20,125;1372;202;0;15,9
5196;2023.06.17 14:30;4;13,9375;19,5625;20;1371;202;0;15,9
5197;2023.06.17 14:45;4;13,9375;20,25;21,1875;1370;202;0;15,9
5198;2023.06.17 15:00;4;14;20,375;21;1369;202;0;15,9
5199;2023.06.17 15:15;4;14;19,875;20,25;1362;202;0;15,7
5200;2023.06.17 15:30;4;14;19,25;19,5;1364;202;0;15,8
5201;2023.06.17 15:45;4;14;19;19,4375;1358;202;0;15,6
5202;2023.06.17 16:00;4;14;19;19,4375;1359;202;0;15,7
5203;2023.06.17 16:15;4;14;18,75;19,125;1360;202;0;15,7
5204;2023.06.17 16:30;4;14;18,4375;18,8125;1362;202;0;15,7
5205;2023.06.17 16:45;4;14;18,25;18,75;1359;202;0;15,7
5206;2023.06.17 17:00;4;14;18,3125;18,875;1358;202;0;15,6
5207;2023.06.17 17:15;4;14;18,3125;18,75;1356;202;0;15,6
5208;2023.06.17 17:30;4;14;18,375;18,875;1354;202;0;15,6
5209;2023.06.17 17:45;4;14;18,125;18,5;1350;202;0;15,5
5210;2023.06.17 18:00;4;14;18,0625;18,625;1351;202;0;15,5
5211;2023.06.17 18:15;4;14;18,0625;18,5625;1356;202;0;15,6
5212;2023.06.17 18:30;4;14;17,875;18,375;1355;202;0;15,6
5213;2023.06.17 18:45;4;14;17,75;18,25;1356;202;0;15,6
5214;2023.06.17 19:00;4;14;17,625;18,1875;1355;202;0;15,6
5215;2023.06.17 19:15;4;14;17,5;18;1353;202;0;15,5
5216;2023.06.17 19:30;4;14;17,3125;17,875;1353;202;0;15,5
5217;2023.06.17 19:45;4;13,9375;17,125;17,625;1354;202;0;15,6
5218;2023.06.17 20:00;4;13,9375;17;17,5;1352;202;0;15,5
5219;2023.06.17 20:15;4;13,875;16,875;17,5;1349;202;0;15,4
5220;2023.06.17 20:30;4;13,875;16,875;17,625;1350;202;0;15,5
5221;2023.06.17 20:45;4;13,875;16,875;17,625;1348;202;0;15,4
5222;2023.06.17 21:00;4;13,875;16,8125;17,5;1381;202;0;16,1
5223;2023.06.17 21:15;4;13,875;16,625;17,25;1385;202;0;16,2
5224;2023.06.17 21:30;4;13,8125;16,5;17,125;1386;202;0;16,2
5225;2023.06.17 21:45;4;13,8125;16,25;16,6875;1388;202;0;16,3
5226;2023.06.17 22:00;4;13,75;16,0625;16,5625;1393;202;0;16,4
5227;2023.06.17 22:15;4;13,75;16;16,5625;1390;202;0;16,3
5228;2023.06.17 22:30;4;13,75;16;16,625;1402;202;0;16,6
5229;2023.06.17 22:45;4;13,75;15,9375;16,625;1388;202;0;16,3
5230;2023.06.17 23:00;4;13,6875;15,875;16,5;1390;202;0;16,3
5231;2023.06.17 23:15;4;13,6875;15,875;16,5;1391;202;0;16,3
5232;2023.06.17 23:30;4;13,625;15,75;16,375;1390;202;0;16,3
5233;2023.06.17 23:45;4;13,625;15,75;16,375;1384;202;0;16,2
5234;2023.06.18 00:00;4;13,625;15,625;16,3125;1384;202;0;16,2
5235;2023.06.18 00:15;4;13,625;15,625;16,3125;1382;202;0;16,1
5236;2023.06.18 00:30;4;13,5625;15,75;16,375;1382;202;0;16,1
5237;2023.06.18 00:45;4;13,5;15,75;16,5;1385;202;0;16,2
5238;2023.06.18 01:00;4;13,5;15,625;16,3125;1386;202;0;16,2
5239;2023.06.18 01:15;4;13,5;15,75;16,4375;1388;202;0;16,3
5240;2023.06.18 01:30;4;13,5;15,875;16,625;1377;202;0;16,0
5241;2023.06.18 01:45;4;13,5;16;16,75;1381;202;0;16,1
5242;2023.06.18 02:00;4;13,5;16,125;16,875;1373;202;0;16,0
5243;2023.06.18 02:15;4;13,4375;16,125;16,875;1382;202;0;16,1
5244;2023.06.18 02:30;4;13,4375;16,0625;16,75;1378;202;0;16,1
5245;2023.06.18 02:45;4;13,375;15,875;16,375;1380;202;0;16,1
5246;2023.06.18 03:00;4;13,375;15,375;15,375;1379;202;0;16,1
5247;2023.06.18 03:15;4;13,375;14,5;13,875;1375;202;0;16,0
5248;2023.06.18 03:30;4;13,375;13,5;12,875;1376;202;0;16,0
5249;2023.06.18 03:45;4;13,375;13,0625;12,375;1370;202;0;15,9
5250;2023.06.18 04:00;4;13,3125;12,8125;12,125;1377;202;0;16,0
5251;2023.06.18 04:15;4;13,25;12,6875;12;1361;202;0;15,7
5252;2023.06.18 04:30;4;13,25;12,6875;12,125;1332;202;0;15,1
5253;2023.06.18 04:45;4;13,25;12,8125;12,375;1332;202;0;15,1
5254;2023.06.18 05:00;4;13,25;12,875;12,375;1332;202;0;15,1
5255;2023.06.18 05:15;4;13,1875;12,9375;12,5;1333;202;0;15,1
5256;2023.06.18 05:30;4;13,125;13,125;12,75;1335;202;0;15,1
5257;2023.06.18 05:45;4;13,125;13,375;13,25;1334;202;0;15,1
5258;2023.06.18 06:00;4;13,125;13,75;14,125;1334;202;0;15,1
5259;2023.06.18 06:15;4;13,125;14,4375;15,25;1334;202;0;15,1
5260;2023.06.18 06:30;4;13,125;15,3125;16,25;1339;202;0;15,2
5261;2023.06.18 06:45;4;13,125;15,8125;16,8125;1336;202;0;15,2
5262;2023.06.18 07:00;4;13,125;16,0625;17,125;1344;202;0;15,3
5263;2023.06.18 07:15;4;13,125;16,5;17,75;1343;202;0;15,3
5264;2023.06.18 07:30;4;13,125;16,875;18;1359;202;0;15,7
5265;2023.06.18 07:45;4;13,125;17;18;1345;202;0;15,4
5266;2023.06.18 08:00;4;13,125;18;19,3125;1348;202;0;15,4
5267;2023.06.18 08:15;4;13,125;18,625;19,5;1349;202;0;15,4
5268;2023.06.18 08:30;4;13,1875;17,9375;18,25;1347;202;0;15,4
5269;2023.06.18 08:45;4;13,25;17,3125;17,5625;1360;202;0;15,7
5270;2023.06.18 09:00;4;13,25;17;17,25;1349;202;0;15,4
5271;2023.06.18 09:15;4;13,25;17;17,375;1349;202;0;15,4
5272;2023.06.18 09:30;4;13,25;17,6875;18,4375;1328;202;0;15,0
5273;2023.06.18 09:45;4;13,3125;19,625;20,5625;1332;202;0;15,1
5274;2023.06.18 10:00;4;13,375;19,25;19,875;1330;202;0;15,0
5275;2023.06.18 10:15;4;13,375;20,6875;22,125;1332;202;0;15,1
5276;2023.06.18 10:30;4;13,4375;21,75;23,125;1334;202;0;15,1
5277;2023.06.18 10:45;4;13,5;21,625;22,6875;1340;202;0;15,3
5278;2023.06.18 11:00;4;13,5;22;22,875;1334;202;0;15,1
5279;2023.06.18 11:15;4;13,625;23;24,25;1335;202;0;15,1
5280;2023.06.18 11:30;4;13,6875;24,125;25,1875;1339;202;0;15,2
5281;2023.06.18 11:45;4;13,75;24,4375;25,5;1335;202;0;15,1
5282;2023.06.18 12:00;4;13,8125;24,25;25;1334;202;0;15,1
5283;2023.06.18 12:15;4;13,875;23,6875;24,1875;1333;202;0;15,1
5284;2023.06.18 12:30;4;14;23,25;23,625;1332;202;0;15,1
5285;2023.06.18 12:45;4;14;23,375;23,875;1331;202;0;15,1
5286;2023.06.18 13:00;4;14,125;23,25;23,75;1330;202;0;15,0
5287;2023.06.18 13:15;4;14,125;23,3125;23,875;1330;202;0;15,0
5288;2023.06.18 13:30;4;14,1875;22;22;1324;202;0;14,9
5289;2023.06.18 13:45;4;14,25;21,5;21,875;1323;202;0;14,9
5290;2023.06.18 14:00;4;14,25;22,125;22,75;1323;202;0;14,9
5291;2023.06.18 14:15;4;14,3125;21,375;21,6875;1322;202;0;14,9
5292;2023.06.18 14:30;4;14,3125;21,125;21,5625;1319;202;0;14,8
5293;2023.06.18 14:45;4;14,375;21;21,625;1319;202;0;14,8
5294;2023.06.18 15:00;4;14,375;20,5;21;1316;202;0;14,7
5295;2023.06.18 15:15;4;14,375;20,25;20,75;1314;202;0;14,7
5296;2023.06.18 15:30;4;14,375;20,375;21,1875;1314;202;0;14,7
5297;2023.06.18 15:45;4;14,375;20,5;21,25;1314;202;0;14,7
5298;2023.06.18 16:00;4;14,375;20,25;20,8125;1314;202;0;14,7
5299;2023.06.18 16:15;4;14,375;20,375;21,1875;1313;202;0;14,7
5300;2023.06.18 16:30;4;14,375;20,375;21;1314;202;0;14,7
5301;2023.06.18 16:45;4;14,375;19,9375;20,375;1314;202;0;14,7
5302;2023.06.18 17:00;4;14,375;19,5625;20;1327;202;0;15,0
5303;2023.06.18 17:15;4;14,375;19,125;19,5;1307;202;0;14,5
5304;2023.06.18 17:30;4;14,375;18,75;19,125;1305;202;0;14,5
5305;2023.06.18 17:45;4;14,375;18,5;18,875;1304;202;0;14,5
5306;2023.06.18 18:00;4;14,375;17,8125;18;1303;202;0;14,5
5307;2023.06.18 18:15;4;14,5;14,9375;14,5;1694;202;0;22,7
5308;2023.06.18 18:30;4;14,4375;14,5;14;1541;202;0;19,5
5309;2023.06.18 18:45;4;14,375;14,5;14,0625;1499;202;0;18,6
5310;2023.06.18 19:00;4;14,25;14,4375;14;1503;202;0;18,7
5311;2023.06.18 19:15;4;14,25;14,5;14,125;1493;202;0;18,5
5312;2023.06.18 19:30;4;14,1875;14,5;14,125;1485;202;0;18,3
5313;2023.06.18 19:45;4;14,1875;14,5;14,125;1481;202;0;18,2
5314;2023.06.18 20:00;4;14,125;14,375;14,0625;1515;202;0;19,0
5315;2023.06.18 20:15;4;14,125;14,375;14;1528;202;0;19,2
5316;2023.06.18 20:30;4;14,125;14,375;14;1545;202;0;19,6
5317;2023.06.18 20:45;4;14,0625;14,25;14;1548;202;0;19,6
5318;2023.06.18 21:00;4;14;14,1875;13,8125;1546;202;0;19,6
5319;2023.06.18 21:15;4;14;14,125;13,75;1549;202;0;19,7
5320;2023.06.18 21:30;4;14;14,0625;13,75;1556;202;0;19,8
5321;2023.06.18 21:45;4;14;14;13,625;1565;202;0;20,0
5322;2023.06.18 22:00;4;13,9375;14;13,625;1574;202;0;20,2
5323;2023.06.18 22:15;4;13,875;13,875;13,5;1584;202;0;20,4
5324;2023.06.18 22:30;4;13,875;13,875;13,5;1586;202;0;20,4
5325;2023.06.18 22:45;4;13,875;13,75;13,375;1590;202;0;20,5
5326;2023.06.18 23:00;4;13,875;13,75;13,375;1597;202;0;20,7
5327;2023.06.18 23:15;4;13,8125;13,75;13,375;1609;202;0;20,9
5328;2023.06.18 23:30;4;13,75;13,6875;13,375;1619;202;0;21,1
5329;2023.06.18 23:45;4;13,75;13,625;13,25;1619;202;0;21,1
5330;2023.06.19 00:00;4;13,75;13,625;13,125;1622;202;0;21,2
5331;2023.06.19 00:15;4;13,75;13,5625;13,1875;1623;202;0;21,2
5332;2023.06.19 00:30;4;13,6875;13,5625;13,25;1624;202;0;21,2
5333;2023.06.19 00:45;4;13,625;13,625;13,25;1625;202;0;21,2
5334;2023.06.19 01:00;4;13,625;13,625;13,25;1626;202;0;21,3
5335;2023.06.19 01:15;4;13,625;13,625;13,25;1626;202;0;21,3
5336;2023.06.19 01:30;4;13,625;13,625;13,3125;1626;202;0;21,3
5337;2023.06.19 01:45;4;13,625;13,625;13,25;1626;202;0;21,3
5338;2023.06.19 02:00;4;13,5625;13,625;13,25;1627;202;0;21,3
5339;2023.06.19 02:15;4;13,5;13,625;13,25;1629;202;0;21,3
5340;2023.06.19 02:30;4;13,5;13,5625;13,25;1664;202;0;22,0
5341;2023.06.19 02:45;4;13,5;13,5;13,125;1705;202;0;22,9
5342;2023.06.19 03:00;4;13,5;13,5;13,1875;1732;202;0;23,4
5343;2023.06.19 03:15;4;13,5;13,5;13,3125;1743;202;0;23,6
5344;2023.06.19 03:30;4;13,4375;13,625;13,5;1766;202;0;24,1
5345;2023.06.19 03:45;4;13,4375;13,75;13,625;1772;202;0;24,2
5346;2023.06.19 04:00;4;13,375;13,75;13,5625;1792;202;0;24,6
5347;2023.06.19 04:15;4;13,375;13,75;13,625;1805;202;0;24,9
5348;2023.06.19 04:30;4;13,375;13,75;13,5625;1791;202;0;24,6
5349;2023.06.19 04:45;4;13,375;13,75;13,625;1789;202;0;24,6
5350;2023.06.19 05:00;4;13,375;13,8125;13,625;1786;202;0;24,5
5351;2023.06.19 05:15;4;13,375;13,875;13,75;1785;202;0;24,5
5352;2023.06.19 05:30;4;13,375;14,125;14,0625;1782;202;0;24,4
5353;2023.06.19 05:45;4;13,3125;14,25;14,125;1782;202;0;24,4
5354;2023.06.19 06:00;4;13,3125;14,4375;14,375;1782;202;0;24,4
5355;2023.06.19 06:15;4;13,3125;14,375;14,25;1791;202;0;24,6
5356;2023.06.19 06:30;4;13,3125;14,25;14,125;1791;202;0;24,6
5357;2023.06.19 06:45;4;13,3125;14,25;14;1791;202;0;24,6
5358;2023.06.19 07:00;4;13,3125;14,25;14,0625;1793;202;0;24,7
5359;2023.06.19 07:15;4;13,25;14,3125;14,25;1793;202;0;24,7
5360;2023.06.19 07:30;4;13,25;14,375;14,25;1793;202;0;24,7
5361;2023.06.19 07:45;4;13,25;14,6875;14,625;1793;202;0;24,7
5362;2023.06.19 08:00;4;13,25;14,75;14,625;1795;202;0;24,7
5363;2023.06.19 08:15;4;13,25;14,75;14,5;1794;202;0;24,7
5364;2023.06.19 08:30;4;13,25;14,875;14,6875;1791;202;0;24,6
5365;2023.06.19 08:45;4;13,25;14,9375;14,6875;1790;202;0;24,6
5366;2023.06.19 09:00;4;13,25;15;14,75;1790;202;0;24,6
5367;2023.06.19 09:15;4;13,25;15,375;15,25;1789;202;0;24,6
5368;2023.06.19 09:30;4;13,25;15,4375;15,1875;1788;202;0;24,6
5369;2023.06.19 09:45;4;13,3125;15,75;15,625;1790;202;0;24,6
5370;2023.06.19 10:00;4;13,3125;15,6875;15,5;1787;202;0;24,5
5371;2023.06.19 10:15;4;13,3125;16,125;16;1790;202;0;24,6
5372;2023.06.19 10:30;4;13,375;15,875;15,5625;1790;202;0;24,6
5373;2023.06.19 10:45;4;13,375;15,875;15,625;1792;202;0;24,6
5374;2023.06.19 11:00;4;13,375;16,5;16,375;1786;202;0;24,5
5375;2023.06.19 11:15;4;13,375;16,9375;16,875;1786;202;0;24,5
5376;2023.06.19 11:30;4;13,375;17,375;17,25;1785;202;0;24,5
5377;2023.06.19 11:45;4;13,375;17,625;17,625;1785;202;0;24,5
5378;2023.06.19 12:00;4;13,4375;17,25;17,0625;1785;202;0;24,5
5379;2023.06.19 12:15;4;13,5;17;17;1783;202;0;24,5
5380;2023.06.19 12:30;4;13,5;17,75;18,25;1784;202;0;24,5
5381;2023.06.19 12:45;4;13,5;17,875;18,125;1783;202;0;24,5
5382;2023.06.19 13:00;4;13,5625;17,875;18,25;1782;202;0;24,4
5383;2023.06.19 13:15;4;13,625;18,5625;19,125;1782;202;0;24,4
5384;2023.06.19 13:30;4;13,625;20,5;21,375;1784;202;0;24,5
