0;2023.04.24 11:30;4;23,125;23,25;23,375;371;202;0;
1;2023.04.24 11:45;4;22,875;23,125;23;370;202;0;
2;2023.04.24 12:00;4;22,75;23;22,875;368;202;0;
3;2023.04.24 12:15;4;22,875;23;22,875;370;202;0;
4;2023.04.24 12:30;4;22,6875;22,9375;22,75;369;202;0;
5;2023.04.24 12:45;4;22,5;22,75;22,625;369;202;0;
6;2023.04.24 13:00;4;22,5;22,6875;22,625;369;202;0;
7;2023.04.24 13:15;4;22,375;22,6875;22,5;368;202;0;
8;2023.04.24 13:30;4;22,25;22,5;22,375;368;202;0;
9;2023.04.24 13:45;4;22,5;22,625;22,625;368;202;0;
10;2023.04.24 14:00;4;22,25;22,5;22,375;368;202;0;
11;2023.04.24 14:15;4;22;22,375;22,1875;367;202;0;
12;2023.04.24 14:30;4;21,875;22,25;22,125;367;202;0;
13;2023.04.24 14:45;4;21,75;22,1875;22;366;202;0;
14;2023.04.24 15:00;4;21,625;22;21,875;365;202;0;
15;2023.04.24 15:15;4;21,75;22,125;22;365;202;0;
16;2023.04.24 15:30;4;21,75;22,125;22;365;202;0;
17;2023.04.24 15:45;4;21,75;22,125;22;365;202;0;
18;2023.04.24 16:00;4;21,625;22,0625;21,9375;365;202;0;
19;2023.04.24 16:15;4;21,625;22;21,875;365;202;0;
20;2023.04.24 16:30;4;21,625;22;21,875;365;202;0;
21;2023.04.24 16:45;4;21,625;22;21,875;365;202;0;
22;2023.04.24 17:00;4;21,625;22;21,875;365;202;0;
23;2023.04.24 17:15;4;21,5625;21,9375;21,8125;365;202;0;
24;2023.04.24 17:30;4;21,5;21,9375;21,8125;365;202;0;
25;2023.04.24 17:45;4;21,5;21,875;21,75;365;202;0;
26;2023.04.24 18:00;4;21,5;21,875;21,75;365;202;0;
27;2023.04.24 18:15;4;21,5;21,875;21,75;364;202;0;
28;2023.04.24 18:30;4;21,5;21,875;21,75;364;202;0;
29;2023.04.24 18:45;4;21,5;21,875;21,75;364;202;0;
30;2023.04.24 19:00;4;21,5;21,875;21,75;364;202;0;
31;2023.04.24 19:15;4;21,5;21,875;21,75;364;202;0;
32;2023.04.24 19:30;4;21,4375;21,875;21,75;364;202;0;
33;2023.04.24 19:45;4;21,4375;21,875;21,75;364;202;0;
34;2023.04.24 20:00;4;21,4375;21,8125;21,6875;364;202;0;
35;2023.04.24 20:15;4;21,4375;21,8125;21,75;364;202;0;
36;2023.04.24 20:30;4;21,375;21,8125;21,6875;364;202;0;
37;2023.04.24 20:45;4;21,375;21,75;21,6875;364;202;0;
38;2023.04.24 21:00;4;21,375;21,75;21,625;364;202;0;
39;2023.04.24 21:15;4;21,375;21,75;21,6875;364;202;0;
40;2023.04.24 21:30;4;21,375;21,75;21,6875;364;202;0;
41;2023.04.24 21:45;4;21,375;21,75;21,625;364;202;0;
42;2023.04.24 22:00;4;21,375;21,75;21,625;364;202;0;
43;2023.04.24 22:15;4;21,375;21,75;21,625;364;202;0;
44;2023.04.24 22:30;4;21,375;21,75;21,625;364;202;0;
45;2023.04.24 22:45;4;21,375;21,75;21,625;364;202;0;
46;2023.04.24 23:00;4;21,3125;21,75;21,625;364;202;0;
47;2023.04.24 23:15;4;21,3125;21,75;21,625;364;202;0;
48;2023.04.24 23:30;4;21,3125;21,75;21,625;364;202;0;
49;2023.04.24 23:45;4;21,3125;21,75;21,625;364;202;0;
50;2023.04.25 00:00;4;21,3125;21,6875;21,625;364;202;0;
51;2023.04.25 00:15;4;21,25;21,6875;21,5625;364;202;0;
52;2023.04.25 00:30;4;21,25;21,6875;21,625;364;202;0;
53;2023.04.25 00:45;4;21,25;21,6875;21,625;364;202;0;
54;2023.04.25 01:00;4;21,25;21,6875;21,625;364;202;0;
55;2023.04.25 01:15;4;21,25;21,6875;21,5625;364;202;0;
56;2023.04.25 01:30;4;21,25;21,625;21,5625;364;202;0;
57;2023.04.25 01:45;4;21,25;21,625;21,625;364;202;0;
58;2023.04.25 02:00;4;21,25;21,625;21,625;364;202;0;
59;2023.04.25 02:15;4;21,25;21,625;21,5625;364;202;0;
60;2023.04.25 02:30;4;21,25;21,625;21,5;364;202;0;
61;2023.04.25 02:45;4;21,25;21,625;21,5625;364;202;0;
62;2023.04.25 03:00;4;21,25;21,625;21,5625;364;202;0;
63;2023.04.25 03:15;4;21,25;21,625;21,5;363;202;0;
64;2023.04.25 03:30;4;21,25;21,625;21,5;363;202;0;
65;2023.04.25 03:45;4;21,25;21,625;21,5;363;202;0;
66;2023.04.25 04:00;4;21,25;21,625;21,5;363;202;0;
67;2023.04.25 04:15;4;21,25;21,625;21,5;363;202;0;
68;2023.04.25 04:30;4;21,1875;21,625;21,5;363;202;0;
69;2023.04.25 04:45;4;21,1875;21,625;21,5;363;202;0;
70;2023.04.25 05:00;4;21,1875;21,625;21,5;363;202;0;
71;2023.04.25 05:15;4;21,125;21,5625;21,4375;363;202;0;
72;2023.04.25 05:30;4;21;21,5;21,375;363;202;0;
73;2023.04.25 05:45;4;21;21,5;21,375;363;202;0;
74;2023.04.25 06:00;4;21,0625;21,5;21,4375;363;202;0;
75;2023.04.25 06:15;4;21,125;21,5;21,5;363;202;0;
76;2023.04.25 06:30;4;21,25;21,625;21,5625;363;202;0;
77;2023.04.25 06:45;4;21,125;21,625;21,5;363;202;0;
78;2023.04.25 07:00;4;21,0625;21,5;21,4375;363;202;0;
79;2023.04.25 07:15;4;21,0625;21,5;21,4375;363;202;0;
80;2023.04.25 07:30;4;21;21,5;21,375;362;202;0;
81;2023.04.25 07:45;4;21;21,4375;21,375;362;202;0;
82;2023.04.25 08:00;4;21;21,4375;21,375;362;202;0;
83;2023.04.25 08:15;4;20,9375;21,375;21,375;362;202;0;
84;2023.04.25 08:30;4;20,9375;21,375;21,3125;362;202;0;
85;2023.04.25 08:45;4;21,6875;21,75;21,875;364;202;0;
86;2023.04.25 09:00;4;21,625;22,0625;23,125;364;202;0;
87;2023.04.25 09:15;4;21,625;22;22,25;364;202;0;
88;2023.04.25 09:30;4;21,75;22,125;22,25;389;202;0;
89;2023.04.25 09:45;4;21,75;22,125;21,875;389;202;0;
90;2023.04.25 10:00;4;21,75;22,125;21,75;388;202;0;
91;2023.04.25 10:15;4;21,6875;22,0625;21,6875;388;202;0;
92;2023.04.25 10:30;4;21,6875;22;21,625;388;202;0;
93;2023.04.25 10:45;4;21,6875;22;21,6875;388;202;0;
94;2023.04.25 11:00;4;21,5;22;21,8125;392;202;0;
95;2023.04.25 11:15;4;21,625;22;22,125;393;202;0;
96;2023.04.25 11:30;4;21,5625;21,9375;21,875;392;202;0;
97;2023.04.25 11:45;4;21,5;21,875;21,75;393;202;0;
98;2023.04.25 12:00;4;21,5;21,9375;21,75;394;202;0;
99;2023.04.25 12:15;4;21,5;21,9375;21,75;393;202;0;
100;2023.04.25 12:30;4;21,5;21,875;21,75;393;202;0;
101;2023.04.25 12:45;4;21,375;21,8125;21,5;392;202;0;
102;2023.04.25 13:00;4;21,375;21,8125;21,5625;392;202;0;
103;2023.04.25 13:15;4;21,4375;21,8125;21,625;392;202;0;
104;2023.04.25 13:30;4;21,5;21,8125;21,625;392;202;0;
105;2023.04.25 13:45;4;21,5;21,875;21,75;392;202;0;
106;2023.04.25 14:00;4;21,25;21,75;21,375;392;202;0;
107;2023.04.25 14:15;4;21,125;21,625;21;392;202;0;
108;2023.04.25 14:30;4;21;21,5;20,875;391;202;0;
109;2023.04.25 14:45;4;20,5;21,25;20,3125;389;202;0;
110;2023.04.25 15:00;4;19,75;20,875;19,4375;386;202;0;
111;2023.04.25 15:15;4;19,1875;20,375;18,75;385;202;0;
112;2023.04.25 15:30;4;18,75;19,875;18,375;383;202;0;
113;2023.04.25 15:45;4;18,375;19,5625;18,0625;383;202;0;
114;2023.04.25 16:00;4;17,875;19,1875;17,625;381;202;0;
115;2023.04.25 16:15;4;17;18,5;16,375;376;202;0;
116;2023.04.25 16:30;4;16,6875;18;15,875;374;202;0;
117;2023.04.25 16:45;4;16,875;17,75;16,25;374;202;0;
118;2023.04.25 17:00;4;16,9375;17,625;16,5;374;202;0;
119;2023.04.25 17:15;4;16,875;17,5625;16,5;373;202;0;
120;2023.04.25 17:30;4;17,125;17,625;16,875;384;202;0;
121;2023.04.25 17:45;4;17,375;17,75;17,375;385;202;0;
122;2023.04.25 18:00;4;17,625;17,875;17,5625;387;202;0;
123;2023.04.25 18:15;4;17,75;18;17,6875;387;202;0;
124;2023.04.25 18:30;4;18;18,125;17,75;389;202;0;
125;2023.04.25 18:45;4;17,75;18,0625;17,6875;389;202;0;
126;2023.04.25 19:00;4;17,625;18;17,5625;388;202;0;
127;2023.04.25 19:15;4;17,5;17,875;17,5;388;202;0;
128;2023.04.25 19:30;4;17,375;17,8125;17,125;388;202;0;
129;2023.04.25 19:45;4;17,125;17,6875;16,625;387;202;0;
130;2023.04.25 20:00;4;16,875;17,5;16,375;386;202;0;
131;2023.04.25 20:15;4;16,625;17,25;15,6875;385;202;0;
132;2023.04.25 20:30;4;16,375;17;15,3125;384;202;0;
133;2023.04.25 20:45;4;16,125;16,75;15,125;382;202;0;
134;2023.04.25 21:00;4;15,875;16,5;15;381;202;0;
135;2023.04.25 21:15;4;15,6875;16,25;15;380;202;0;
136;2023.04.25 21:30;4;15,5625;16,0625;15,125;380;202;0;
137;2023.04.25 21:45;4;15,5;15,9375;15,25;380;202;0;
138;2023.04.25 22:00;4;15,5;15,875;15,4375;379;202;0;
139;2023.04.25 22:15;4;15,5;15,8125;15,625;379;202;0;
140;2023.04.25 22:30;4;15,5;15,75;15,75;379;202;0;
141;2023.04.25 22:45;4;15,4375;15,75;15,0625;379;202;0;
142;2023.04.25 23:00;4;15,25;15,6875;14,75;378;202;0;
143;2023.04.25 23:15;4;14,8125;15,5;14,625;375;202;0;
144;2023.04.25 23:30;4;14,25;15,0625;14,0625;372;202;0;
145;2023.04.25 23:45;4;13,875;14,6875;13,6875;371;202;0;
146;2023.04.26 00:00;4;13,625;14,375;13,375;370;202;0;
147;2023.04.26 00:15;4;13,25;14,0625;13,0625;369;202;0;
148;2023.04.26 00:30;4;12,75;13,625;12,5;366;202;0;
149;2023.04.26 00:45;4;12,3125;13,25;12;365;202;0;
150;2023.04.26 01:00;4;12,375;13;12;356;202;0;
151;2023.04.26 01:15;4;12,375;13;12,1875;356;202;0;
152;2023.04.26 01:30;4;12,5;12,9375;12,375;356;202;0;
153;2023.04.26 01:45;4;12,5625;13;12,5;356;202;0;
154;2023.04.26 02:00;4;12,4375;12,9375;12,375;355;202;0;
155;2023.04.26 02:15;4;12,125;12,75;11,875;354;202;0;
156;2023.04.26 02:30;4;12;12,625;11,8125;355;202;0;
157;2023.04.26 02:45;4;11,625;12,5;11,625;348;202;0;
158;2023.04.26 03:00;4;11,5;12,25;11,4375;347;202;0;
159;2023.04.26 03:15;4;11,375;12,1875;11,5;346;202;0;
160;2023.04.26 03:30;4;11,25;12;11,5;339;202;0;
161;2023.04.26 03:45;4;11,125;11,875;11,125;338;202;0;
162;2023.04.26 04:00;4;11;11,75;10,875;338;202;0;
163;2023.04.26 04:15;4;10,9375;11,5625;10,75;337;202;0;
164;2023.04.26 04:30;4;10,8125;11,375;10,5;337;202;0;
165;2023.04.26 04:45;4;10,625;11,25;10,0625;336;202;0;
166;2023.04.26 05:00;4;10,3125;11;9,625;335;202;0;
167;2023.04.26 05:15;4;10,125;10,75;9,625;334;202;0;
168;2023.04.26 05:30;4;10;10,625;9,625;333;202;0;
169;2023.04.26 05:45;4;10;10,5;9,6875;333;202;0;
170;2023.04.26 06:00;4;9,9375;10,375;9,6875;333;202;0;
171;2023.04.26 06:15;4;9,875;10,375;9,75;332;202;0;
172;2023.04.26 06:30;4;9,875;10,375;9,875;332;202;0;
173;2023.04.26 06:45;4;9,875;10,3125;10;332;202;0;
174;2023.04.26 07:00;4;9,9375;10,375;10,0625;332;202;0;
175;2023.04.26 07:15;4;10;10,375;10,0625;332;202;0;
176;2023.04.26 07:30;4;10;10,375;10,0625;332;202;0;
177;2023.04.26 07:45;4;10;10,375;10,0625;332;202;0;
178;2023.04.26 08:00;4;10;10,375;10,125;333;202;0;
179;2023.04.26 08:15;4;10;10,375;10,25;333;202;0;
180;2023.04.26 08:30;4;10,125;10,4375;10,375;333;202;0;
181;2023.04.26 08:45;4;10,125;10,5;10,4375;333;202;0;
182;2023.04.26 09:00;4;10,25;10,5;10,5625;333;202;0;
183;2023.04.26 09:15;4;10,3125;10,625;10,625;334;202;0;
184;2023.04.26 09:30;4;10,375;10,6875;10,75;334;202;0;
185;2023.04.26 09:45;4;10,5;10,75;10,8125;334;202;0;
186;2023.04.26 10:00;4;10,5;10,8125;10,875;335;202;0;
187;2023.04.26 10:15;4;10,625;10,875;11;335;202;0;
188;2023.04.26 10:30;4;10,75;11;11,0625;335;202;0;
189;2023.04.26 10:45;4;10,75;11,0625;11,1875;336;202;0;
190;2023.04.26 11:00;4;10,875;11,125;11,25;336;202;0;
191;2023.04.26 11:15;4;11;11,25;11,375;336;202;0;
192;2023.04.26 11:30;4;11,0625;11,3125;11,5;337;202;0;
193;2023.04.26 11:45;4;11,125;11,375;11,5;337;202;0;
194;2023.04.26 12:00;4;11,25;11,5;11,625;338;202;0;
195;2023.04.26 12:15;4;11,3125;11,5625;11,6875;338;202;0;
196;2023.04.26 12:30;4;11,375;11,625;11,75;338;202;0;
197;2023.04.26 12:45;4;11,5;11,75;11,875;339;202;0;
198;2023.04.26 13:00;4;11,5;11,75;11,875;339;202;0;
199;2023.04.26 13:15;4;11,625;11,875;12;339;202;0;
200;2023.04.26 13:30;4;11,6875;11,9375;12;339;202;0;
201;2023.04.26 13:45;4;11,75;12;12,125;340;202;0;
202;2023.04.26 14:00;4;11,875;12,125;12,25;340;202;0;
203;2023.04.26 14:15;4;11,9375;12,1875;12,3125;341;202;0;
204;2023.04.26 14:30;4;12;12,25;12,375;341;202;0;
205;2023.04.26 14:45;4;12,125;12,375;12,5;341;202;0;
206;2023.04.26 15:00;4;12,1875;12,375;12,5625;342;202;0;
207;2023.04.26 15:15;4;12,25;12,5;12,625;342;202;0;
208;2023.04.26 15:30;4;12,3125;12,5625;12,625;342;202;0;
209;2023.04.26 15:45;4;12,375;12,625;12,75;342;202;0;
210;2023.04.26 16:00;4;12,375;12,6875;12,75;343;202;0;
211;2023.04.26 16:15;4;12,5;12,75;12,75;343;202;0;
212;2023.04.26 16:30;4;12,5;12,75;12,75;343;202;0;
213;2023.04.26 16:45;4;12,5;12,8125;12,8125;343;202;0;
214;2023.04.26 17:00;4;12,5;12,875;12,75;343;202;0;
215;2023.04.26 17:15;4;12,5;12,875;12,75;343;202;0;
216;2023.04.26 17:30;4;12,5625;12,875;12,75;343;202;0;
217;2023.04.26 17:45;4;12,5625;12,875;12,75;343;202;0;
218;2023.04.26 18:00;4;12,5625;12,875;12,75;343;202;0;
219;2023.04.26 18:15;4;12,5625;12,875;12,75;344;202;0;
220;2023.04.26 18:30;4;12,5625;12,875;12,75;344;202;0;
221;2023.04.26 18:45;4;12,5625;12,875;12,75;344;202;0;
222;2023.04.26 19:00;4;12,5;12,875;12,75;343;202;0;
223;2023.04.26 19:15;4;12,5;12,875;12,75;343;202;0;
224;2023.04.26 19:30;4;12,5;12,875;12,625;343;202;0;
225;2023.04.26 19:45;4;12,4375;12,875;12,625;343;202;0;
226;2023.04.26 20:00;4;12,375;12,8125;12,5;343;202;0;
227;2023.04.26 20:15;4;12,375;12,75;12,375;343;202;0;
228;2023.04.26 20:30;4;12,3125;12,75;12,3125;343;202;0;
229;2023.04.26 20:45;4;12,25;12,625;12,25;342;202;0;
230;2023.04.26 21:00;4;12,1875;12,625;12,25;342;202;0;
231;2023.04.26 21:15;4;12,125;12,5625;12,125;342;202;0;
232;2023.04.26 21:30;4;12,0625;12,5;12,0625;342;202;0;
233;2023.04.26 21:45;4;12;12,4375;12;341;202;0;
234;2023.04.26 22:00;4;11,875;12,375;11,875;341;202;0;
235;2023.04.26 22:15;4;11,875;12,3125;11,875;341;202;0;
236;2023.04.26 22:30;4;11,75;12,25;11,75;340;202;0;
237;2023.04.26 22:45;4;11,75;12,1875;11,75;340;202;0;
238;2023.04.26 23:00;4;11,625;12,125;11,6875;340;202;0;
239;2023.04.26 23:15;4;11,625;12,0625;11,625;339;202;0;
240;2023.04.26 23:30;4;11,5625;12;11,625;339;202;0;
241;2023.04.26 23:45;4;11,5;12;11,5625;339;202;0;
242;2023.04.27 00:00;4;11,5;11,875;11,5;339;202;0;
243;2023.04.27 00:15;4;11,375;11,875;11,375;339;202;0;
244;2023.04.27 00:30;4;11,375;11,8125;11,375;338;202;0;
245;2023.04.27 00:45;4;11,25;11,75;11,375;338;202;0;
246;2023.04.27 01:00;4;11,3125;11,75;11,375;347;202;0;
247;2023.04.27 01:15;4;11,25;11,75;11,375;347;202;0;
248;2023.04.27 01:30;4;11,25;11,6875;11,375;346;202;0;
249;2023.04.27 01:45;4;11,25;11,625;11,375;346;202;0;
250;2023.04.27 02:00;4;11,1875;11,625;11,3125;346;202;0;
251;2023.04.27 02:15;4;11,1875;11,625;11,25;346;202;0;
252;2023.04.27 02:30;4;11,125;11,625;11,25;346;202;0;
253;2023.04.27 02:45;4;11,125;11,5625;11,25;346;202;0;
254;2023.04.27 03:00;4;11,125;11,5625;11,25;346;202;0;
255;2023.04.27 03:15;4;11;11,5;11,1875;346;202;0;
256;2023.04.27 03:30;4;11;11,5;11,125;345;202;0;
257;2023.04.27 03:45;4;11;11,4375;11,125;345;202;0;
258;2023.04.27 04:00;4;10,875;11,4375;11,125;345;202;0;
259;2023.04.27 04:15;4;10,875;11,375;11,0625;345;202;0;
260;2023.04.27 04:30;4;10,875;11,375;11;345;202;0;
261;2023.04.27 04:45;4;10,8125;11,375;11;345;202;0;
262;2023.04.27 05:00;4;10,8125;11,25;11;344;202;0;
263;2023.04.27 05:15;4;10,75;11,25;10,875;344;202;0;
264;2023.04.27 05:30;4;10,75;11,25;10,875;344;202;0;
265;2023.04.27 05:45;4;10,6875;11,1875;10,8125;344;202;0;
266;2023.04.27 06:00;4;10,6875;11,1875;10,75;344;202;0;
267;2023.04.27 06:15;4;10,6875;11,125;10,75;344;202;0;
268;2023.04.27 06:30;4;10,6875;11,125;10,75;344;202;0;
269;2023.04.27 06:45;4;10,6875;11,125;10,8125;344;202;0;
270;2023.04.27 07:00;4;10,75;11,125;10,8125;344;202;0;
271;2023.04.27 07:15;4;10,6875;11,125;10,875;344;202;0;
272;2023.04.27 07:30;4;10,6875;11,125;10,875;344;202;0;
273;2023.04.27 07:45;4;10,6875;11,125;10,875;344;202;0;
274;2023.04.27 08:00;4;10,75;11,125;10,875;344;202;0;
275;2023.04.27 08:15;4;10,75;11,125;10,875;344;202;0;
276;2023.04.27 08:30;4;10,75;11,125;10,9375;344;202;0;
277;2023.04.27 08:45;4;10,75;11,125;11;344;202;0;
278;2023.04.27 09:00;4;10,8125;11,125;11;344;202;0;
279;2023.04.27 09:15;4;10,8125;11,125;11,0625;344;202;0;
280;2023.04.27 09:30;4;10,875;11,1875;11,125;344;202;0;
281;2023.04.27 09:45;4;10,875;11,25;11,125;344;202;0;
282;2023.04.27 10:00;4;10,875;11,25;11,125;344;202;0;
283;2023.04.27 10:15;4;10,875;11,25;11,1875;344;202;0;
284;2023.04.27 10:30;4;10,9375;11,25;11,25;345;202;0;
285;2023.04.27 10:45;4;11;11,25;11,25;345;202;0;
286;2023.04.27 11:00;4;11;11,3125;11,3125;345;202;0;
287;2023.04.27 11:15;4;11;11,375;11,3125;345;202;0;
288;2023.04.27 11:30;4;11;11,375;11,375;345;202;0;
289;2023.04.27 11:45;4;11;11,375;11,375;345;202;0;
290;2023.04.27 12:00;4;11,0625;11,375;11,375;345;202;0;
291;2023.04.27 12:15;4;11,125;11,4375;11,4375;345;202;0;
292;2023.04.27 12:30;4;11,125;11,4375;11,5;345;202;0;
293;2023.04.27 12:45;4;11,125;11,5;11,5;345;202;0;
294;2023.04.27 13:00;4;11,125;11,5;11,5;346;202;0;
295;2023.04.27 13:15;4;11,125;11,5;11,5;346;202;0;
296;2023.04.27 13:30;4;11,1875;11,5;11,5;346;202;0;
297;2023.04.27 13:45;4;11,1875;11,5625;11,5625;346;202;0;
298;2023.04.27 14:00;4;11,25;11,5625;11,5625;346;202;0;
299;2023.04.27 14:15;4;11,25;11,625;11,625;346;202;0;
300;2023.04.27 14:30;4;11,25;11,625;11,625;346;202;0;
301;2023.04.27 14:45;4;11,25;11,625;11,625;346;202;0;
302;2023.04.27 15:00;4;11,25;11,625;11,625;346;202;0;
303;2023.04.27 15:15;4;11,3125;11,625;11,625;346;202;0;
304;2023.04.27 15:30;4;11,3125;11,6875;11,6875;346;202;0;
305;2023.04.27 15:45;4;11,3125;11,6875;11,6875;346;202;0;
306;2023.04.27 16:00;4;11,375;11,75;11,75;347;202;0;
307;2023.04.27 16:15;4;11,375;11,75;11,75;347;202;0;
308;2023.04.27 16:30;4;11,375;11,75;11,75;347;202;0;
309;2023.04.27 16:45;4;11,375;11,75;11,75;347;202;0;
310;2023.04.27 17:00;4;11,375;11,75;11,75;347;202;0;
311;2023.04.27 17:15;4;11,375;11,75;11,75;347;202;0;
312;2023.04.27 17:30;4;11,4375;11,8125;11,75;347;202;0;
313;2023.04.27 17:45;4;11,4375;11,875;11,8125;347;202;0;
314;2023.04.27 18:00;4;11,5;11,875;11,8125;347;202;0;
315;2023.04.27 18:15;4;11,5;11,875;11,8125;347;202;0;
316;2023.04.27 18:30;4;11,5;11,875;11,8125;347;202;0;
317;2023.04.27 18:45;4;11,5;11,875;11,875;347;202;0;
318;2023.04.27 19:00;4;11,5;11,875;11,875;347;202;0;
319;2023.04.27 19:15;4;11,5;11,875;11,875;347;202;0;
320;2023.04.27 19:30;4;11,5;11,875;11,875;347;202;0;
321;2023.04.27 19:45;4;11,5625;11,9375;11,875;347;202;0;
322;2023.04.27 20:00;4;11,5625;12;11,875;348;202;0;
323;2023.04.27 20:15;4;11,5625;12;11,8125;348;202;0;
324;2023.04.27 20:30;4;11,5625;12;11,8125;348;202;0;
325;2023.04.27 20:45;4;11,5625;12;11,75;348;202;0;
326;2023.04.27 21:00;4;11,5625;12;11,75;348;202;0;
327;2023.04.27 21:15;4;11,5625;12;11,75;348;202;0;
328;2023.04.27 21:30;4;11,5625;12;11,75;348;202;0;
329;2023.04.27 21:45;4;11,5625;12;11,75;347;202;0;
330;2023.04.27 22:00;4;11,5625;12;11,75;348;202;0;
331;2023.04.27 22:15;4;11,5625;12;11,75;348;202;0;
332;2023.04.27 22:30;4;11,5;11,9375;11,75;347;202;0;
333;2023.04.27 22:45;4;11,5;11,9375;11,75;347;202;0;
334;2023.04.27 23:00;4;11,5;11,9375;11,75;348;202;0;
335;2023.04.27 23:15;4;11,5;11,9375;11,75;347;202;0;
336;2023.04.27 23:30;4;11,5;11,875;11,75;347;202;0;
337;2023.04.27 23:45;4;11,5;11,875;11,75;347;202;0;
338;2023.04.28 00:00;4;11,5;11,875;11,75;347;202;0;
339;2023.04.28 00:15;4;11,5;11,875;11,75;347;202;0;
340;2023.04.28 00:30;4;11,5;11,875;11,75;347;202;0;
341;2023.04.28 00:45;4;11,5;11,875;11,75;347;202;0;
342;2023.04.28 01:00;4;11,5;11,875;11,75;341;202;0;
343;2023.04.28 01:15;4;11,5;11,875;11,75;342;202;0;
344;2023.04.28 01:30;4;11,5;11,875;11,75;342;202;0;
345;2023.04.28 01:45;4;11,5;11,9375;11,75;342;202;0;
346;2023.04.28 02:00;4;11,5;11,9375;11,75;342;202;0;
347;2023.04.28 02:15;4;11,5;11,9375;11,75;342;202;0;
348;2023.04.28 02:30;4;11,5;11,9375;11,75;342;202;0;
349;2023.04.28 02:45;4;11,5;11,875;11,6875;342;202;0;
350;2023.04.28 03:00;4;11,5;11,875;11,625;341;202;0;
351;2023.04.28 03:15;4;11,4375;11,875;11,625;341;202;0;
352;2023.04.28 03:30;4;11,4375;11,875;11,5625;341;202;0;
353;2023.04.28 03:45;4;11,375;11,8125;11,5625;341;202;0;
354;2023.04.28 04:00;4;11,375;11,8125;11,5;341;202;0;
355;2023.04.28 04:15;4;11,375;11,75;11,5;341;202;0;
356;2023.04.28 04:30;4;11,375;11,75;11,5;341;202;0;
357;2023.04.28 04:45;4;11,375;11,75;11,5;341;202;0;
358;2023.04.28 05:00;4;11,375;11,75;11,5;341;202;0;
359;2023.04.28 05:15;4;11,375;11,75;11,5;341;202;0;
360;2023.04.28 05:30;4;11,375;11,75;11,5;341;202;0;
361;2023.04.28 05:45;4;11,375;11,75;11,5;341;202;0;
362;2023.04.28 06:00;4;11,375;11,75;11,5;341;202;0;
363;2023.04.28 06:15;4;11,375;11,75;11,5625;341;202;0;
364;2023.04.28 06:30;4;11,375;11,75;11,625;341;202;0;
365;2023.04.28 06:45;4;11,4375;11,75;11,625;341;202;0;
366;2023.04.28 07:00;4;11,4375;11,8125;11,625;341;202;0;
367;2023.04.28 07:15;4;11,4375;11,8125;11,625;341;202;0;
368;2023.04.28 07:30;4;11,4375;11,8125;11,625;341;202;0;
369;2023.04.28 07:45;4;11,375;11,8125;11,5625;341;202;0;
370;2023.04.28 08:00;4;11,4375;11,8125;11,625;341;202;0;
371;2023.04.28 08:15;4;11,5;11,8125;11,625;341;202;0;
372;2023.04.28 08:30;4;11,5;11,875;11,75;341;202;0;
373;2023.04.28 08:45;4;11,5625;11,875;11,75;342;202;0;
374;2023.04.28 09:00;4;11,625;11,9375;11,875;342;202;0;
375;2023.04.28 09:15;4;11,75;12;12;342;202;0;
376;2023.04.28 09:30;4;11,75;12,125;12,0625;343;202;0;
377;2023.04.28 09:45;4;11,875;12,125;12,125;343;202;0;
378;2023.04.28 10:00;4;11,875;12,25;12,1875;343;202;0;
379;2023.04.28 10:15;4;12;12,25;12,25;343;202;0;
380;2023.04.28 10:30;4;12;12,3125;12,375;344;202;0;
381;2023.04.28 10:45;4;12,125;12,375;12,375;344;202;0;
382;2023.04.28 11:00;4;12,125;12,5;12,5;344;202;0;
383;2023.04.28 11:15;4;12,25;12,5;12,5;344;202;0;
384;2023.04.28 11:30;4;12,25;12,5625;12,625;345;202;0;
385;2023.04.28 11:45;4;12,3125;12,625;12,625;345;202;0;
386;2023.04.28 12:00;4;12,375;12,6875;12,75;345;202;0;
387;2023.04.28 12:15;4;12,5;12,75;12,75;346;202;0;
388;2023.04.28 12:30;4;12,5625;12,875;12,875;346;202;0;
389;2023.04.28 12:45;4;12,625;12,875;13;346;202;0;
390;2023.04.28 13:00;4;12,75;13;13,125;347;202;0;
391;2023.04.28 13:15;4;12,875;13,125;13,25;347;202;0;
392;2023.04.28 13:30;4;12,875;13,1875;13,25;347;202;0;
393;2023.04.28 13:45;4;12,9375;13,25;13,25;348;202;0;
394;2023.04.28 14:00;4;12,9375;13,25;13,25;348;202;0;
395;2023.04.28 14:15;4;13;13,3125;13,3125;348;202;0;
396;2023.04.28 14:30;4;13;13,375;13,375;348;202;0;
397;2023.04.28 14:45;4;13,0625;13,375;13,375;348;202;0;
398;2023.04.28 15:00;4;13,125;13,375;13,375;348;202;0;
399;2023.04.28 15:15;4;13,125;13,4375;13,4375;349;202;0;
400;2023.04.28 15:30;4;13,125;13,5;13,4375;349;202;0;
401;2023.04.28 15:45;4;13,125;13,5;13,4375;349;202;0;
402;2023.04.28 16:00;4;13,125;13,5;13,4375;349;202;0;
403;2023.04.28 16:15;4;13,125;13,5;13,4375;349;202;0;
404;2023.04.28 16:30;4;13,1875;13,5;13,4375;349;202;0;
405;2023.04.28 16:45;4;13,1875;13,5;13,4375;349;202;0;
406;2023.04.28 17:00;4;13,1875;13,5625;13,4375;349;202;0;
407;2023.04.28 17:15;4;13,125;13,5625;13,375;349;202;0;
408;2023.04.28 17:30;4;13,125;13,5;13,375;349;202;0;
409;2023.04.28 17:45;4;13,125;13,5;13,375;349;202;0;
410;2023.04.28 18:00;4;13,125;13,5;13,375;349;202;0;
411;2023.04.28 18:15;4;13,125;13,5;13,375;349;202;0;
412;2023.04.28 18:30;4;13,125;13,5;13,375;349;202;0;
413;2023.04.28 18:45;4;13,125;13,5;13,375;349;202;0;
414;2023.04.28 19:00;4;13,125;13,5;13,375;349;202;0;
415;2023.04.28 19:15;4;13,125;13,5;13,375;349;202;0;
416;2023.04.28 19:30;4;13,125;13,5;13,375;349;202;0;
417;2023.04.28 19:45;4;13,125;13,5;13,3125;349;202;0;
418;2023.04.28 20:00;4;13,0625;13,5;13,25;349;202;0;
419;2023.04.28 20:15;4;13;13,4375;13,25;348;202;0;
420;2023.04.28 20:30;4;13;13,375;13,1875;348;202;0;
421;2023.04.28 20:45;4;12,9375;13,375;13,125;348;202;0;
422;2023.04.28 21:00;4;12,875;13,375;13;348;202;0;
423;2023.04.28 21:15;4;12,875;13,25;13;348;202;0;
424;2023.04.28 21:30;4;12,75;13,25;12,875;347;202;0;
425;2023.04.28 21:45;4;12,75;13,1875;12,875;347;202;0;
426;2023.04.28 22:00;4;12,6875;13,125;12,75;347;202;0;
427;2023.04.28 22:15;4;12,625;13,125;12,75;352;202;0;
428;2023.04.28 22:30;4;12,625;13,125;12,75;353;202;0;
429;2023.04.28 22:45;4;12,625;13;12,75;353;202;0;
430;2023.04.28 23:00;4;12,5625;13;12,6875;353;202;0;
431;2023.04.28 23:15;4;12,5625;13;12,625;353;202;0;
432;2023.04.28 23:30;4;12,5;13;12,625;352;202;0;
433;2023.04.28 23:45;4;12,5;12,9375;12,625;352;202;0;
434;2023.04.29 00:00;4;12,5;12,875;12,625;352;202;0;
435;2023.04.29 00:15;4;12,5;12,875;12,625;352;202;0;
436;2023.04.29 00:30;4;12,5;12,875;12,625;352;202;0;
437;2023.04.29 00:45;4;12,5;12,875;12,625;352;202;0;
438;2023.04.29 01:00;4;12,5;12,875;12,625;352;202;0;
439;2023.04.29 01:15;4;12,5;12,875;12,625;352;202;0;
440;2023.04.29 01:30;4;12,5;12,875;12,625;352;202;0;
441;2023.04.29 01:45;4;12,5;12,875;12,625;352;202;0;
442;2023.04.29 02:00;4;12,5;12,875;12,625;352;202;0;
443;2023.04.29 02:15;4;12,5;12,875;12,625;352;202;0;
444;2023.04.29 02:30;4;12,5;12,875;12,625;352;202;0;
445;2023.04.29 02:45;4;12,4375;12,875;12,625;352;202;0;
446;2023.04.29 03:00;4;12,4375;12,875;12,625;352;202;0;
447;2023.04.29 03:15;4;12,4375;12,875;12,625;352;202;0;
448;2023.04.29 03:30;4;12,4375;12,8125;12,625;352;202;0;
449;2023.04.29 03:45;4;12,375;12,8125;12,625;352;202;0;
450;2023.04.29 04:00;4;12,375;12,8125;12,5625;352;202;0;
451;2023.04.29 04:15;4;12,375;12,75;12,5;352;202;0;
452;2023.04.29 04:30;4;12,375;12,75;12,5;352;202;0;
453;2023.04.29 04:45;4;12,375;12,75;12,5;352;202;0;
454;2023.04.29 05:00;4;12,3125;12,75;12,5;351;202;0;
455;2023.04.29 05:15;4;12,3125;12,75;12,4375;351;202;0;
456;2023.04.29 05:30;4;12,25;12,6875;12,4375;351;202;0;
457;2023.04.29 05:45;4;12,25;12,6875;12,375;351;202;0;
458;2023.04.29 06:00;4;12,25;12,625;12,375;351;202;0;
459;2023.04.29 06:15;4;12,1875;12,625;12,3125;351;202;0;
460;2023.04.29 06:30;4;12,1875;12,625;12,3125;351;202;0;
461;2023.04.29 06:45;4;12,1875;12,625;12,25;351;202;0;
462;2023.04.29 07:00;4;12,1875;12,625;12,3125;351;202;0;
463;2023.04.29 07:15;4;12,25;12,625;12,375;351;202;0;
464;2023.04.29 07:30;4;12,25;12,625;12,375;351;202;0;
465;2023.04.29 07:45;4;12,25;12,625;12,5;351;202;0;
466;2023.04.29 08:00;4;12,375;12,6875;12,625;351;202;0;
467;2023.04.29 08:15;4;12,375;12,75;12,6875;352;202;0;
468;2023.04.29 08:30;4;12,5;12,75;12,75;352;202;0;
469;2023.04.29 08:45;4;12,5;12,875;12,875;352;202;0;
470;2023.04.29 09:00;4;12,625;12,875;13;352;202;0;
471;2023.04.29 09:15;4;12,6875;13;13,125;353;202;0;
472;2023.04.29 09:30;4;12,75;13,0625;13,1875;353;202;0;
473;2023.04.29 09:45;4;12,875;13,125;13,25;353;202;0;
474;2023.04.29 10:00;4;12,9375;13,1875;13,375;354;202;0;
475;2023.04.29 10:15;4;13;13,25;13,4375;354;202;0;
476;2023.04.29 10:30;4;13,0625;13,375;13,5;354;202;0;
477;2023.04.29 10:45;4;13,125;13,375;13,625;355;202;0;
478;2023.04.29 11:00;4;13,25;13,5;13,625;355;202;0;
479;2023.04.29 11:15;4;13,25;13,5625;13,75;355;202;0;
480;2023.04.29 11:30;4;13,375;13,625;13,8125;356;202;0;
481;2023.04.29 11:45;4;13,4375;13,75;13,875;356;202;0;
482;2023.04.29 12:00;4;13,5;13,75;14;356;202;0;
483;2023.04.29 12:15;4;13,5625;13,875;14,0625;357;202;0;
484;2023.04.29 12:30;4;13,625;13,875;14,125;357;202;0;
485;2023.04.29 12:45;4;13,75;14;14,125;357;202;0;
486;2023.04.29 13:00;4;13,75;14,0625;14,25;357;202;0;
487;2023.04.29 13:15;4;13,875;14,125;14,3125;358;202;0;
488;2023.04.29 13:30;4;13,9375;14,25;14,375;358;202;0;
489;2023.04.29 13:45;4;14;14,25;14,5;358;202;0;
490;2023.04.29 14:00;4;14,125;14,375;14,625;359;202;0;
491;2023.04.29 14:15;4;14,1875;14,4375;14,6875;359;202;0;
492;2023.04.29 14:30;4;14,25;14,5;14,75;360;202;0;
493;2023.04.29 14:45;4;14,375;14,625;14,875;360;202;0;
494;2023.04.29 15:00;4;14,4375;14,6875;14,9375;360;202;0;
495;2023.04.29 15:15;4;14,5;14,75;15;361;202;0;
496;2023.04.29 15:30;4;14,5625;14,8125;15,0625;361;202;0;
497;2023.04.29 15:45;4;14,625;14,875;15,125;361;202;0;
498;2023.04.29 16:00;4;14,625;15;15,125;361;202;0;
499;2023.04.29 16:15;4;14,75;15;15,1875;362;202;0;
500;2023.04.29 16:30;4;14,75;15,0625;15,25;362;202;0;
501;2023.04.29 16:45;4;14,75;15,125;15,25;362;202;0;
502;2023.04.29 17:00;4;14,8125;15,125;15,25;362;202;0;
503;2023.04.29 17:15;4;14,8125;15,125;15,25;362;202;0;
504;2023.04.29 17:30;4;14,875;15,1875;15,25;362;202;0;
505;2023.04.29 17:45;4;14,875;15,25;15,25;362;202;0;
506;2023.04.29 18:00;4;14,875;15,25;15,25;362;202;0;
507;2023.04.29 18:15;4;14,875;15,25;15,1875;362;202;0;
508;2023.04.29 18:30;4;14,875;15,25;15,1875;362;202;0;
509;2023.04.29 18:45;4;14,875;15,25;15,1875;362;202;0;
510;2023.04.29 19:00;4;14,875;15,25;15,125;362;202;0;
511;2023.04.29 19:15;4;14,875;15,25;15,125;362;202;0;
512;2023.04.29 19:30;4;14,875;15,25;15,125;362;202;0;
513;2023.04.29 19:45;4;14,875;15,25;15,0625;362;202;0;
514;2023.04.29 20:00;4;14,8125;15,25;15;362;202;0;
515;2023.04.29 20:15;4;14,75;15,1875;15;362;202;0;
516;2023.04.29 20:30;4;14,75;15,125;14,9375;362;202;0;
517;2023.04.29 20:45;4;14,75;15,125;14,875;362;202;0;
518;2023.04.29 21:00;4;14,6875;15,125;14,875;362;202;0;
519;2023.04.29 21:15;4;14,6875;15,125;14,8125;362;202;0;
520;2023.04.29 21:30;4;14,625;15,0625;14,75;362;202;0;
521;2023.04.29 21:45;4;14,625;15;14,75;362;202;0;
522;2023.04.29 22:00;4;14,625;15;14,75;361;202;0;
523;2023.04.29 22:15;4;14,5625;15;14,75;361;202;0;
524;2023.04.29 22:30;4;14,5625;15;14,6875;361;202;0;
525;2023.04.29 22:45;4;14,5;14,9375;14,625;361;202;0;
526;2023.04.29 23:00;4;14,5;14,875;14,625;361;202;0;
527;2023.04.29 23:15;4;14,5;14,875;14,625;361;202;0;
528;2023.04.29 23:30;4;14,5;14,875;14,625;361;202;0;
529;2023.04.29 23:45;4;14,4375;14,875;14,5625;361;202;0;
530;2023.04.30 00:00;4;14,375;14,875;14,5;361;202;0;
531;2023.04.30 00:15;4;14,375;14,8125;14,5;360;202;0;
532;2023.04.30 00:30;4;14,375;14,75;14,5;360;202;0;
533;2023.04.30 00:45;4;14,375;14,75;14,5;360;202;0;
534;2023.04.30 01:00;4;14,3125;14,75;14,4375;360;202;0;
535;2023.04.30 01:15;4;14,25;14,75;14,4375;360;202;0;
536;2023.04.30 01:30;4;14,25;14,6875;14,375;360;202;0;
537;2023.04.30 01:45;4;14,25;14,625;14,375;360;202;0;
538;2023.04.30 02:00;4;14,25;14,625;14,375;360;202;0;
539;2023.04.30 02:15;4;14,1875;14,625;14,3125;360;202;0;
540;2023.04.30 02:30;4;14,1875;14,625;14,3125;360;202;0;
541;2023.04.30 02:45;4;14,125;14,5625;14,25;359;202;0;
542;2023.04.30 03:00;4;14,125;14,5625;14,25;359;202;0;
543;2023.04.30 03:15;4;14,125;14,5;14,25;359;202;0;
544;2023.04.30 03:30;4;14,125;14,5;14,25;359;202;0;
545;2023.04.30 03:45;4;14,0625;14,5;14,1875;359;202;0;
546;2023.04.30 04:00;4;14,0625;14,5;14,1875;359;202;0;
547;2023.04.30 04:15;4;14;14,4375;14,125;359;202;0;
548;2023.04.30 04:30;4;14;14,4375;14,125;359;202;0;
549;2023.04.30 04:45;4;14;14,375;14,125;359;202;0;
550;2023.04.30 05:00;4;13,9375;14,375;14,0625;359;202;0;
551;2023.04.30 05:15;4;13,875;14,375;14;358;202;0;
552;2023.04.30 05:30;4;13,875;14,3125;14;358;202;0;
553;2023.04.30 05:45;4;13,875;14,25;14;358;202;0;
554;2023.04.30 06:00;4;13,8125;14,25;13,9375;358;202;0;
555;2023.04.30 06:15;4;13,8125;14,25;13,875;358;202;0;
556;2023.04.30 06:30;4;13,75;14,1875;13,875;358;202;0;
557;2023.04.30 06:45;4;13,75;14,125;13,875;358;202;0;
558;2023.04.30 07:00;4;13,75;14,125;13,8125;358;202;0;
559;2023.04.30 07:15;4;13,6875;14,125;13,75;357;202;0;
560;2023.04.30 07:30;4;13,625;14,125;13,75;357;202;0;
561;2023.04.30 07:45;4;13,625;14,0625;13,75;357;202;0;
562;2023.04.30 08:00;4;13,625;14,0625;13,75;357;202;0;
563;2023.04.30 08:15;4;13,625;14;13,75;357;202;0;
564;2023.04.30 08:30;4;13,625;14;13,75;357;202;0;
565;2023.04.30 08:45;4;13,625;14;13,8125;357;202;0;
566;2023.04.30 09:00;4;13,625;14;13,8125;357;202;0;
567;2023.04.30 09:15;4;13,6875;14,0625;13,875;357;202;0;
568;2023.04.30 09:30;4;13,6875;14;13,875;357;202;0;
569;2023.04.30 09:45;4;13,6875;14,0625;13,875;357;202;0;
570;2023.04.30 10:00;4;13,75;14,0625;13,9375;357;202;0;
571;2023.04.30 10:15;4;13,75;14,125;14;357;202;0;
572;2023.04.30 10:30;4;13,75;14,125;14;357;202;0;
573;2023.04.30 10:45;4;13,75;14,125;14,0625;358;202;0;
574;2023.04.30 11:00;4;13,8125;14,125;14,125;358;202;0;
575;2023.04.30 11:15;4;13,875;14,1875;14,125;358;202;0;
576;2023.04.30 11:30;4;13,875;14,25;14,1875;358;202;0;
577;2023.04.30 11:45;4;13,875;14,25;14,25;358;202;0;
578;2023.04.30 12:00;4;13,9375;14,25;14,25;358;202;0;
579;2023.04.30 12:15;4;14;14,3125;14,3125;358;202;0;
580;2023.04.30 12:30;4;14;14,375;14,375;359;202;0;
581;2023.04.30 12:45;4;14;14,375;14,375;359;202;0;
582;2023.04.30 13:00;4;14,125;14,4375;14,5;359;202;0;
583;2023.04.30 13:15;4;14,125;14,5;14,5;359;202;0;
584;2023.04.30 13:30;4;14,25;14,5;14,625;359;202;0;
585;2023.04.30 13:45;4;14,25;14,625;14,625;360;202;0;
586;2023.04.30 14:00;4;14,3125;14,625;14,75;360;202;0;
587;2023.04.30 14:15;4;14,375;14,6875;14,75;360;202;0;
588;2023.04.30 14:30;4;14,375;14,75;14,875;360;202;0;
589;2023.04.30 14:45;4;14,5;14,75;14,875;361;202;0;
590;2023.04.30 15:00;4;14,5;14,875;14,9375;361;202;0;
591;2023.04.30 15:15;4;14,5625;14,875;15;361;202;0;
592;2023.04.30 15:30;4;14,5625;14,875;15;361;202;0;
593;2023.04.30 15:45;4;14,625;14,9375;15;361;202;0;
594;2023.04.30 16:00;4;14,625;15;15;361;202;0;
595;2023.04.30 16:15;4;14,625;15;15;361;202;0;
596;2023.04.30 16:30;4;14,625;15;14,9375;361;202;0;
597;2023.04.30 16:45;4;14,625;15;14,875;361;202;0;
598;2023.04.30 17:00;4;14,625;15;14,875;361;202;0;
599;2023.04.30 17:15;4;14,625;15;14,875;361;202;0;
600;2023.04.30 17:30;4;14,625;15;14,875;361;202;0;
601;2023.04.30 17:45;4;14,625;15;14,875;361;202;0;
602;2023.04.30 18:00;4;14,625;15;14,875;361;202;0;
603;2023.04.30 18:15;4;14,625;15;14,8125;361;202;0;
604;2023.04.30 18:30;4;14,5625;15;14,8125;361;202;0;
605;2023.04.30 18:45;4;14,5625;15;14,75;361;202;0;
606;2023.04.30 19:00;4;14,5625;15;14,75;361;202;0;
607;2023.04.30 19:15;4;14,5;14,9375;14,75;361;202;0;
608;2023.04.30 19:30;4;14,5;14,9375;14,75;361;202;0;
609;2023.04.30 19:45;4;14,5;14,875;14,6875;361;202;0;
610;2023.04.30 20:00;4;14,5;14,875;14,625;361;202;0;
611;2023.04.30 20:15;4;14,5;14,875;14,625;361;202;0;
612;2023.04.30 20:30;4;14,4375;14,875;14,625;361;202;0;
613;2023.04.30 20:45;4;14,375;14,875;14,5625;361;202;0;
614;2023.04.30 21:00;4;14,375;14,8125;14,5;361;202;0;
615;2023.04.30 21:15;4;14,375;14,75;14,5;360;202;0;
616;2023.04.30 21:30;4;14,375;14,75;14,5;360;202;0;
617;2023.04.30 21:45;4;14,3125;14,75;14,5;360;202;0;
618;2023.04.30 22:00;4;14,25;14,75;14,4375;360;202;0;
619;2023.04.30 22:15;4;14,25;14,6875;14,375;360;202;0;
620;2023.04.30 22:30;4;14,25;14,625;14,375;360;202;0;
621;2023.04.30 22:45;4;14,25;14,625;14,375;360;202;0;
622;2023.04.30 23:00;4;14,1875;14,625;14,3125;360;202;0;
623;2023.04.30 23:15;4;14,1875;14,625;14,25;360;202;0;
624;2023.04.30 23:30;4;14,125;14,5625;14,25;359;202;0;
625;2023.04.30 23:45;4;14,125;14,5;14,25;359;202;0;
626;2023.05.01 00:00;4;14,125;14,5;14,25;359;202;0;
627;2023.05.01 00:15;4;14,0625;14,5;14,1875;359;202;0;
628;2023.05.01 00:30;4;14;14,5;14,1875;359;202;0;
629;2023.05.01 00:45;4;14;14,4375;14,125;359;202;0;
630;2023.05.01 01:00;4;14;14,4375;14,125;359;202;0;
631;2023.05.01 01:15;4;14;14,375;14,125;359;202;0;
632;2023.05.01 01:30;4;13,9375;14,375;14,0625;359;202;0;
633;2023.05.01 01:45;4;13,9375;14,375;14;359;202;0;
634;2023.05.01 02:00;4;13,875;14,3125;14;358;202;0;
635;2023.05.01 02:15;4;13,875;14,25;14;358;202;0;
636;2023.05.01 02:30;4;13,875;14,25;14;358;202;0;
637;2023.05.01 02:45;4;13,8125;14,25;13,9375;358;202;0;
638;2023.05.01 03:00;4;13,75;14,25;13,875;358;202;0;
639;2023.05.01 03:15;4;13,75;14,1875;13,875;358;202;0;
640;2023.05.01 03:30;4;13,75;14,125;13,875;358;202;0;
641;2023.05.01 03:45;4;13,75;14,125;13,8125;358;202;0;
642;2023.05.01 04:00;4;13,6875;14,125;13,8125;357;202;0;
643;2023.05.01 04:15;4;13,625;14,125;13,75;357;202;0;
644;2023.05.01 04:30;4;13,625;14,0625;13,75;357;202;0;
645;2023.05.01 04:45;4;13,625;14;13,75;357;202;0;
646;2023.05.01 05:00;4;13,625;14;13,75;357;202;0;
647;2023.05.01 05:15;4;13,5625;14;13,6875;357;202;0;
648;2023.05.01 05:30;4;13,5625;14;13,625;357;202;0;
649;2023.05.01 05:45;4;13,5;14;13,625;357;202;0;
650;2023.05.01 06:00;4;13,5;13,9375;13,625;357;202;0;
651;2023.05.01 06:15;4;13,5;13,875;13,625;357;202;0;
652;2023.05.01 06:30;4;13,5;13,875;13,625;357;202;0;
653;2023.05.01 06:45;4;13,5;13,875;13,625;356;202;0;
654;2023.05.01 07:00;4;13,5;13,875;13,625;356;202;0;
655;2023.05.01 07:15;4;13,4375;13,875;13,5625;356;202;0;
656;2023.05.01 07:30;4;13,4375;13,8125;13,5625;356;202;0;
657;2023.05.01 07:45;4;13,4375;13,8125;13,5625;356;202;0;
658;2023.05.01 08:00;4;13,375;13,8125;13,5625;356;202;0;
659;2023.05.01 08:15;4;13,375;13,8125;13,5625;356;202;0;
660;2023.05.01 08:30;4;13,375;13,8125;13,5625;356;202;0;
661;2023.05.01 08:45;4;13,375;13,8125;13,5625;356;202;0;
662;2023.05.01 09:00;4;13,375;13,8125;13,625;356;202;0;
663;2023.05.01 09:15;4;13,375;13,8125;13,625;356;202;0;
664;2023.05.01 09:30;4;13,4375;13,8125;13,625;356;202;0;
665;2023.05.01 09:45;4;13,5;13,8125;13,625;356;202;0;
666;2023.05.01 10:00;4;13,5;13,875;13,75;356;202;0;
667;2023.05.01 10:15;4;13,5;13,875;13,75;357;202;0;
668;2023.05.01 10:30;4;13,5625;13,875;13,875;357;202;0;
669;2023.05.01 10:45;4;13,625;13,9375;13,875;357;202;0;
670;2023.05.01 11:00;4;13,625;14;14;357;202;0;
671;2023.05.01 11:15;4;13,6875;14;14;357;202;0;
672;2023.05.01 11:30;4;13,75;14;14;357;202;0;
673;2023.05.01 11:45;4;13,75;14,0625;14,0625;357;202;0;
674;2023.05.01 12:00;4;13,75;14,125;14,125;358;202;0;
675;2023.05.01 12:15;4;13,75;14,125;14,125;358;202;0;
676;2023.05.01 12:30;4;13,875;14,125;14,1875;358;202;0;
677;2023.05.01 12:45;4;13,875;14,1875;14,25;358;202;0;
678;2023.05.01 13:00;4;13,875;14,25;14,25;358;202;0;
679;2023.05.01 13:15;4;13,9375;14,25;14,25;358;202;0;
680;2023.05.01 13:30;4;14;14,3125;14,3125;358;202;0;
681;2023.05.01 13:45;4;14;14,375;14,375;359;202;0;
682;2023.05.01 14:00;4;14;14,375;14,375;359;202;0;
683;2023.05.01 14:15;4;14,0625;14,375;14,4375;359;202;0;
684;2023.05.01 14:30;4;14,125;14,4375;14,5;359;202;0;
685;2023.05.01 14:45;4;14,125;14,5;14,5;359;202;0;
686;2023.05.01 15:00;4;14,1875;14,5;14,5625;359;202;0;
687;2023.05.01 15:15;4;14,25;14,5625;14,625;360;202;0;
688;2023.05.01 15:30;4;14,25;14,625;14,625;360;202;0;
689;2023.05.01 15:45;4;14,25;14,625;14,625;360;202;0;
690;2023.05.01 16:00;4;14,3125;14,625;14,6875;360;202;0;
691;2023.05.01 16:15;4;14,375;14,6875;14,75;360;202;0;
692;2023.05.01 16:30;4;14,375;14,75;14,75;360;202;0;
693;2023.05.01 16:45;4;14,375;14,75;14,75;360;202;0;
694;2023.05.01 17:00;4;14,4375;14,75;14,8125;361;202;0;
695;2023.05.01 17:15;4;14,5;14,8125;14,875;361;202;0;
696;2023.05.01 17:30;4;14,5;14,875;14,875;361;202;0;
697;2023.05.01 17:45;4;14,5;14,875;14,875;361;202;0;
698;2023.05.01 18:00;4;14,5;14,875;14,875;361;202;0;
699;2023.05.01 18:15;4;14,5;14,875;14,875;361;202;0;
700;2023.05.01 18:30;4;14,5;14,875;14,875;361;202;0;
701;2023.05.01 18:45;4;14,5;14,875;14,875;361;202;0;
702;2023.05.01 19:00;4;14,5625;14,9375;14,875;361;202;0;
703;2023.05.01 19:15;4;14,5625;14,9375;14,875;361;202;0;
704;2023.05.01 19:30;4;14,5;14,9375;14,8125;361;202;0;
705;2023.05.01 19:45;4;14,5;14,875;14,75;361;202;0;
706;2023.05.01 20:00;4;14,5;14,875;14,75;361;202;0;
707;2023.05.01 20:15;4;14,5;14,875;14,6875;361;202;0;
708;2023.05.01 20:30;4;14,375;14,875;14,625;361;202;0;
709;2023.05.01 20:45;4;14,375;14,75;14,5;360;202;0;
710;2023.05.01 21:00;4;14,25;14,75;14,375;360;202;0;
711;2023.05.01 21:15;4;14,1875;14,625;14,25;360;202;0;
712;2023.05.01 21:30;4;14,125;14,625;14,1875;360;202;0;
713;2023.05.01 21:45;4;14,125;14,5;14,125;359;202;0;
714;2023.05.01 22:00;4;14,0625;14,5;14,125;359;202;0;
715;2023.05.01 22:15;4;14;14,5;14,125;359;202;0;
716;2023.05.01 22:30;4;14;14,4375;14,125;359;202;0;
717;2023.05.01 22:45;4;14;14,375;14;359;202;0;
718;2023.05.01 23:00;4;13,9375;14,375;14;359;202;0;
719;2023.05.01 23:15;4;13,875;14,375;14;358;202;0;
720;2023.05.01 23:30;4;13,8125;14,25;13,875;358;202;0;
721;2023.05.01 23:45;4;13,75;14,25;13,8125;358;202;0;
722;2023.05.02 00:00;4;13,6875;14,125;13,75;358;202;0;
723;2023.05.02 00:15;4;13,625;14,125;13,625;358;202;0;
724;2023.05.02 00:30;4;13,5625;14;13,5625;357;202;0;
725;2023.05.02 00:45;4;13,5;14;13,5;362;202;0;
726;2023.05.02 01:00;4;13,375;13,875;13,375;362;202;0;
727;2023.05.02 01:15;4;13,3125;13,8125;13,25;361;202;0;
728;2023.05.02 01:30;4;13,25;13,75;13,1875;361;202;0;
729;2023.05.02 01:45;4;13,125;13,625;13,125;361;202;0;
730;2023.05.02 02:00;4;13,0625;13,5625;13;360;202;0;
731;2023.05.02 02:15;4;13;13,5;12,9375;360;202;0;
732;2023.05.02 02:30;4;12,875;13,375;12,875;360;202;0;
733;2023.05.02 02:45;4;12,875;13,375;12,875;359;202;0;
734;2023.05.02 03:00;4;12,8125;13,25;12,875;359;202;0;
735;2023.05.02 03:15;4;12,8125;13,25;12,9375;359;202;0;
736;2023.05.02 03:30;4;12,75;13,25;13;359;202;0;
737;2023.05.02 03:45;4;12,75;13,25;13;359;202;0;
738;2023.05.02 04:00;4;12,75;13,1875;12,9375;359;202;0;
739;2023.05.02 04:15;4;12,6875;13,125;12,8125;359;202;0;
740;2023.05.02 04:30;4;12,625;13,125;12,75;358;202;0;
741;2023.05.02 04:45;4;12,5625;13,0625;12,625;358;202;0;
742;2023.05.02 05:00;4;12,5;13;12,625;358;202;0;
743;2023.05.02 05:15;4;12,5;13;12,625;358;202;0;
744;2023.05.02 05:30;4;12,5;12,9375;12,625;358;202;0;
745;2023.05.02 05:45;4;12,5;12,9375;12,625;358;202;0;
746;2023.05.02 06:00;4;12,5;12,9375;12,6875;358;202;0;
747;2023.05.02 06:15;4;12,5;12,9375;12,75;358;202;0;
748;2023.05.02 06:30;4;12,5;12,9375;12,75;358;202;0;
749;2023.05.02 06:45;4;12,5;12,9375;12,75;358;202;0;
750;2023.05.02 07:00;4;12,5625;13;12,75;358;202;0;
751;2023.05.02 07:15;4;12,5625;13;12,8125;358;202;0;
752;2023.05.02 07:30;4;12,5625;13;12,875;358;202;0;
753;2023.05.02 07:45;4;12,625;13;12,875;358;202;0;
754;2023.05.02 08:00;4;12,625;13;12,875;358;202;0;
755;2023.05.02 08:15;4;12,625;13;12,875;358;202;0;
756;2023.05.02 08:30;4;12,625;13;12,875;358;202;0;
757;2023.05.02 08:45;4;12,625;13;12,9375;358;202;0;
758;2023.05.02 09:00;4;12,625;13;13;358;202;0;
759;2023.05.02 09:15;4;12,6875;13,0625;13;358;202;0;
760;2023.05.02 09:30;4;12,6875;13,125;13,0625;358;202;0;
761;2023.05.02 09:45;4;12,75;13,125;13,125;359;202;0;
762;2023.05.02 10:00;4;12,75;13,125;13,125;359;202;0;
763;2023.05.02 10:15;4;12,75;13,1875;13,25;359;202;0;
764;2023.05.02 10:30;4;12,875;13,25;13,25;359;202;0;
765;2023.05.02 10:45;4;12,875;13,25;13,375;359;202;0;
766;2023.05.02 11:00;4;12,875;13,3125;13,375;359;202;0;
767;2023.05.02 11:15;4;13;13,375;13,5;360;202;0;
768;2023.05.02 11:30;4;13;13,375;13,5625;360;202;0;
769;2023.05.02 11:45;4;13,0625;13,4375;13,625;360;202;0;
770;2023.05.02 12:00;4;13,125;13,5;13,6875;360;202;0;
771;2023.05.02 12:15;4;13,125;13,5625;13,75;360;202;0;
772;2023.05.02 12:30;4;13,25;13,625;13,8125;361;202;0;
773;2023.05.02 12:45;4;13,25;13,625;13,875;361;202;0;
774;2023.05.02 13:00;4;13,3125;13,75;13,875;361;202;0;
775;2023.05.02 13:15;4;13,375;13,75;13,875;361;202;0;
776;2023.05.02 13:30;4;13,375;13,75;13,9375;361;202;0;
777;2023.05.02 13:45;4;13,4375;13,875;14;362;202;0;
778;2023.05.02 14:00;4;13,5;13,875;14;362;202;0;
779;2023.05.02 14:15;4;13,5;13,875;14,125;362;202;0;
780;2023.05.02 14:30;4;13,5625;14;14,125;362;202;0;
781;2023.05.02 14:45;4;13,625;14;14,1875;362;202;0;
782;2023.05.02 15:00;4;13,625;14,0625;14,25;363;202;0;
783;2023.05.02 15:15;4;13,6875;14,125;14,25;363;202;0;
784;2023.05.02 15:30;4;13,75;14,125;14,25;363;202;0;
785;2023.05.02 15:45;4;13,75;14,125;14,25;363;202;0;
786;2023.05.02 16:00;4;13,75;14,1875;14,25;363;202;0;
787;2023.05.02 16:15;4;13,8125;14,25;14,3125;363;202;0;
788;2023.05.02 16:30;4;13,875;14,25;14,375;364;202;0;
789;2023.05.02 16:45;4;13,875;14,25;14,375;364;202;0;
790;2023.05.02 17:00;4;13,875;14,3125;14,375;364;202;0;
791;2023.05.02 17:15;4;13,875;14,3125;14,375;364;202;0;
792;2023.05.02 17:30;4;13,875;14,375;14,375;364;202;0;
793;2023.05.02 17:45;4;13,9375;14,375;14,375;364;202;0;
794;2023.05.02 18:00;4;13,9375;14,375;14,375;364;202;0;
795;2023.05.02 18:15;4;13,9375;14,375;14,3125;364;202;0;
796;2023.05.02 18:30;4;13,9375;14,375;14,3125;364;202;0;
797;2023.05.02 18:45;4;13,9375;14,375;14,25;364;202;0;
798;2023.05.02 19:00;4;13,9375;14,375;14,25;364;202;0;
799;2023.05.02 19:15;4;13,9375;14,375;14,25;364;202;0;
800;2023.05.02 19:30;4;13,875;14,3125;14,125;364;202;0;
801;2023.05.02 19:45;4;13,875;14,3125;14,125;364;202;0;
802;2023.05.02 20:00;4;13,8125;14,25;14;364;202;0;
803;2023.05.02 20:15;4;13,75;14,25;14;363;202;0;
804;2023.05.02 20:30;4;13,6875;14,125;13,8125;363;202;0;
805;2023.05.02 20:45;4;13,625;14,125;13,6875;363;202;0;
806;2023.05.02 21:00;4;13,5;14;13,625;362;202;0;
807;2023.05.02 21:15;4;13,5;14;13,5625;362;202;0;
808;2023.05.02 21:30;4;13,4375;13,875;13,5;362;202;0;
809;2023.05.02 21:45;4;13,375;13,875;13,5;362;202;0;
810;2023.05.02 22:00;4;13,375;13,8125;13,375;362;202;0;
811;2023.05.02 22:15;4;13,25;13,75;13,375;361;202;0;
812;2023.05.02 22:30;4;13,25;13,6875;13,25;361;202;0;
813;2023.05.02 22:45;4;13,1875;13,625;13,25;361;202;0;
814;2023.05.02 23:00;4;13,125;13,625;13,125;361;202;0;
815;2023.05.02 23:15;4;13,0625;13,5;13;360;202;0;
816;2023.05.02 23:30;4;13;13,4375;12,875;360;202;0;
817;2023.05.02 23:45;4;12,875;13,375;12,75;359;202;0;
818;2023.05.03 00:00;4;12,75;13,25;12,6875;359;202;0;
819;2023.05.03 00:15;4;12,75;13,1875;12,625;359;202;0;
820;2023.05.03 00:30;4;12,625;13,125;12,625;358;202;0;
821;2023.05.03 00:45;4;12,6875;13,125;12,625;360;202;0;
822;2023.05.03 01:00;4;12,6875;13,125;12,75;359;202;0;
823;2023.05.03 01:15;4;12,6875;13,125;12,75;359;202;0;
824;2023.05.03 01:30;4;12,625;13,125;12,75;359;202;0;
825;2023.05.03 01:45;4;12,625;13,125;12,75;359;202;0;
826;2023.05.03 02:00;4;12,625;13,0625;12,6875;359;202;0;
827;2023.05.03 02:15;4;12,5625;13,0625;12,625;359;202;0;
828;2023.05.03 02:30;4;12,5;13;12,5;359;202;0;
829;2023.05.03 02:45;4;12,5;13;12,5;359;202;0;
830;2023.05.03 03:00;4;12,4375;12,9375;12,4375;358;202;0;
831;2023.05.03 03:15;4;12,375;12,875;12,375;358;202;0;
832;2023.05.03 03:30;4;12,3125;12,875;12,3125;358;202;0;
833;2023.05.03 03:45;4;12,25;12,75;12,25;358;202;0;
834;2023.05.03 04:00;4;12,125;12,75;12,125;357;202;0;
835;2023.05.03 04:15;4;12,125;12,625;12,125;357;202;0;
836;2023.05.03 04:30;4;12;12,625;12;357;202;0;
837;2023.05.03 04:45;4;11,875;12,5;11,875;356;202;0;
838;2023.05.03 05:00;4;11,75;12,4375;11,75;356;202;0;
839;2023.05.03 05:15;4;11,625;12,375;11,625;356;202;0;
840;2023.05.03 05:30;4;11,5625;12,25;11,5;355;202;0;
841;2023.05.03 05:45;4;11,5;12,125;11,4375;355;202;0;
842;2023.05.03 06:00;4;11,4375;12,0625;11,375;354;202;0;
843;2023.05.03 06:15;4;11,375;12;11,375;354;202;0;
844;2023.05.03 06:30;4;11,375;11,9375;11,4375;354;202;0;
845;2023.05.03 06:45;4;11,375;11,875;11,5;354;202;0;
846;2023.05.03 07:00;4;11,375;11,875;11,5;354;202;0;
847;2023.05.03 07:15;4;11,375;11,8125;11,5;354;202;0;
848;2023.05.03 07:30;4;11,375;11,8125;11,5;354;202;0;
849;2023.05.03 07:45;4;11,375;11,8125;11,5625;354;202;0;
850;2023.05.03 08:00;4;11,375;11,8125;11,625;354;202;0;
851;2023.05.03 08:15;4;11,375;11,8125;11,625;354;202;0;
852;2023.05.03 08:30;4;11,4375;11,8125;11,75;354;202;0;
853;2023.05.03 08:45;4;11,5;11,8125;11,75;354;202;0;
854;2023.05.03 09:00;4;11,5;11,875;11,875;354;202;0;
855;2023.05.03 09:15;4;11,5625;11,875;12;354;202;0;
856;2023.05.03 09:30;4;11,625;11,9375;12,0625;354;202;0;
857;2023.05.03 09:45;4;11,6875;12;12,125;354;202;0;
858;2023.05.03 10:00;4;11,75;12;12,25;355;202;0;
859;2023.05.03 10:15;4;11,875;12,125;12,375;355;202;0;
860;2023.05.03 10:30;4;11,9375;12,1875;12,5;355;202;0;
861;2023.05.03 10:45;4;12;12,25;12,625;356;202;0;
862;2023.05.03 11:00;4;12,125;12,3125;12,75;356;202;0;
863;2023.05.03 11:15;4;12,1875;12,375;12,8125;356;202;0;
864;2023.05.03 11:30;4;12,25;12,5;12,875;357;202;0;
865;2023.05.03 11:45;4;12,375;12,5625;13;357;202;0;
866;2023.05.03 12:00;4;12,4375;12,625;13,0625;358;202;0;
867;2023.05.03 12:15;4;12,5;12,75;13,125;358;202;0;
868;2023.05.03 12:30;4;12,625;12,875;13,25;358;202;0;
869;2023.05.03 12:45;4;12,6875;12,875;13,3125;359;202;0;
870;2023.05.03 13:00;4;12,75;13;13,375;359;202;0;
871;2023.05.03 13:15;4;12,8125;13,0625;13,5;359;202;0;
872;2023.05.03 13:30;4;12,875;13,125;13,5;360;202;0;
873;2023.05.03 13:45;4;13;13,25;13,625;360;202;0;
874;2023.05.03 14:00;4;13,0625;13,3125;13,6875;360;202;0;
875;2023.05.03 14:15;4;13,125;13,375;13,75;361;202;0;
876;2023.05.03 14:30;4;13,1875;13,4375;13,8125;361;202;0;
877;2023.05.03 14:45;4;13,25;13,5;13,875;361;202;0;
878;2023.05.03 15:00;4;13,3125;13,625;13,9375;361;202;0;
879;2023.05.03 15:15;4;13,375;13,625;14;362;202;0;
880;2023.05.03 15:30;4;13,4375;13,75;14;362;202;0;
881;2023.05.03 15:45;4;13,5;13,75;14,125;362;202;0;
882;2023.05.03 16:00;4;13,5625;13,875;14,125;363;202;0;
883;2023.05.03 16:15;4;13,625;13,875;14,1875;363;202;0;
884;2023.05.03 16:30;4;13,625;14;14,25;363;202;0;
885;2023.05.03 16:45;4;13,6875;14;14,25;363;202;0;
886;2023.05.03 17:00;4;13,75;14,0625;14,25;364;202;0;
887;2023.05.03 17:15;4;13,75;14,125;14,25;364;202;0;
888;2023.05.03 17:30;4;13,75;14,125;14,25;364;202;0;
889;2023.05.03 17:45;4;13,8125;14,125;14,25;364;202;0;
890;2023.05.03 18:00;4;13,8125;14,1875;14,25;364;202;0;
891;2023.05.03 18:15;4;13,8125;14,1875;14,25;364;202;0;
892;2023.05.03 18:30;4;13,8125;14,25;14,1875;364;202;0;
893;2023.05.03 18:45;4;13,75;14,25;14,125;364;202;0;
894;2023.05.03 19:00;4;13,75;14,25;14,125;364;202;0;
895;2023.05.03 19:15;4;13,75;14,25;14;364;202;0;
896;2023.05.03 19:30;4;13,6875;14,1875;13,9375;364;202;0;
897;2023.05.03 19:45;4;13,625;14,125;13,875;364;202;0;
898;2023.05.03 20:00;4;13,625;14,125;13,8125;364;202;0;
899;2023.05.03 20:15;4;13,625;14,125;13,75;363;202;0;
900;2023.05.03 20:30;4;13,5;14,0625;13,75;363;202;0;
901;2023.05.03 20:45;4;13,5;14;13,625;363;202;0;
902;2023.05.03 21:00;4;13,4375;14;13,625;363;202;0;
903;2023.05.03 21:15;4;13,375;13,875;13,5;363;202;0;
904;2023.05.03 21:30;4;13,375;13,875;13,5;362;202;0;
905;2023.05.03 21:45;4;13,25;13,8125;13,375;362;202;0;
906;2023.05.03 22:00;4;13,25;13,75;13,375;362;202;0;
907;2023.05.03 22:15;4;13,1875;13,75;13,25;362;202;0;
908;2023.05.03 22:30;4;13,125;13,6875;13,25;362;202;0;
909;2023.05.03 22:45;4;13,125;13,625;13,1875;361;202;0;
910;2023.05.03 23:00;4;13;13,5625;13,125;361;202;0;
911;2023.05.03 23:15;4;12,9375;13,5;13;361;202;0;
912;2023.05.03 23:30;4;12,875;13,5;12,9375;360;202;0;
913;2023.05.03 23:45;4;12,75;13,375;12,8125;360;202;0;
914;2023.05.04 00:00;4;12,625;13,3125;12,6875;360;202;0;
915;2023.05.04 00:15;4;12,5;13,25;12,5625;359;202;0;
916;2023.05.04 00:30;4;12,375;13,125;12,5;359;202;0;
917;2023.05.04 00:45;4;12,375;13;12,5;367;202;0;
918;2023.05.04 01:00;4;12,5;13;12,5625;357;202;0;
919;2023.05.04 01:15;4;12,5;13;12,5625;352;202;0;
920;2023.05.04 01:30;4;12,375;12,9375;12,375;352;202;0;
921;2023.05.04 01:45;4;12,25;12,875;12,125;351;202;0;
922;2023.05.04 02:00;4;12,25;12,75;12;351;202;0;
923;2023.05.04 02:15;4;12,125;12,6875;11,75;351;202;0;
924;2023.05.04 02:30;4;12,0625;12,625;11,625;350;202;0;
925;2023.05.04 02:45;4;11,9375;12,5;11,5;344;202;0;
926;2023.05.04 03:00;4;11;12,1875;11,375;342;202;0;
927;2023.05.04 03:15;4;10,125;11,875;11,375;340;202;0;
928;2023.05.04 03:30;4;9,5;11,5;11,125;337;202;0;
929;2023.05.04 03:45;4;9,0625;11,1875;11,0625;333;202;0;
930;2023.05.04 04:00;4;9,75;11,125;11,25;334;202;0;
931;2023.05.04 04:15;4;10,125;11,25;11,375;335;202;0;
932;2023.05.04 04:30;4;10,4375;11,3125;11,5;336;202;0;
933;2023.05.04 04:45;4;10,375;11,3125;11,375;335;202;0;
934;2023.05.04 05:00;4;10,375;11,25;11;335;202;0;
935;2023.05.04 05:15;4;10,375;11,25;10,75;335;202;0;
936;2023.05.04 05:30;4;10,375;11,1875;10,625;335;202;0;
937;2023.05.04 05:45;4;10,5;11,125;10,625;335;202;0;
938;2023.05.04 06:00;4;10,75;11,25;11;340;202;0;
939;2023.05.04 06:15;4;10,8125;11,25;11,25;340;202;0;
940;2023.05.04 06:30;4;10,8125;11,375;11,375;340;202;0;
941;2023.05.04 06:45;4;10,875;11,375;11,625;347;202;0;
942;2023.05.04 07:00;4;11;11,5;11,875;348;202;0;
943;2023.05.04 07:15;4;11,125;11,5;11,9375;348;202;0;
944;2023.05.04 07:30;4;11,1875;11,625;12;348;202;0;
945;2023.05.04 07:45;4;11,25;11,625;12,0625;348;202;0;
946;2023.05.04 08:00;4;11,375;11,75;12,125;349;202;0;
947;2023.05.04 08:15;4;11,5;11,8125;12,125;347;202;0;
948;2023.05.04 08:30;4;11,5;11,875;12;347;202;0;
949;2023.05.04 08:45;4;11,5;11,875;11,9375;338;202;0;
950;2023.05.04 09:00;4;11,625;11,875;12;347;202;0;
951;2023.05.04 09:15;4;11,6875;12;12,0625;347;202;0;
952;2023.05.04 09:30;4;11,8125;12,0625;12,125;348;202;0;
953;2023.05.04 09:45;4;12;12,1875;12,3125;348;202;0;
954;2023.05.04 10:00;4;12,125;12,3125;12,4375;349;202;0;
955;2023.05.04 10:15;4;12,1875;12,4375;12,5;349;202;0;
956;2023.05.04 10:30;4;12,25;12,5;12,5625;350;202;0;
957;2023.05.04 10:45;4;12,4375;12,625;12,75;351;202;0;
958;2023.05.04 11:00;4;13,375;13,125;13,75;353;202;0;
959;2023.05.04 11:15;4;14,0625;13,6875;14,875;355;202;0;
960;2023.05.04 11:30;4;14,625;14,25;15,5625;357;202;0;
961;2023.05.04 11:45;4;15;14,75;16,0625;360;202;0;
962;2023.05.04 12:00;4;15,4375;15,1875;16,5;361;202;0;
963;2023.05.04 12:15;4;15,75;15,625;16,8125;363;202;0;
964;2023.05.04 12:30;4;16,0625;15,9375;17,0625;364;202;0;
965;2023.05.04 12:45;4;16,375;16,25;17,25;367;202;0;
966;2023.05.04 13:00;4;16,625;16,5;17,5;368;202;0;
967;2023.05.04 13:15;4;16,8125;16,75;17,625;369;202;0;
968;2023.05.04 13:30;4;17;17;17,875;370;202;0;
969;2023.05.04 13:45;4;17,25;17,25;18;371;202;0;
970;2023.05.04 14:00;4;17,375;17,4375;18,125;372;202;0;
971;2023.05.04 14:15;4;17,5625;17,625;18,25;372;202;0;
972;2023.05.04 14:30;4;17,75;17,8125;18,375;373;202;0;
973;2023.05.04 14:45;4;17,875;18;18,5;374;202;0;
974;2023.05.04 15:00;4;18,0625;18,125;18,625;375;202;0;
975;2023.05.04 15:15;4;18,1875;18,25;18,75;375;202;0;
976;2023.05.04 15:30;4;18,3125;18,4375;18,875;376;202;0;
977;2023.05.04 15:45;4;18,4375;18,5625;19;376;202;0;
978;2023.05.04 16:00;4;18,5625;18,6875;19,125;377;202;0;
979;2023.05.04 16:15;4;18,625;18,8125;19,1875;377;202;0;
980;2023.05.04 16:30;4;18,75;18,9375;19,25;378;202;0;
981;2023.05.04 16:45;4;18,875;19;19,375;378;202;0;
982;2023.05.04 17:00;4;18,9375;19,125;19,4375;379;202;0;
983;2023.05.04 17:15;4;19;19,25;19,5;379;202;0;
984;2023.05.04 17:30;4;19,0625;19,25;19,5;379;202;0;
985;2023.05.04 17:45;4;19,125;19,375;19,625;380;202;0;
986;2023.05.04 18:00;4;19,1875;19,4375;19,625;380;202;0;
987;2023.05.04 18:15;4;19,25;19,5;19,6875;380;202;0;
988;2023.05.04 18:30;4;19,25;19,5625;19,75;380;202;0;
989;2023.05.04 18:45;4;19,375;19,625;19,75;381;202;0;
990;2023.05.04 19:00;4;19,375;19,625;19,75;381;202;0;
991;2023.05.04 19:15;4;19,375;19,6875;19,8125;381;202;0;
992;2023.05.04 19:30;4;19,5;19,75;19,875;381;202;0;
993;2023.05.04 19:45;4;19,5;19,75;19,875;381;202;0;
994;2023.05.04 20:00;4;19,5;19,8125;19,875;381;202;0;
995;2023.05.04 20:15;4;19,5625;19,875;19,9375;382;202;0;
996;2023.05.04 20:30;4;19,625;19,875;20;382;202;0;
997;2023.05.04 20:45;4;19,625;19,9375;20;382;202;0;
998;2023.05.04 21:00;4;19,625;20;20;382;202;0;
999;2023.05.04 21:15;4;19,625;20;20;382;202;0;
1000;2023.05.04 21:30;4;19,6875;20;20;382;202;0;
1001;2023.05.04 21:45;4;19,75;20;20,0625;382;202;0;
1002;2023.05.04 22:00;4;19,75;20,0625;20,0625;382;202;0;
1003;2023.05.04 22:15;4;19,75;20,125;20,125;383;202;0;
1004;2023.05.04 22:30;4;19,75;20,125;20,125;383;202;0;
1005;2023.05.04 22:45;4;19,75;20,125;20,125;383;202;0;
1006;2023.05.04 23:00;4;19,8125;20,125;20,125;383;202;0;
1007;2023.05.04 23:15;4;19,8125;20,125;20,125;383;202;0;
1008;2023.05.04 23:30;4;19,875;20,1875;20,125;383;202;0;
1009;2023.05.04 23:45;4;19,875;20,1875;20,125;383;202;0;
1010;2023.05.05 00:00;4;19,875;20,25;20,1875;383;202;0;
1011;2023.05.05 00:15;4;19,875;20,25;20,1875;383;202;0;
1012;2023.05.05 00:30;4;19,875;20,25;20,1875;383;202;0;
1013;2023.05.05 00:45;4;19,875;20,25;20,25;383;202;0;
1014;2023.05.05 01:00;4;19,875;20,25;20,25;383;202;0;
1015;2023.05.05 01:15;4;19,875;20,25;20,25;383;202;0;
1016;2023.05.05 01:30;4;19,9375;20,25;20,25;383;202;0;
1017;2023.05.05 01:45;4;19,9375;20,25;20,25;383;202;0;
1018;2023.05.05 02:00;4;19,9375;20,3125;20,25;383;202;0;
1019;2023.05.05 02:15;4;20;20,3125;20,25;383;202;0;
1020;2023.05.05 02:30;4;20;20,375;20,25;383;202;0;
1021;2023.05.05 02:45;4;20;20,375;20,25;383;202;0;
1022;2023.05.05 03:00;4;20;20,375;20,25;384;202;0;
1023;2023.05.05 03:15;4;20;20,375;20,25;384;202;0;
1024;2023.05.05 03:30;4;20;20,375;20,25;384;202;0;
1025;2023.05.05 03:45;4;20;20,375;20,25;384;202;0;
1026;2023.05.05 04:00;4;20;20,375;20,25;384;202;0;
1027;2023.05.05 04:15;4;20;20,375;20,25;384;202;0;
1028;2023.05.05 04:30;4;20;20,375;20,25;384;202;0;
1029;2023.05.05 04:45;4;20;20,375;20,3125;384;202;0;
1030;2023.05.05 05:00;4;20;20,375;20,3125;384;202;0;
1031;2023.05.05 05:15;4;20;20,375;20,3125;384;202;0;
1032;2023.05.05 05:30;4;20;20,375;20,3125;384;202;0;
1033;2023.05.05 05:45;4;20;20,375;20,3125;384;202;0;
1034;2023.05.05 06:00;4;20;20,375;20,25;384;202;0;
1035;2023.05.05 06:15;4;20;20,375;20,25;384;202;0;
1036;2023.05.05 06:30;4;19,9375;20,375;20,25;384;202;0;
1037;2023.05.05 06:45;4;19,9375;20,375;20,25;383;202;0;
1038;2023.05.05 07:00;4;19,875;20,375;20,1875;383;202;0;
1039;2023.05.05 07:15;4;19,875;20,3125;20,1875;383;202;0;
1040;2023.05.05 07:30;4;19,875;20,3125;20,125;383;202;0;
1041;2023.05.05 07:45;4;19,875;20,25;20,125;383;202;0;
1042;2023.05.05 08:00;4;19,875;20,25;20,125;383;202;0;
1043;2023.05.05 08:15;4;19,8125;20,25;20,125;383;202;0;
1044;2023.05.05 08:30;4;19,8125;20,25;20,125;383;202;0;
1045;2023.05.05 08:45;4;19,8125;20,25;20,125;383;202;0;
1046;2023.05.05 09:00;4;20;20,3125;20,25;383;202;0;
1047;2023.05.05 09:15;4;20,25;20,4375;20,5;384;202;0;
1048;2023.05.05 09:30;4;20,5;20,625;20,75;385;202;0;
1049;2023.05.05 09:45;4;20,6875;20,75;21,0625;386;202;0;
1050;2023.05.05 10:00;4;20,875;21;21,3125;387;202;0;
1051;2023.05.05 10:15;4;21,0625;21,1875;21,5;388;202;0;
1052;2023.05.05 10:30;4;21,25;21,375;21,75;389;202;0;
1053;2023.05.05 10:45;4;21,4375;21,5625;21,9375;389;202;0;
1054;2023.05.05 11:00;4;21,625;21,75;22,125;390;202;0;
1055;2023.05.05 11:15;4;21,75;21,875;22,3125;391;202;0;
1056;2023.05.05 11:30;4;22;22,125;22,5;392;202;0;
1057;2023.05.05 11:45;4;22,125;22,25;22,625;392;202;0;
1058;2023.05.05 12:00;4;22,25;22,375;22,75;393;202;0;
1059;2023.05.05 12:15;4;22,375;22,5;22,9375;394;202;0;
1060;2023.05.05 12:30;4;22,375;22,625;22,9375;394;202;0;
1061;2023.05.05 12:45;4;22,375;22,6875;23;394;202;0;
1062;2023.05.05 13:00;4;22,5;22,75;23,0625;394;202;0;
1063;2023.05.05 13:15;4;22,625;22,875;23,125;395;202;0;
1064;2023.05.05 13:30;4;22,5;22,875;23;395;202;0;
1065;2023.05.05 13:45;4;22,625;22,9375;23,0625;395;202;0;
1066;2023.05.05 14:00;4;23;23,125;23,125;395;202;0;
1067;2023.05.05 14:15;4;22,3125;23;22,5;393;202;0;
1068;2023.05.05 14:30;4;21,9375;22,6875;22,0625;392;202;0;
1069;2023.05.05 14:45;4;21,75;22,5;21,75;391;202;0;
1070;2023.05.05 15:00;4;21,5;22,25;21,625;390;202;0;
1071;2023.05.05 15:15;4;21,375;22,0625;21,5;389;202;0;
1072;2023.05.05 15:30;4;21,25;21,9375;21,375;389;202;0;
1073;2023.05.05 15:45;4;21,1875;21,8125;21,3125;388;202;0;
1074;2023.05.05 16:00;4;21,125;21,6875;21,25;388;202;0;
1075;2023.05.05 16:15;4;21;21,625;21,25;388;202;0;
1076;2023.05.05 16:30;4;21;21,5;21,125;387;202;0;
1077;2023.05.05 16:45;4;20,875;21,4375;21,125;387;202;0;
1078;2023.05.05 17:00;4;20,875;21,375;21;387;202;0;
1079;2023.05.05 17:15;4;20,75;21,3125;21;386;202;0;
1080;2023.05.05 17:30;4;20,75;21,25;20,875;386;202;0;
1081;2023.05.05 17:45;4;20,6875;21,1875;20,875;386;202;0;
1082;2023.05.05 18:00;4;20,625;21,125;20,8125;386;202;0;
1083;2023.05.05 18:15;4;20,625;21,125;20,75;385;202;0;
1084;2023.05.05 18:30;4;20,5;21;20,75;385;202;0;
1085;2023.05.05 18:45;4;20,5;21;20,6875;385;202;0;
1086;2023.05.05 19:00;4;20,4375;20,9375;20,625;385;202;0;
1087;2023.05.05 19:15;4;20,375;20,875;20,625;385;202;0;
1088;2023.05.05 19:30;4;20,375;20,875;20,625;384;202;0;
1089;2023.05.05 19:45;4;20,375;20,8125;20,5625;384;202;0;
1090;2023.05.05 20:00;4;20,3125;20,75;20,5;384;202;0;
1091;2023.05.05 20:15;4;20,25;20,75;20,5;384;202;0;
1092;2023.05.05 20:30;4;20,25;20,6875;20,4375;384;202;0;
1093;2023.05.05 20:45;4;20,1875;20,625;20,375;384;202;0;
1094;2023.05.05 21:00;4;20,125;20,625;20,375;383;202;0;
1095;2023.05.05 21:15;4;20,125;20,625;20,375;383;202;0;
1096;2023.05.05 21:30;4;20,125;20,5625;20,3125;383;202;0;
1097;2023.05.05 21:45;4;20,0625;20,5;20,25;383;202;0;
1098;2023.05.05 22:00;4;20;20,5;20,25;383;202;0;
1099;2023.05.05 22:15;4;20;20,4375;20,25;383;202;0;
1100;2023.05.05 22:30;4;20;20,375;20,1875;383;202;0;
1101;2023.05.05 22:45;4;19,9375;20,375;20,125;382;202;0;
1102;2023.05.05 23:00;4;19,875;20,375;20,125;382;202;0;
1103;2023.05.05 23:15;4;19,875;20,375;20,125;382;202;0;
1104;2023.05.05 23:30;4;19,875;20,3125;20,0625;382;202;0;
1105;2023.05.05 23:45;4;19,875;20,25;20,0625;382;202;0;
1106;2023.05.06 00:00;4;19,8125;20,25;20;382;202;0;
1107;2023.05.06 00:15;4;19,75;20,25;20;382;202;0;
1108;2023.05.06 00:30;4;19,75;20,1875;20;382;202;0;
1109;2023.05.06 00:45;4;19,75;20,1875;20;381;202;0;
1110;2023.05.06 01:00;4;19,75;20,125;19,9375;381;202;0;
1111;2023.05.06 01:15;4;19,6875;20,125;19,875;381;202;0;
1112;2023.05.06 01:30;4;19,6875;20,125;19,875;381;202;0;
1113;2023.05.06 01:45;4;19,625;20,125;19,875;381;202;0;
1114;2023.05.06 02:00;4;19,625;20,0625;19,875;381;202;0;
1115;2023.05.06 02:15;4;19,625;20,0625;19,875;381;202;0;
1116;2023.05.06 02:30;4;19,625;20;19,875;381;202;0;
1117;2023.05.06 02:45;4;19,625;20;19,8125;381;202;0;
1118;2023.05.06 03:00;4;19,5625;20;19,8125;381;202;0;
1119;2023.05.06 03:15;4;19,5;20;19,75;381;202;0;
1120;2023.05.06 03:30;4;19,5;20;19,75;381;202;0;
1121;2023.05.06 03:45;4;19,5;19,9375;19,75;380;202;0;
1122;2023.05.06 04:00;4;19,5;19,9375;19,75;380;202;0;
1123;2023.05.06 04:15;4;19,5;19,875;19,75;380;202;0;
1124;2023.05.06 04:30;4;19,5;19,875;19,75;380;202;0;
1125;2023.05.06 04:45;4;19,5;19,875;19,75;380;202;0;
1126;2023.05.06 05:00;4;19,4375;19,875;19,6875;380;202;0;
1127;2023.05.06 05:15;4;19,4375;19,875;19,6875;380;202;0;
1128;2023.05.06 05:30;4;19,375;19,875;19,625;380;202;0;
1129;2023.05.06 05:45;4;19,375;19,8125;19,625;380;202;0;
1130;2023.05.06 06:00;4;19,375;19,8125;19,625;380;202;0;
1131;2023.05.06 06:15;4;19,375;19,75;19,625;380;202;0;
1132;2023.05.06 06:30;4;19,375;19,75;19,625;380;202;0;
1133;2023.05.06 06:45;4;19,375;19,75;19,625;380;202;0;
1134;2023.05.06 07:00;4;19,375;19,75;19,625;380;202;0;
1135;2023.05.06 07:15;4;19,3125;19,75;19,625;380;202;0;
1136;2023.05.06 07:30;4;19,375;19,75;19,625;380;202;0;
1137;2023.05.06 07:45;4;19,375;19,75;19,625;380;202;0;
1138;2023.05.06 08:00;4;19,375;19,75;19,625;380;202;0;
1139;2023.05.06 08:15;4;19,375;19,75;19,625;380;202;0;
1140;2023.05.06 08:30;4;19,375;19,75;19,6875;380;202;0;
1141;2023.05.06 08:45;4;19,375;19,75;19,6875;380;202;0;
1142;2023.05.06 09:00;4;19,375;19,75;19,75;380;202;0;
1143;2023.05.06 09:15;4;19,375;19,75;19,75;380;202;0;
1144;2023.05.06 09:30;4;19,375;19,8125;19,75;380;202;0;
1145;2023.05.06 09:45;4;19,4375;19,8125;19,75;380;202;0;
1146;2023.05.06 10:00;4;19,4375;19,8125;19,75;380;202;0;
1147;2023.05.06 10:15;4;19,4375;19,875;19,75;380;202;0;
1148;2023.05.06 10:30;4;19,5;19,875;19,75;380;202;0;
1149;2023.05.06 10:45;4;19,5;19,875;19,75;380;202;0;
1150;2023.05.06 11:00;4;19,5;19,875;19,8125;380;202;0;
1151;2023.05.06 11:15;4;19,5;19,875;19,8125;380;202;0;
1152;2023.05.06 11:30;4;19,5;19,875;19,8125;380;202;0;
1153;2023.05.06 11:45;4;19,5;19,875;19,8125;380;202;0;
1154;2023.05.06 12:00;4;19,5;19,875;19,875;380;202;0;
1155;2023.05.06 12:15;4;19,5;19,875;19,875;380;202;0;
1156;2023.05.06 12:30;4;19,5;19,875;19,875;380;202;0;
1157;2023.05.06 12:45;4;19,5;19,9375;19,875;380;202;0;
1158;2023.05.06 13:00;4;19,5;19,9375;19,875;380;202;0;
1159;2023.05.06 13:15;4;19,5;19,9375;19,875;380;202;0;
1160;2023.05.06 13:30;4;19,5625;19,9375;19,875;381;202;0;
1161;2023.05.06 13:45;4;19,5625;20;19,875;381;202;0;
1162;2023.05.06 14:00;4;19,5625;20;19,875;381;202;0;
1163;2023.05.06 14:15;4;19,5625;20;19,875;381;202;0;
1164;2023.05.06 14:30;4;19,625;20;19,875;381;202;0;
1165;2023.05.06 14:45;4;19,625;20;19,875;381;202;0;
1166;2023.05.06 15:00;4;19,625;20;19,875;381;202;0;
1167;2023.05.06 15:15;4;19,625;20;19,9375;381;202;0;
1168;2023.05.06 15:30;4;19,625;20;19,9375;381;202;0;
1169;2023.05.06 15:45;4;19,625;20;19,9375;381;202;0;
1170;2023.05.06 16:00;4;19,625;20;20;381;202;0;
1171;2023.05.06 16:15;4;19,625;20;20;381;202;0;
1172;2023.05.06 16:30;4;19,625;20;20;381;202;0;
1173;2023.05.06 16:45;4;19,625;20;20;381;202;0;
1174;2023.05.06 17:00;4;19,625;20;20;381;202;0;
1175;2023.05.06 17:15;4;19,625;20,0625;20;381;202;0;
1176;2023.05.06 17:30;4;19,625;20,0625;20;381;202;0;
1177;2023.05.06 17:45;4;19,625;20,0625;20;381;202;0;
1178;2023.05.06 18:00;4;19,6875;20,0625;20;381;202;0;
1179;2023.05.06 18:15;4;19,6875;20,0625;20;381;202;0;
1180;2023.05.06 18:30;4;19,625;20,0625;20;381;202;0;
1181;2023.05.06 18:45;4;19,625;20,0625;20;381;202;0;
1182;2023.05.06 19:00;4;19,625;20,0625;20;381;202;0;
1183;2023.05.06 19:15;4;19,625;20,0625;20;381;202;0;
1184;2023.05.06 19:30;4;19,625;20,0625;20;381;202;0;
1185;2023.05.06 19:45;4;19,625;20,0625;20;381;202;0;
1186;2023.05.06 20:00;4;19,625;20,0625;19,9375;381;202;0;
1187;2023.05.06 20:15;4;19,625;20,0625;19,9375;381;202;0;
1188;2023.05.06 20:30;4;19,625;20;19,9375;381;202;0;
1189;2023.05.06 20:45;4;19,625;20;19,875;381;202;0;
1190;2023.05.06 21:00;4;19,625;20;19,875;381;202;0;
1191;2023.05.06 21:15;4;19,625;20;19,875;381;202;0;
1192;2023.05.06 21:30;4;19,5625;20;19,875;381;202;0;
1193;2023.05.06 21:45;4;19,5625;20;19,8125;381;202;0;
1194;2023.05.06 22:00;4;19,5;20;19,75;381;202;0;
1195;2023.05.06 22:15;4;19,5;19,9375;19,75;381;202;0;
1196;2023.05.06 22:30;4;19,5;19,9375;19,75;380;202;0;
1197;2023.05.06 22:45;4;19,5;19,875;19,75;380;202;0;
1198;2023.05.06 23:00;4;19,5;19,875;19,6875;380;202;0;
1199;2023.05.06 23:15;4;19,4375;19,875;19,6875;380;202;0;
1200;2023.05.06 23:30;4;19,4375;19,875;19,6875;380;202;0;
1201;2023.05.06 23:45;4;19,375;19,875;19,625;380;202;0;
1202;2023.05.07 00:00;4;19,375;19,8125;19,625;380;202;0;
1203;2023.05.07 00:15;4;19,375;19,8125;19,625;380;202;0;
1204;2023.05.07 00:30;4;19,375;19,8125;19,625;380;202;0;
1205;2023.05.07 00:45;4;19,375;19,75;19,625;380;202;0;
1206;2023.05.07 01:00;4;19,375;19,75;19,625;380;202;0;
1207;2023.05.07 01:15;4;19,375;19,75;19,5625;380;202;0;
1208;2023.05.07 01:30;4;19,3125;19,75;19,5625;380;202;0;
1209;2023.05.07 01:45;4;19,3125;19,75;19,5625;380;202;0;
1210;2023.05.07 02:00;4;19,3125;19,75;19,5625;380;202;0;
1211;2023.05.07 02:15;4;19,25;19,75;19,5;380;202;0;
1212;2023.05.07 02:30;4;19,25;19,6875;19,5;380;202;0;
1213;2023.05.07 02:45;4;19,25;19,6875;19,5;380;202;0;
1214;2023.05.07 03:00;4;19,25;19,6875;19,5;379;202;0;
1215;2023.05.07 03:15;4;19,25;19,6875;19,5;379;202;0;
1216;2023.05.07 03:30;4;19,25;19,625;19,5;379;202;0;
1217;2023.05.07 03:45;4;19,25;19,625;19,5;379;202;0;
1218;2023.05.07 04:00;4;19,25;19,625;19,5;379;202;0;
1219;2023.05.07 04:15;4;19,25;19,625;19,5;379;202;0;
1220;2023.05.07 04:30;4;19,25;19,625;19,5;379;202;0;
1221;2023.05.07 04:45;4;19,25;19,625;19,5;379;202;0;
1222;2023.05.07 05:00;4;19,1875;19,625;19,4375;379;202;0;
1223;2023.05.07 05:15;4;19,1875;19,625;19,4375;379;202;0;
1224;2023.05.07 05:30;4;19,1875;19,625;19,4375;379;202;0;
1225;2023.05.07 05:45;4;19,1875;19,625;19,4375;379;202;0;
1226;2023.05.07 06:00;4;19,125;19,5625;19,375;379;202;0;
1227;2023.05.07 06:15;4;19,125;19,5625;19,375;379;202;0;
1228;2023.05.07 06:30;4;19,125;19,5625;19,375;379;202;0;
1229;2023.05.07 06:45;4;19,125;19,5625;19,375;379;202;0;
1230;2023.05.07 07:00;4;19,125;19,5625;19,375;379;202;0;
1231;2023.05.07 07:15;4;19,125;19,5625;19,375;379;202;0;
1232;2023.05.07 07:30;4;19,125;19,5;19,375;379;202;0;
1233;2023.05.07 07:45;4;19,125;19,5;19,375;379;202;0;
1234;2023.05.07 08:00;4;19,125;19,5;19,375;379;202;0;
1235;2023.05.07 08:15;4;19,125;19,5625;19,4375;379;202;0;
1236;2023.05.07 08:30;4;19,125;19,5625;19,4375;379;202;0;
1237;2023.05.07 08:45;4;19,1875;19,5625;19,5;379;202;0;
1238;2023.05.07 09:00;4;19,1875;19,5625;19,5;379;202;0;
1239;2023.05.07 09:15;4;19,1875;19,5625;19,5;379;202;0;
1240;2023.05.07 09:30;4;19,1875;19,625;19,5;379;202;0;
1241;2023.05.07 09:45;4;19,25;19,625;19,5;379;202;0;
1242;2023.05.07 10:00;4;19,25;19,625;19,5;379;202;0;
1243;2023.05.07 10:15;4;19,25;19,625;19,5;379;202;0;
1244;2023.05.07 10:30;4;19,25;19,625;19,5;379;202;0;
1245;2023.05.07 10:45;4;19,25;19,625;19,5625;379;202;0;
1246;2023.05.07 11:00;4;19,25;19,625;19,5625;379;202;0;
1247;2023.05.07 11:15;4;19,25;19,625;19,5625;379;202;0;
1248;2023.05.07 11:30;4;19,25;19,625;19,625;379;202;0;
1249;2023.05.07 11:45;4;19,25;19,6875;19,625;379;202;0;
1250;2023.05.07 12:00;4;19,25;19,6875;19,625;380;202;0;
1251;2023.05.07 12:15;4;19,3125;19,6875;19,625;380;202;0;
1252;2023.05.07 12:30;4;19,3125;19,75;19,625;380;202;0;
1253;2023.05.07 12:45;4;19,375;19,75;19,625;380;202;0;
1254;2023.05.07 13:00;4;19,375;19,75;19,6875;380;202;0;
1255;2023.05.07 13:15;4;19,375;19,75;19,6875;380;202;0;
1256;2023.05.07 13:30;4;19,375;19,75;19,75;380;202;0;
1257;2023.05.07 13:45;4;19,375;19,75;19,75;380;202;0;
1258;2023.05.07 14:00;4;19,375;19,75;19,75;380;202;0;
1259;2023.05.07 14:15;4;19,4375;19,8125;19,75;380;202;0;
1260;2023.05.07 14:30;4;19,5;19,875;19,8125;380;202;0;
1261;2023.05.07 14:45;4;19,5;19,875;19,875;380;202;0;
1262;2023.05.07 15:00;4;19,5;19,875;19,875;380;202;0;
1263;2023.05.07 15:15;4;19,5625;19,875;19,875;381;202;0;
1264;2023.05.07 15:30;4;19,5625;19,9375;19,9375;381;202;0;
1265;2023.05.07 15:45;4;19,625;20;19,9375;381;202;0;
1266;2023.05.07 16:00;4;19,625;20;20;381;202;0;
1267;2023.05.07 16:15;4;19,625;20;20;381;202;0;
1268;2023.05.07 16:30;4;19,625;20;20;381;202;0;
1269;2023.05.07 16:45;4;19,6875;20,0625;20,0625;381;202;0;
1270;2023.05.07 17:00;4;19,6875;20,0625;20,0625;381;202;0;
1271;2023.05.07 17:15;4;19,75;20,125;20,0625;381;202;0;
1272;2023.05.07 17:30;4;19,75;20,125;20,0625;381;202;0;
1273;2023.05.07 17:45;4;19,75;20,125;20,0625;381;202;0;
1274;2023.05.07 18:00;4;19,75;20,125;20,0625;381;202;0;
1275;2023.05.07 18:15;4;19,75;20,125;20,0625;381;202;0;
1276;2023.05.07 18:30;4;19,75;20,125;20,125;381;202;0;
1277;2023.05.07 18:45;4;19,75;20,125;20,0625;382;202;0;
1278;2023.05.07 19:00;4;19,75;20,125;20,0625;382;202;0;
1279;2023.05.07 19:15;4;19,75;20,125;20,0625;382;202;0;
1280;2023.05.07 19:30;4;19,75;20,125;20,0625;382;202;0;
1281;2023.05.07 19:45;4;19,75;20,125;20,0625;382;202;0;
1282;2023.05.07 20:00;4;19,75;20,125;20;382;202;0;
1283;2023.05.07 20:15;4;19,75;20,125;20;382;202;0;
1284;2023.05.07 20:30;4;19,75;20,125;20;382;202;0;
1285;2023.05.07 20:45;4;19,75;20,125;20;381;202;0;
1286;2023.05.07 21:00;4;19,75;20,125;20;381;202;0;
1287;2023.05.07 21:15;4;19,6875;20,125;20;381;202;0;
1288;2023.05.07 21:30;4;19,6875;20,125;20;381;202;0;
1289;2023.05.07 21:45;4;19,6875;20,125;20;381;202;0;
1290;2023.05.07 22:00;4;19,625;20,0625;19,9375;381;202;0;
1291;2023.05.07 22:15;4;19,625;20,0625;19,9375;381;202;0;
1292;2023.05.07 22:30;4;19,625;20,0625;19,875;381;202;0;
1293;2023.05.07 22:45;4;19,625;20;19,875;381;202;0;
1294;2023.05.07 23:00;4;19,625;20;19,875;381;202;0;
1295;2023.05.07 23:15;4;19,625;20;19,875;381;202;0;
1296;2023.05.07 23:30;4;19,625;20;19,875;381;202;0;
1297;2023.05.07 23:45;4;19,5625;20;19,8125;381;202;0;
1298;2023.05.08 00:00;4;19,5625;20;19,8125;381;202;0;
1299;2023.05.08 00:15;4;19,5625;20;19,8125;381;202;0;
1300;2023.05.08 00:30;4;19,5;20;19,75;381;202;0;
1301;2023.05.08 00:45;4;19,5;19,9375;19,75;381;202;0;
1302;2023.05.08 01:00;4;19,5;19,9375;19,75;381;202;0;
1303;2023.05.08 01:15;4;19,5;19,9375;19,75;381;202;0;
1304;2023.05.08 01:30;4;19,5;19,875;19,75;381;202;0;
1305;2023.05.08 01:45;4;19,5;19,875;19,75;380;202;0;
1306;2023.05.08 02:00;4;19,5;19,875;19,6875;380;202;0;
1307;2023.05.08 02:15;4;19,4375;19,875;19,6875;380;202;0;
1308;2023.05.08 02:30;4;19,4375;19,875;19,625;380;202;0;
1309;2023.05.08 02:45;4;19,375;19,875;19,625;380;202;0;
1310;2023.05.08 03:00;4;19,375;19,8125;19,625;380;202;0;
1311;2023.05.08 03:15;4;19,375;19,8125;19,625;380;202;0;
1312;2023.05.08 03:30;4;19,375;19,75;19,625;380;202;0;
1313;2023.05.08 03:45;4;19,375;19,75;19,625;380;202;0;
1314;2023.05.08 04:00;4;19,375;19,75;19,625;380;202;0;
1315;2023.05.08 04:15;4;19,375;19,75;19,5625;380;202;0;
1316;2023.05.08 04:30;4;19,3125;19,75;19,5625;380;202;0;
1317;2023.05.08 04:45;4;19,3125;19,75;19,5;380;202;0;
1318;2023.05.08 05:00;4;19,25;19,75;19,5;380;202;0;
1319;2023.05.08 05:15;4;19,25;19,6875;19,5;380;202;0;
1320;2023.05.08 05:30;4;19,25;19,6875;19,5;380;202;0;
1321;2023.05.08 05:45;4;19,25;19,625;19,5;380;202;0;
1322;2023.05.08 06:00;4;19,25;19,625;19,5;380;202;0;
1323;2023.05.08 06:15;4;19,25;19,625;19,5;379;202;0;
1324;2023.05.08 06:30;4;19,25;19,625;19,4375;379;202;0;
1325;2023.05.08 06:45;4;19,25;19,625;19,5;379;202;0;
1326;2023.05.08 07:00;4;19,25;19,625;19,5;379;202;0;
1327;2023.05.08 07:15;4;19,25;19,625;19,5;379;202;0;
1328;2023.05.08 07:30;4;19,25;19,625;19,5;379;202;0;
1329;2023.05.08 07:45;4;19,25;19,625;19,5;379;202;0;
1330;2023.05.08 08:00;4;19,25;19,625;19,5;379;202;0;
1331;2023.05.08 08:15;4;19,25;19,625;19,5;379;202;0;
1332;2023.05.08 08:30;4;19,25;19,625;19,5;379;202;0;
1333;2023.05.08 08:45;4;19,25;19,625;19,5;379;202;0;
1334;2023.05.08 09:00;4;19,25;19,625;19,5625;379;202;0;
1335;2023.05.08 09:15;4;19,25;19,625;19,5;379;202;0;
1336;2023.05.08 09:30;4;19,25;19,625;19,5625;380;202;0;
1337;2023.05.08 09:45;4;19,25;19,625;19,5625;380;202;0;
1338;2023.05.08 10:00;4;19,25;19,625;19,5625;380;202;0;
1339;2023.05.08 10:15;4;19,25;19,625;19,625;380;202;0;
1340;2023.05.08 10:30;4;19,25;19,6875;19,625;380;202;0;
1341;2023.05.08 10:45;4;19,25;19,6875;19,625;380;202;0;
1342;2023.05.08 11:00;4;19,3125;19,6875;19,625;380;202;0;
1343;2023.05.08 11:15;4;19,3125;19,6875;19,625;380;202;0;
1344;2023.05.08 11:30;4;19,375;19,75;19,625;380;202;0;
1345;2023.05.08 11:45;4;19,375;19,75;19,625;380;202;0;
1346;2023.05.08 12:00;4;19,375;19,75;19,625;380;202;0;
1347;2023.05.08 12:15;4;19,375;19,75;19,6875;380;202;0;
1348;2023.05.08 12:30;4;19,375;19,75;19,6875;380;202;0;
1349;2023.05.08 12:45;4;19,375;19,75;19,6875;380;202;0;
1350;2023.05.08 13:00;4;19,375;19,75;19,75;380;202;0;
1351;2023.05.08 13:15;4;19,375;19,75;19,75;380;202;0;
1352;2023.05.08 13:30;4;19,4375;19,8125;19,75;380;202;0;
1353;2023.05.08 13:45;4;19,4375;19,8125;19,75;380;202;0;
1354;2023.05.08 14:00;4;19,4375;19,875;19,75;380;202;0;
1355;2023.05.08 14:15;4;19,5;19,875;19,75;380;202;0;
1356;2023.05.08 14:30;4;19,5;19,875;19,75;380;202;0;
1357;2023.05.08 14:45;4;19,5;19,875;19,8125;381;202;0;
1358;2023.05.08 15:00;4;19,5;19,875;19,8125;381;202;0;
1359;2023.05.08 15:15;4;19,5;19,875;19,8125;381;202;0;
1360;2023.05.08 15:30;4;19,5;19,875;19,875;381;202;0;
1361;2023.05.08 15:45;4;19,5;19,875;19,875;381;202;0;
1362;2023.05.08 16:00;4;19,5;19,875;19,875;381;202;0;
1363;2023.05.08 16:15;4;19,5;19,875;19,875;381;202;0;
1364;2023.05.08 16:30;4;19,5625;19,9375;19,875;381;202;0;
1365;2023.05.08 16:45;4;19,5625;19,9375;19,875;381;202;0;
1366;2023.05.08 17:00;4;19,5625;20;19,875;381;202;0;
1367;2023.05.08 17:15;4;19,5625;20;19,875;381;202;0;
1368;2023.05.08 17:30;4;19,625;20;19,875;381;202;0;
1369;2023.05.08 17:45;4;19,625;20;19,875;381;202;0;
1370;2023.05.08 18:00;4;19,625;20;19,875;381;202;0;
1371;2023.05.08 18:15;4;19,625;20;19,875;381;202;0;
1372;2023.05.08 18:30;4;19,625;20;19,875;381;202;0;
1373;2023.05.08 18:45;4;19,625;20;19,875;381;202;0;
1374;2023.05.08 19:00;4;19,625;20;19,875;381;202;0;
1375;2023.05.08 19:15;4;19,625;20;19,875;381;202;0;
1376;2023.05.08 19:30;4;19,625;20;19,875;381;202;0;
1377;2023.05.08 19:45;4;19,625;20;19,875;381;202;0;
1378;2023.05.08 20:00;4;19,625;20;19,875;381;202;0;
1379;2023.05.08 20:15;4;19,625;20;19,875;381;202;0;
1380;2023.05.08 20:30;4;19,625;20;19,875;381;202;0;
1381;2023.05.08 20:45;4;19,625;20;19,875;381;202;0;
1382;2023.05.08 21:00;4;19,625;20;19,875;381;202;0;
1383;2023.05.08 21:15;4;19,5625;20;19,875;381;202;0;
1384;2023.05.08 21:30;4;19,5625;20;19,875;381;202;0;
1385;2023.05.08 21:45;4;19,5625;20;19,875;381;202;0;
1386;2023.05.08 22:00;4;19,5625;20;19,8125;381;202;0;
1387;2023.05.08 22:15;4;19,5;20;19,8125;381;202;0;
1388;2023.05.08 22:30;4;19,5;19,9375;19,8125;381;202;0;
1389;2023.05.08 22:45;4;19,5;19,9375;19,75;381;202;0;
1390;2023.05.08 23:00;4;19,5;19,9375;19,75;381;202;0;
1391;2023.05.08 23:15;4;19,5;19,875;19,75;381;202;0;
1392;2023.05.08 23:30;4;19,5;19,875;19,75;381;202;0;
1393;2023.05.08 23:45;4;19,5;19,875;19,75;381;202;0;
1394;2023.05.09 00:00;4;19,5;19,875;19,75;381;202;0;
1395;2023.05.09 00:15;4;19,5;19,875;19,75;381;202;0;
1396;2023.05.09 00:30;4;19,5;19,875;19,75;381;202;0;
1397;2023.05.09 00:45;4;19,5;19,875;19,6875;381;202;0;
1398;2023.05.09 01:00;4;19,4375;19,875;19,6875;380;202;0;
1399;2023.05.09 01:15;4;19,4375;19,875;19,6875;380;202;0;
1400;2023.05.09 01:30;4;19,375;19,875;19,625;380;202;0;
1401;2023.05.09 01:45;4;19,375;19,8125;19,625;380;202;0;
1402;2023.05.09 02:00;4;19,375;19,8125;19,625;380;202;0;
1403;2023.05.09 02:15;4;19,375;19,75;19,625;380;202;0;
1404;2023.05.09 02:30;4;19,375;19,75;19,625;380;202;0;
1405;2023.05.09 02:45;4;19,375;19,75;19,625;380;202;0;
1406;2023.05.09 03:00;4;19,375;19,75;19,5625;380;202;0;
1407;2023.05.09 03:15;4;19,3125;19,75;19,5625;380;202;0;
1408;2023.05.09 03:30;4;19,3125;19,75;19,5625;380;202;0;
1409;2023.05.09 03:45;4;19,3125;19,75;19,5625;380;202;0;
1410;2023.05.09 04:00;4;19,25;19,75;19,5;380;202;0;
1411;2023.05.09 04:15;4;19,25;19,6875;19,5;380;202;0;
1412;2023.05.09 04:30;4;19,25;19,6875;19,5;380;202;0;
1413;2023.05.09 04:45;4;19,25;19,6875;19,5;380;202;0;
1414;2023.05.09 05:00;4;19,25;19,625;19,5;380;202;0;
1415;2023.05.09 05:15;4;19,25;19,625;19,5;380;202;0;
1416;2023.05.09 05:30;4;19,25;19,625;19,5;380;202;0;
1417;2023.05.09 05:45;4;19,25;19,625;19,5;380;202;0;
1418;2023.05.09 06:00;4;19,25;19,625;19,5;380;202;0;
1419;2023.05.09 06:15;4;19,25;19,625;19,5;380;202;0;
1420;2023.05.09 06:30;4;19,25;19,625;19,5625;380;202;0;
1421;2023.05.09 06:45;4;19,3125;19,6875;19,625;380;202;0;
1422;2023.05.09 07:00;4;19,375;19,75;19,6875;380;202;0;
1423;2023.05.09 07:15;4;19,375;19,75;19,75;380;202;0;
1424;2023.05.09 07:30;4;19,375;19,75;19,75;380;202;0;
1425;2023.05.09 07:45;4;19,4375;19,75;19,75;380;202;0;
1426;2023.05.09 08:00;4;19,4375;19,8125;19,75;380;202;0;
1427;2023.05.09 08:15;4;19,5;19,875;19,875;381;202;0;
1428;2023.05.09 08:30;4;19,5;19,875;19,875;381;202;0;
1429;2023.05.09 08:45;4;19,5;19,875;19,875;381;202;0;
1430;2023.05.09 09:00;4;19,625;19,9375;20;371;202;0;
1431;2023.05.09 09:15;4;19,625;20;20;371;202;0;
1432;2023.05.09 09:30;4;19,75;20;20,0625;371;202;0;
1433;2023.05.09 09:45;4;19,75;20,125;20,125;371;202;0;
1434;2023.05.09 10:00;4;19,8125;20,125;20,125;372;202;0;
1435;2023.05.09 10:15;4;19,875;20,125;20,1875;372;202;0;
1436;2023.05.09 10:30;4;19,875;20,1875;20,25;372;202;0;
1437;2023.05.09 10:45;4;19,875;20,25;20,25;372;202;0;
1438;2023.05.09 11:00;4;19,9375;20,25;20,25;372;202;0;
1439;2023.05.09 11:15;4;20;20,3125;20,3125;372;202;0;
1440;2023.05.09 11:30;4;20;20,375;20,375;373;202;0;
1441;2023.05.09 11:45;4;20,0625;20,375;20,375;373;202;0;
1442;2023.05.09 12:00;4;20,125;20,4375;20,4375;373;202;0;
1443;2023.05.09 12:15;4;20,125;20,5;20,5;373;202;0;
1444;2023.05.09 12:30;4;20,25;20,5;20,5625;373;202;0;
1445;2023.05.09 12:45;4;20,25;20,5625;20,625;374;202;0;
1446;2023.05.09 13:00;4;20,25;20,625;20,625;374;202;0;
1447;2023.05.09 13:15;4;20,3125;20,625;20,625;374;202;0;
1448;2023.05.09 13:30;4;20,375;20,6875;20,6875;374;202;0;
1449;2023.05.09 13:45;4;20,375;20,75;20,75;374;202;0;
1450;2023.05.09 14:00;4;20,4375;20,75;20,75;374;202;0;
1451;2023.05.09 14:15;4;20,5;20,75;20,75;375;202;0;
1452;2023.05.09 14:30;4;20,5;20,8125;20,8125;375;202;0;
1453;2023.05.09 14:45;4;20,5;20,875;20,8125;375;202;0;
1454;2023.05.09 15:00;4;20,5;20,875;20,8125;375;202;0;
1455;2023.05.09 15:15;4;20,5;20,875;20,8125;375;202;0;
1456;2023.05.09 15:30;4;20,5;20,875;20,8125;375;202;0;
1457;2023.05.09 15:45;4;20,5;20,875;20,8125;375;202;0;
1458;2023.05.09 16:00;4;20,5;20,875;20,8125;375;202;0;
1459;2023.05.09 16:15;4;20,5;20,875;20,875;375;202;0;
1460;2023.05.09 16:30;4;20,5;20,875;20,875;375;202;0;
1461;2023.05.09 16:45;4;20,5;20,875;20,875;375;202;0;
1462;2023.05.09 17:00;4;20,5;20,875;20,875;375;202;0;
1463;2023.05.09 17:15;4;20,5;20,875;20,875;375;202;0;
1464;2023.05.09 17:30;4;20,5;20,875;20,875;375;202;0;
1465;2023.05.09 17:45;4;20,5;20,875;20,875;375;202;0;
1466;2023.05.09 18:00;4;20,5;20,875;20,875;375;202;0;
1467;2023.05.09 18:15;4;20,5;20,875;20,875;375;202;0;
1468;2023.05.09 18:30;4;20,5;20,875;20,8125;375;202;0;
1469;2023.05.09 18:45;4;20,5;20,875;20,8125;375;202;0;
1470;2023.05.09 19:00;4;20,5;20,875;20,8125;375;202;0;
1471;2023.05.09 19:15;4;20,5;20,875;20,8125;375;202;0;
1472;2023.05.09 19:30;4;20,5;20,875;20,8125;375;202;0;
1473;2023.05.09 19:45;4;20,5;20,875;20,75;375;202;0;
1474;2023.05.09 20:00;4;20,5;20,875;20,75;375;202;0;
1475;2023.05.09 20:15;4;20,5;20,875;20,75;375;202;0;
1476;2023.05.09 20:30;4;20,5;20,875;20,75;375;202;0;
1477;2023.05.09 20:45;4;20,4375;20,875;20,75;375;202;0;
1478;2023.05.09 21:00;4;20,4375;20,875;20,75;375;202;0;
1479;2023.05.09 21:15;4;20,4375;20,875;20,75;375;202;0;
1480;2023.05.09 21:30;4;20,4375;20,875;20,75;375;202;0;
1481;2023.05.09 21:45;4;20,4375;20,8125;20,75;375;202;0;
1482;2023.05.09 22:00;4;20,375;20,8125;20,75;375;202;0;
1483;2023.05.09 22:15;4;20,375;20,8125;20,75;375;202;0;
1484;2023.05.09 22:30;4;20,375;20,8125;20,75;375;202;0;
1485;2023.05.09 22:45;4;20,375;20,75;20,6875;374;202;0;
1486;2023.05.09 23:00;4;20,375;20,75;20,6875;374;202;0;
1487;2023.05.09 23:15;4;20,375;20,75;20,6875;374;202;0;
1488;2023.05.09 23:30;4;20,375;20,75;20,625;374;202;0;
1489;2023.05.09 23:45;4;20,375;20,75;20,625;374;202;0;
1490;2023.05.10 00:00;4;20,375;20,75;20,625;374;202;0;
1491;2023.05.10 00:15;4;20,3125;20,75;20,625;374;202;0;
1492;2023.05.10 00:30;4;20,3125;20,75;20,625;374;202;0;
1493;2023.05.10 00:45;4;20,25;20,75;20,625;374;202;0;
1494;2023.05.10 01:00;4;20,25;20,6875;20,5625;374;202;0;
1495;2023.05.10 01:15;4;20,25;20,6875;20,5625;374;202;0;
1496;2023.05.10 01:30;4;20,25;20,625;20,5;374;202;0;
1497;2023.05.10 01:45;4;20,25;20,625;20,5;374;202;0;
1498;2023.05.10 02:00;4;20,25;20,625;20,5;374;202;0;
1499;2023.05.10 02:15;4;20,1875;20,625;20,5;374;202;0;
1500;2023.05.10 02:30;4;20,1875;20,625;20,5;374;202;0;
1501;2023.05.10 02:45;4;20,125;20,5625;20,4375;374;202;0;
1502;2023.05.10 03:00;4;20,125;20,5625;20,375;374;202;0;
1503;2023.05.10 03:15;4;20,125;20,5;20,375;373;202;0;
1504;2023.05.10 03:30;4;20,125;20,5;20,375;373;202;0;
1505;2023.05.10 03:45;4;20,125;20,5;20,375;373;202;0;
1506;2023.05.10 04:00;4;20,0625;20,5;20,375;373;202;0;
1507;2023.05.10 04:15;4;20,0625;20,5;20,3125;373;202;0;
1508;2023.05.10 04:30;4;20;20,4375;20,25;373;202;0;
1509;2023.05.10 04:45;4;20;20,4375;20,25;373;202;0;
1510;2023.05.10 05:00;4;20;20,375;20,25;373;202;0;
1511;2023.05.10 05:15;4;20;20,375;20,25;373;202;0;
1512;2023.05.10 05:30;4;20;20,375;20,25;373;202;0;
1513;2023.05.10 05:45;4;19,9375;20,375;20,1875;373;202;0;
1514;2023.05.10 06:00;4;19,9375;20,375;20,1875;373;202;0;
1515;2023.05.10 06:15;4;20;20,375;20,25;373;202;0;
1516;2023.05.10 06:30;4;19,9375;20,375;20,25;373;202;0;
1517;2023.05.10 06:45;4;19,9375;20,375;20,1875;373;202;0;
1518;2023.05.10 07:00;4;19,9375;20,3125;20,1875;373;202;0;
1519;2023.05.10 07:15;4;19,9375;20,3125;20,1875;372;202;0;
1520;2023.05.10 07:30;4;19,9375;20,375;20,25;372;202;0;
1521;2023.05.10 07:45;4;20;20,375;20,25;373;202;0;
1522;2023.05.10 08:00;4;20;20,375;20,3125;373;202;0;
1523;2023.05.10 08:15;4;20,25;20,5;20,75;374;202;0;
1524;2023.05.10 08:30;4;20,5;20,6875;21,125;374;202;0;
1525;2023.05.10 08:45;4;20,75;20,875;21,375;375;202;0;
1526;2023.05.10 09:00;4;20,875;21,0625;21,625;376;202;0;
1527;2023.05.10 09:15;4;21,125;21,25;21,75;379;202;0;
1528;2023.05.10 09:30;4;21,25;21,375;21,75;380;202;0;
1529;2023.05.10 09:45;4;21,4375;21,5;21,875;380;202;0;
1530;2023.05.10 10:00;4;21,625;21,625;22,0625;381;202;0;
1531;2023.05.10 10:15;4;21,6875;21,75;22,125;382;202;0;
1532;2023.05.10 10:30;4;21,75;21,875;22,25;382;202;0;
1533;2023.05.10 10:45;4;21,875;22;22,3125;382;202;0;
1534;2023.05.10 11:00;4;21,9375;22,125;22,375;383;202;0;
1535;2023.05.10 11:15;4;22,0625;22,1875;22,5625;383;202;0;
1536;2023.05.10 11:30;4;22,125;22,3125;22,625;384;202;0;
1537;2023.05.10 11:45;4;22,25;22,5;22,75;384;202;0;
1538;2023.05.10 12:00;4;22,25;22,5;22,75;384;202;0;
1539;2023.05.10 12:15;4;22,375;22,625;22,875;385;202;0;
1540;2023.05.10 12:30;4;22,375;22,75;22,9375;385;202;0;
1541;2023.05.10 12:45;4;22,4375;22,75;22,9375;385;202;0;
1542;2023.05.10 13:00;4;22,5;22,8125;22,875;385;202;0;
1543;2023.05.10 13:15;4;22,4375;22,8125;22,8125;386;202;0;
1544;2023.05.10 13:30;4;22,5;22,875;22,75;386;202;0;
1545;2023.05.10 13:45;4;22,5625;22,875;22,875;386;202;0;
1546;2023.05.10 14:00;4;22,6875;23;23;386;202;0;
1547;2023.05.10 14:15;4;22,75;23,0625;23,125;387;202;0;
1548;2023.05.10 14:30;4;22,875;23,125;23,25;387;202;0;
1549;2023.05.10 14:45;4;23;23,25;23,3125;387;202;0;
1550;2023.05.10 15:00;4;23;23,25;23,375;388;202;0;
1551;2023.05.10 15:15;4;23,0625;23,375;23,5;391;202;0;
1552;2023.05.10 15:30;4;23,0625;23,375;23,5;391;202;0;
1553;2023.05.10 15:45;4;23;23,375;23,5;391;202;0;
1554;2023.05.10 16:00;4;23;23,375;23,5;391;202;0;
1555;2023.05.10 16:15;4;23;23,375;23,5;391;202;0;
1556;2023.05.10 16:30;4;23;23,375;23,4375;391;202;0;
1557;2023.05.10 16:45;4;23;23,375;23,375;391;202;0;
1558;2023.05.10 17:00;4;23;23,375;23,375;391;202;0;
1559;2023.05.10 17:15;4;23;23,375;23,375;391;202;0;
1560;2023.05.10 17:30;4;23;23,375;23,3125;391;202;0;
1561;2023.05.10 17:45;4;23;23,375;23,25;391;202;0;
1562;2023.05.10 18:00;4;23;23,375;23,25;391;202;0;
1563;2023.05.10 18:15;4;22,9375;23,375;23,1875;391;202;0;
1564;2023.05.10 18:30;4;22,875;23,3125;23,125;391;202;0;
1565;2023.05.10 18:45;4;22,875;23,25;23,125;391;202;0;
1566;2023.05.10 19:00;4;22,875;23,25;23,0625;391;202;0;
1567;2023.05.10 19:15;4;22,8125;23,25;23;390;202;0;
1568;2023.05.10 19:30;4;22,75;23,1875;23;390;202;0;
1569;2023.05.10 19:45;4;22,75;23,125;22,9375;390;202;0;
1570;2023.05.10 20:00;4;22,75;23,125;22,875;390;202;0;
1571;2023.05.10 20:15;4;22,6875;23,125;22,875;390;202;0;
1572;2023.05.10 20:30;4;22,625;23,0625;22,75;390;202;0;
1573;2023.05.10 20:45;4;22,625;23;22,75;390;202;0;
1574;2023.05.10 21:00;4;22,5625;23;22,6875;389;202;0;
1575;2023.05.10 21:15;4;22,5;23;22,625;389;202;0;
1576;2023.05.10 21:30;4;22,5;22,9375;22,625;389;202;0;
1577;2023.05.10 21:45;4;22,5;22,875;22,625;389;202;0;
1578;2023.05.10 22:00;4;22,4375;22,875;22,5625;389;202;0;
1579;2023.05.10 22:15;4;22,375;22,875;22,5;389;202;0;
1580;2023.05.10 22:30;4;22,375;22,8125;22,5;389;202;0;
1581;2023.05.10 22:45;4;22,375;22,75;22,4375;388;202;0;
1582;2023.05.10 23:00;4;22,3125;22,75;22,375;388;202;0;
1583;2023.05.10 23:15;4;22,25;22,6875;22,375;388;202;0;
1584;2023.05.10 23:30;4;22,25;22,6875;22,375;388;202;0;
1585;2023.05.10 23:45;4;22,25;22,625;22,3125;388;202;0;
1586;2023.05.11 00:00;4;22,125;22,625;22,25;388;202;0;
1587;2023.05.11 00:15;4;22,125;22,5625;22,25;388;202;0;
1588;2023.05.11 00:30;4;22,125;22,5;22,1875;387;202;0;
1589;2023.05.11 00:45;4;22,0625;22,5;22,125;387;202;0;
1590;2023.05.11 01:00;4;22;22,5;22,125;387;202;0;
1591;2023.05.11 01:15;4;22;22,4375;22,125;387;202;0;
1592;2023.05.11 01:30;4;22;22,375;22,0625;387;202;0;
1593;2023.05.11 01:45;4;21,9375;22,375;22;387;202;0;
1594;2023.05.11 02:00;4;21,875;22,3125;22;386;202;0;
1595;2023.05.11 02:15;4;21,875;22,25;21,9375;386;202;0;
1596;2023.05.11 02:30;4;21,875;22,25;21,875;386;202;0;
1597;2023.05.11 02:45;4;21,8125;22,25;21,875;386;202;0;
1598;2023.05.11 03:00;4;21,75;22,25;21,875;386;202;0;
1599;2023.05.11 03:15;4;21,75;22,1875;21,875;386;202;0;
1600;2023.05.11 03:30;4;21,75;22,125;21,8125;386;202;0;
1601;2023.05.11 03:45;4;21,75;22,125;21,8125;386;202;0;
1602;2023.05.11 04:00;4;21,6875;22,125;21,75;386;202;0;
1603;2023.05.11 04:15;4;21,625;22,0625;21,75;385;202;0;
1604;2023.05.11 04:30;4;21,625;22,0625;21,75;385;202;0;
1605;2023.05.11 04:45;4;21,625;22;21,75;385;202;0;
1606;2023.05.11 05:00;4;21,625;22;21,6875;385;202;0;
1607;2023.05.11 05:15;4;21,625;22;21,6875;385;202;0;
1608;2023.05.11 05:30;4;21,5625;22;21,625;385;202;0;
1609;2023.05.11 05:45;4;21,5625;21,9375;21,625;385;202;0;
1610;2023.05.11 06:00;4;21,5;21,9375;21,625;385;202;0;
1611;2023.05.11 06:15;4;21,5;21,875;21,625;385;202;0;
1612;2023.05.11 06:30;4;21,5;21,875;21,625;385;202;0;
1613;2023.05.11 06:45;4;21,5;21,875;21,625;385;202;0;
1614;2023.05.11 07:00;4;21,5;21,875;21,6875;385;202;0;
1615;2023.05.11 07:15;4;21,5;21,875;21,6875;385;202;0;
1616;2023.05.11 07:30;4;21,5625;21,875;21,75;385;202;0;
1617;2023.05.11 07:45;4;21,5625;21,875;21,75;385;202;0;
1618;2023.05.11 08:00;4;21,625;21,9375;21,75;385;202;0;
1619;2023.05.11 08:15;4;21,625;22;21,875;385;202;0;
1620;2023.05.11 08:30;4;21,625;22;21,875;385;202;0;
1621;2023.05.11 08:45;4;21,6875;22;21,9375;385;202;0;
1622;2023.05.11 09:00;4;21,75;22;22;385;202;0;
1623;2023.05.11 09:15;4;21,75;22,0625;22,0625;386;202;0;
1624;2023.05.11 09:30;4;21,8125;22,125;22,125;386;202;0;
1625;2023.05.11 09:45;4;21,875;22,1875;22,25;386;202;0;
1626;2023.05.11 10:00;4;21,9375;22,25;22,25;386;202;0;
1627;2023.05.11 10:15;4;22;22,25;22,375;386;202;0;
1628;2023.05.11 10:30;4;22;22,3125;22,375;387;202;0;
1629;2023.05.11 10:45;4;22;22,375;22,375;387;202;0;
1630;2023.05.11 11:00;4;22,0625;22,375;22,375;387;202;0;
1631;2023.05.11 11:15;4;22,0625;22,375;22,375;387;202;0;
1632;2023.05.11 11:30;4;22,125;22,4375;22,375;387;202;0;
1633;2023.05.11 11:45;4;22,125;22,4375;22,375;387;202;0;
1634;2023.05.11 12:00;4;22,125;22,5;22,375;387;202;0;
1635;2023.05.11 12:15;4;22,125;22,5;22,4375;387;202;0;
1636;2023.05.11 12:30;4;22,1875;22,5;22,5;387;202;0;
1637;2023.05.11 12:45;4;22,25;22,5;22,5;388;202;0;
1638;2023.05.11 13:00;4;22,25;22,5625;22,5;388;202;0;
1639;2023.05.11 13:15;4;22,25;22,625;22,625;388;202;0;
1640;2023.05.11 13:30;4;22,3125;22,625;22,625;388;202;0;
1641;2023.05.11 13:45;4;22,375;22,625;22,6875;388;202;0;
1642;2023.05.11 14:00;4;22,375;22,6875;22,75;388;202;0;
1643;2023.05.11 14:15;4;22,375;22,75;22,75;388;202;0;
1644;2023.05.11 14:30;4;22,4375;22,75;22,8125;389;202;0;
1645;2023.05.11 14:45;4;22,5;22,8125;22,875;389;202;0;
1646;2023.05.11 15:00;4;22,5;22,875;22,875;389;202;0;
1647;2023.05.11 15:15;4;22,5;22,875;22,9375;389;202;0;
1648;2023.05.11 15:30;4;22,5625;22,875;22,9375;389;202;0;
1649;2023.05.11 15:45;4;22,625;22,9375;23;389;202;0;
1650;2023.05.11 16:00;4;22,625;23;23;389;202;0;
1651;2023.05.11 16:15;4;22,625;23;23;389;202;0;
1652;2023.05.11 16:30;4;22,625;23;23;389;202;0;
1653;2023.05.11 16:45;4;22,625;23;23;390;202;0;
1654;2023.05.11 17:00;4;22,625;23;23;390;202;0;
1655;2023.05.11 17:15;4;22,625;23;23;390;202;0;
1656;2023.05.11 17:30;4;22,625;23;22,9375;390;202;0;
1657;2023.05.11 17:45;4;22,625;23;22,875;390;202;0;
1658;2023.05.11 18:00;4;22,625;23;22,875;390;202;0;
1659;2023.05.11 18:15;4;22,625;23;22,875;390;202;0;
1660;2023.05.11 18:30;4;22,625;23;22,875;390;202;0;
1661;2023.05.11 18:45;4;22,625;23;22,875;389;202;0;
1662;2023.05.11 19:00;4;22,625;23;22,8125;389;202;0;
1663;2023.05.11 19:15;4;22,5625;23;22,75;389;202;0;
1664;2023.05.11 19:30;4;22,5625;22,9375;22,75;389;202;0;
1665;2023.05.11 19:45;4;22,5;22,9375;22,75;389;202;0;
1666;2023.05.11 20:00;4;22,5;22,875;22,625;389;202;0;
1667;2023.05.11 20:15;4;22,5;22,875;22,625;389;202;0;
1668;2023.05.11 20:30;4;22,375;22,875;22,5625;389;202;0;
1669;2023.05.11 20:45;4;22,375;22,8125;22,5;389;202;0;
1670;2023.05.11 21:00;4;22,375;22,75;22,5;388;202;0;
1671;2023.05.11 21:15;4;22,3125;22,75;22,4375;388;202;0;
1672;2023.05.11 21:30;4;22,25;22,75;22,375;388;202;0;
1673;2023.05.11 21:45;4;22,25;22,6875;22,375;388;202;0;
1674;2023.05.11 22:00;4;22,25;22,625;22,3125;388;202;0;
1675;2023.05.11 22:15;4;22,1875;22,625;22,25;388;202;0;
1676;2023.05.11 22:30;4;22,125;22,5625;22,25;388;202;0;
1677;2023.05.11 22:45;4;22,125;22,5;22,1875;387;202;0;
1678;2023.05.11 23:00;4;22,0625;22,5;22,125;387;202;0;
1679;2023.05.11 23:15;4;22;22,5;22,125;387;202;0;
1680;2023.05.11 23:30;4;22;22,4375;22,125;387;202;0;
1681;2023.05.11 23:45;4;22;22,375;22;387;202;0;
1682;2023.05.12 00:00;4;21,875;22,375;22;387;202;0;
1683;2023.05.12 00:15;4;21,875;22,3125;21,875;386;202;0;
1684;2023.05.12 00:30;4;21,8125;22,25;21,875;386;202;0;
1685;2023.05.12 00:45;4;21,75;22,25;21,8125;386;202;0;
1686;2023.05.12 01:00;4;21,75;22,125;21,75;386;202;0;
1687;2023.05.12 01:15;4;21,6875;22,125;21,75;386;202;0;
1688;2023.05.12 01:30;4;21,625;22,0625;21,625;385;202;0;
1689;2023.05.12 01:45;4;21,625;22;21,625;385;202;0;
1690;2023.05.12 02:00;4;21,5;22;21,5625;385;202;0;
1691;2023.05.12 02:15;4;21,5;21,9375;21,5;385;202;0;
1692;2023.05.12 02:30;4;21,5;21,875;21,5;385;202;0;
1693;2023.05.12 02:45;4;21,4375;21,875;21,5;385;202;0;
1694;2023.05.12 03:00;4;21,375;21,8125;21,4375;384;202;0;
1695;2023.05.12 03:15;4;21,375;21,75;21,375;384;202;0;
1696;2023.05.12 03:30;4;21,375;21,75;21,375;384;202;0;
1697;2023.05.12 03:45;4;21,3125;21,75;21,375;384;202;0;
1698;2023.05.12 04:00;4;21,25;21,6875;21,3125;384;202;0;
1699;2023.05.12 04:15;4;21,25;21,625;21,3125;384;202;0;
1700;2023.05.12 04:30;4;21,25;21,625;21,25;384;202;0;
1701;2023.05.12 04:45;4;21,25;21,625;21,25;384;202;0;
1702;2023.05.12 05:00;4;21,1875;21,625;21,25;383;202;0;
1703;2023.05.12 05:15;4;21,125;21,5625;21,25;383;202;0;
1704;2023.05.12 05:30;4;21,125;21,5;21,1875;383;202;0;
1705;2023.05.12 05:45;4;21,125;21,5;21,125;383;202;0;
1706;2023.05.12 06:00;4;21,0625;21,5;21,125;383;202;0;
1707;2023.05.12 06:15;4;21,0625;21,4375;21,125;383;202;0;
1708;2023.05.12 06:30;4;21;21,4375;21,125;383;202;0;
1709;2023.05.12 06:45;4;21;21,375;21,125;383;202;0;
1710;2023.05.12 07:00;4;21;21,375;21,125;383;202;0;
1711;2023.05.12 07:15;4;21;21,375;21,125;383;202;0;
1712;2023.05.12 07:30;4;21;21,375;21,0625;382;202;0;
1713;2023.05.12 07:45;4;20,9375;21,375;21,0625;382;202;0;
1714;2023.05.12 08:00;4;20,9375;21,3125;21,0625;382;202;0;
1715;2023.05.12 08:15;4;20,875;21,3125;21;382;202;0;
1716;2023.05.12 08:30;4;20,875;21,25;21;382;202;0;
1717;2023.05.12 08:45;4;21;21,3125;21,125;377;202;0;
1718;2023.05.12 09:00;4;21,25;21,5;21,5625;378;202;0;
1719;2023.05.12 09:15;4;21,3125;21,5625;21,625;379;202;0;
1720;2023.05.12 09:30;4;21,375;21,625;21,625;379;202;0;
1721;2023.05.12 09:45;4;21,375;21,6875;21,75;379;202;0;
1722;2023.05.12 10:00;4;21,5;21,75;21,75;380;202;0;
1723;2023.05.12 10:15;4;21,5;21,875;21,75;380;202;0;
1724;2023.05.12 10:30;4;21,5625;21,875;21,8125;380;202;0;
1725;2023.05.12 10:45;4;21,625;21,9375;21,875;380;202;0;
1726;2023.05.12 11:00;4;21,625;22;21,875;381;202;0;
1727;2023.05.12 11:15;4;21,6875;22;22;381;202;0;
1728;2023.05.12 11:30;4;21,6875;22;21,875;381;202;0;
1729;2023.05.12 11:45;4;21,625;22;21,875;381;202;0;
1730;2023.05.12 12:00;4;21,625;22;21,75;381;202;0;
1731;2023.05.12 12:15;4;21,625;22;21,8125;381;202;0;
1732;2023.05.12 12:30;4;21,6875;22;21,875;381;202;0;
1733;2023.05.12 12:45;4;21,75;22,0625;21,875;381;202;0;
1734;2023.05.12 13:00;4;21,75;22,0625;21,875;381;202;0;
1735;2023.05.12 13:15;4;21,75;22,125;21,9375;381;202;0;
1736;2023.05.12 13:30;4;21,8125;22,125;22;381;202;0;
1737;2023.05.12 13:45;4;21,875;22,125;22;381;202;0;
1738;2023.05.12 14:00;4;21,875;22,1875;22;382;202;0;
1739;2023.05.12 14:15;4;21,875;22,25;22;382;202;0;
1740;2023.05.12 14:30;4;21,875;22,25;22,0625;382;202;0;
1741;2023.05.12 14:45;4;21,875;22,25;22,125;382;202;0;
1742;2023.05.12 15:00;4;21,9375;22,25;22,1875;391;202;0;
1743;2023.05.12 15:15;4;21,8125;22,25;22,0625;391;202;0;
1744;2023.05.12 15:30;4;21,75;22,1875;21,9375;391;202;0;
1745;2023.05.12 15:45;4;21,625;22,125;21,875;390;202;0;
1746;2023.05.12 16:00;4;21,625;22,0625;21,75;390;202;0;
1747;2023.05.12 16:15;4;21,5625;22;21,75;390;202;0;
1748;2023.05.12 16:30;4;21,5;22;21,75;390;202;0;
1749;2023.05.12 16:45;4;21,5;21,9375;21,6875;390;202;0;
1750;2023.05.12 17:00;4;21,5;21,875;21,625;389;202;0;
1751;2023.05.12 17:15;4;21,4375;21,875;21,625;389;202;0;
1752;2023.05.12 17:30;4;21,375;21,8125;21,5625;389;202;0;
1753;2023.05.12 17:45;4;21,375;21,75;21,5;389;202;0;
1754;2023.05.12 18:00;4;21,375;21,75;21,5;389;202;0;
1755;2023.05.12 18:15;4;21,375;21,75;21,5;389;202;0;
1756;2023.05.12 18:30;4;21,3125;21,75;21,5;389;202;0;
1757;2023.05.12 18:45;4;21,25;21,6875;21,5;389;202;0;
1758;2023.05.12 19:00;4;21,25;21,6875;21,4375;389;202;0;
1759;2023.05.12 19:15;4;21,25;21,625;21,375;388;202;0;
1760;2023.05.12 19:30;4;21,25;21,625;21,375;388;202;0;
1761;2023.05.12 19:45;4;21,25;21,625;21,375;388;202;0;
1762;2023.05.12 20:00;4;21,1875;21,625;21,375;388;202;0;
1763;2023.05.12 20:15;4;21,1875;21,5625;21,375;388;202;0;
1764;2023.05.12 20:30;4;21,125;21,5625;21,3125;388;202;0;
1765;2023.05.12 20:45;4;21,125;21,5;21,25;388;202;0;
1766;2023.05.12 21:00;4;21,125;21,5;21,25;388;202;0;
1767;2023.05.12 21:15;4;21,125;21,5;21,25;388;202;0;
1768;2023.05.12 21:30;4;21,0625;21,5;21,25;388;202;0;
1769;2023.05.12 21:45;4;21;21,4375;21,25;388;202;0;
1770;2023.05.12 22:00;4;21;21,4375;21,1875;388;202;0;
1771;2023.05.12 22:15;4;21;21,375;21,1875;387;202;0;
1772;2023.05.12 22:30;4;21;21,375;21,125;387;202;0;
1773;2023.05.12 22:45;4;21;21,375;21,125;387;202;0;
1774;2023.05.12 23:00;4;20,9375;21,375;21,125;387;202;0;
1775;2023.05.12 23:15;4;20,9375;21,3125;21,125;387;202;0;
1776;2023.05.12 23:30;4;20,875;21,3125;21,125;387;202;0;
1777;2023.05.12 23:45;4;20,875;21,25;21,0625;387;202;0;
1778;2023.05.13 00:00;4;20,875;21,25;21,0625;387;202;0;
1779;2023.05.13 00:15;4;20,875;21,25;21;387;202;0;
1780;2023.05.13 00:30;4;20,875;21,25;21;387;202;0;
1781;2023.05.13 00:45;4;20,8125;21,25;21;387;202;0;
1782;2023.05.13 01:00;4;20,8125;21,25;21;387;202;0;
1783;2023.05.13 01:15;4;20,75;21,1875;21;386;202;0;
1784;2023.05.13 01:30;4;20,75;21,125;20,9375;386;202;0;
1785;2023.05.13 01:45;4;20,75;21,125;20,9375;386;202;0;
1786;2023.05.13 02:00;4;20,75;21,125;20,9375;386;202;0;
1787;2023.05.13 02:15;4;20,75;21,125;20,875;386;202;0;
1788;2023.05.13 02:30;4;20,75;21,125;20,875;386;202;0;
1789;2023.05.13 02:45;4;20,6875;21,125;20,875;386;202;0;
1790;2023.05.13 03:00;4;20,625;21,0625;20,875;386;202;0;
1791;2023.05.13 03:15;4;20,625;21,0625;20,875;386;202;0;
1792;2023.05.13 03:30;4;20,625;21;20,875;386;202;0;
1793;2023.05.13 03:45;4;20,625;21;20,8125;386;202;0;
1794;2023.05.13 04:00;4;20,625;21;20,8125;386;202;0;
1795;2023.05.13 04:15;4;20,625;21;20,75;386;202;0;
1796;2023.05.13 04:30;4;20,5625;21;20,75;386;202;0;
1797;2023.05.13 04:45;4;20,5625;21;20,75;386;202;0;
1798;2023.05.13 05:00;4;20,5;20,9375;20,75;385;202;0;
1799;2023.05.13 05:15;4;20,5;20,9375;20,75;385;202;0;
1800;2023.05.13 05:30;4;20,5;20,875;20,75;385;202;0;
1801;2023.05.13 05:45;4;20,5;20,875;20,75;385;202;0;
1802;2023.05.13 06:00;4;20,5;20,875;20,6875;385;202;0;
1803;2023.05.13 06:15;4;20,5;20,875;20,6875;385;202;0;
1804;2023.05.13 06:30;4;20,5;20,875;20,6875;385;202;0;
1805;2023.05.13 06:45;4;20,4375;20,875;20,625;385;202;0;
1806;2023.05.13 07:00;4;20,4375;20,875;20,625;385;202;0;
1807;2023.05.13 07:15;4;20,4375;20,8125;20,625;385;202;0;
1808;2023.05.13 07:30;4;20,4375;20,8125;20,625;385;202;0;
1809;2023.05.13 07:45;4;20,375;20,8125;20,625;385;202;0;
1810;2023.05.13 08:00;4;20,375;20,75;20,625;385;202;0;
1811;2023.05.13 08:15;4;20,375;20,75;20,625;385;202;0;
1812;2023.05.13 08:30;4;20,375;20,75;20,625;385;202;0;
1813;2023.05.13 08:45;4;20,375;20,75;20,625;385;202;0;
1814;2023.05.13 09:00;4;20,375;20,75;20,6875;385;202;0;
1815;2023.05.13 09:15;4;20,375;20,75;20,6875;385;202;0;
1816;2023.05.13 09:30;4;20,375;20,75;20,6875;385;202;0;
1817;2023.05.13 09:45;4;20,375;20,75;20,75;385;202;0;
1818;2023.05.13 10:00;4;20,375;20,75;20,75;385;202;0;
1819;2023.05.13 10:15;4;20,375;20,8125;20,75;385;202;0;
1820;2023.05.13 10:30;4;20,4375;20,8125;20,75;385;202;0;
1821;2023.05.13 10:45;4;20,4375;20,8125;20,75;385;202;0;
1822;2023.05.13 11:00;4;20,4375;20,875;20,8125;385;202;0;
1823;2023.05.13 11:15;4;20,5;20,875;20,875;385;202;0;
1824;2023.05.13 11:30;4;20,5;20,875;20,875;385;202;0;
1825;2023.05.13 11:45;4;20,5;20,875;20,9375;385;202;0;
1826;2023.05.13 12:00;4;20,625;20,9375;21;386;202;0;
1827;2023.05.13 12:15;4;20,625;21;21,125;386;202;0;
1828;2023.05.13 12:30;4;20,75;21,0625;21,25;386;202;0;
1829;2023.05.13 12:45;4;20,75;21,125;21,375;386;202;0;
1830;2023.05.13 13:00;4;20,875;21,1875;21,375;387;202;0;
1831;2023.05.13 13:15;4;20,875;21,25;21,5;387;202;0;
1832;2023.05.13 13:30;4;21;21,375;21,625;387;202;0;
1833;2023.05.13 13:45;4;21,0625;21,375;21,6875;388;202;0;
1834;2023.05.13 14:00;4;21,125;21,5;21,8125;388;202;0;
1835;2023.05.13 14:15;4;21,25;21,5625;21,875;388;202;0;
1836;2023.05.13 14:30;4;21,3125;21,625;22;389;202;0;
1837;2023.05.13 14:45;4;21,375;21,75;22,0625;389;202;0;
1838;2023.05.13 15:00;4;21,5;21,8125;22,125;389;202;0;
1839;2023.05.13 15:15;4;21,5;21,875;22,1875;390;202;0;
1840;2023.05.13 15:30;4;21,625;21,9375;22,25;390;202;0;
1841;2023.05.13 15:45;4;21,625;22;22,25;390;202;0;
1842;2023.05.13 16:00;4;21,75;22,0625;22,375;390;202;0;
1843;2023.05.13 16:15;4;21,75;22,125;22,375;391;202;0;
1844;2023.05.13 16:30;4;21,875;22,1875;22,4375;391;202;0;
1845;2023.05.13 16:45;4;21,875;22,25;22,5;391;202;0;
1846;2023.05.13 17:00;4;21,875;22,25;22,5;391;202;0;
1847;2023.05.13 17:15;4;22;22,3125;22,5;391;202;0;
1848;2023.05.13 17:30;4;22;22,375;22,5;392;202;0;
1849;2023.05.13 17:45;4;22;22,375;22,5;392;202;0;
1850;2023.05.13 18:00;4;22;22,375;22,5;392;202;0;
1851;2023.05.13 18:15;4;22;22,4375;22,5;392;202;0;
1852;2023.05.13 18:30;4;22,0625;22,4375;22,5;392;202;0;
1853;2023.05.13 18:45;4;22,0625;22,4375;22,4375;392;202;0;
1854;2023.05.13 19:00;4;22,0625;22,5;22,4375;392;202;0;
1855;2023.05.13 19:15;4;22,0625;22,5;22,375;392;202;0;
1856;2023.05.13 19:30;4;22,0625;22,5;22,375;392;202;0;
1857;2023.05.13 19:45;4;22,0625;22,5;22,375;392;202;0;
1858;2023.05.13 20:00;4;22,0625;22,5;22,375;392;202;0;
1859;2023.05.13 20:15;4;22,0625;22,5;22,375;392;202;0;
1860;2023.05.13 20:30;4;22;22,4375;22,3125;392;202;0;
1861;2023.05.13 20:45;4;22;22,4375;22,25;392;202;0;
1862;2023.05.13 21:00;4;22;22,375;22,25;392;202;0;
1863;2023.05.13 21:15;4;22;22,375;22,25;392;202;0;
1864;2023.05.13 21:30;4;22;22,375;22,1875;392;202;0;
1865;2023.05.13 21:45;4;21,9375;22,375;22,125;391;202;0;
1866;2023.05.13 22:00;4;21,875;22,3125;22,125;391;202;0;
1867;2023.05.13 22:15;4;21,875;22,3125;22,0625;391;202;0;
1868;2023.05.13 22:30;4;21,875;22,25;22;391;202;0;
1869;2023.05.13 22:45;4;21,875;22,25;22;391;202;0;
1870;2023.05.13 23:00;4;21,8125;22,25;21,9375;391;202;0;
1871;2023.05.13 23:15;4;21,75;22,1875;21,875;391;202;0;
1872;2023.05.13 23:30;4;21,75;22,125;21,875;390;202;0;
1873;2023.05.13 23:45;4;21,6875;22,125;21,8125;390;202;0;
1874;2023.05.14 00:00;4;21,625;22,0625;21,75;390;202;0;
1875;2023.05.14 00:15;4;21,625;22;21,75;390;202;0;
1876;2023.05.14 00:30;4;21,625;22;21,6875;390;202;0;
1877;2023.05.14 00:45;4;21,5625;22;21,625;390;202;0;
1878;2023.05.14 01:00;4;21,5;21,9375;21,625;390;202;0;
1879;2023.05.14 01:15;4;21,5;21,875;21,625;389;202;0;
1880;2023.05.14 01:30;4;21,4375;21,875;21,5625;389;202;0;
1881;2023.05.14 01:45;4;21,375;21,8125;21,5;389;202;0;
1882;2023.05.14 02:00;4;21,375;21,75;21,5;389;202;0;
1883;2023.05.14 02:15;4;21,375;21,75;21,4375;389;202;0;
1884;2023.05.14 02:30;4;21,3125;21,75;21,375;389;202;0;
1885;2023.05.14 02:45;4;21,25;21,6875;21,375;388;202;0;
1886;2023.05.14 03:00;4;21,25;21,625;21,375;388;202;0;
1887;2023.05.14 03:15;4;21,25;21,625;21,375;388;202;0;
1888;2023.05.14 03:30;4;21,1875;21,625;21,25;388;202;0;
1889;2023.05.14 03:45;4;21,125;21,5625;21,25;388;202;0;
1890;2023.05.14 04:00;4;21,125;21,5;21,25;388;202;0;
1891;2023.05.14 04:15;4;21,125;21,5;21,25;388;202;0;
1892;2023.05.14 04:30;4;21,0625;21,5;21,1875;388;202;0;
1893;2023.05.14 04:45;4;21;21,4375;21,125;387;202;0;
1894;2023.05.14 05:00;4;21;21,375;21,125;387;202;0;
1895;2023.05.14 05:15;4;21;21,375;21,125;387;202;0;
1896;2023.05.14 05:30;4;21;21,375;21,125;387;202;0;
1897;2023.05.14 05:45;4;20,9375;21,375;21,125;387;202;0;
1898;2023.05.14 06:00;4;20,875;21,3125;21,0625;387;202;0;
1899;2023.05.14 06:15;4;20,875;21,25;21,0625;387;202;0;
1900;2023.05.14 06:30;4;20,875;21,25;21;387;202;0;
1901;2023.05.14 06:45;4;20,875;21,25;21;387;202;0;
1902;2023.05.14 07:00;4;20,875;21,25;21;387;202;0;
1903;2023.05.14 07:15;4;20,8125;21,25;21;386;202;0;
1904;2023.05.14 07:30;4;20,8125;21,1875;21;386;202;0;
1905;2023.05.14 07:45;4;20,75;21,1875;21;386;202;0;
1906;2023.05.14 08:00;4;20,75;21,1875;21;386;202;0;
1907;2023.05.14 08:15;4;20,75;21,1875;21;386;202;0;
1908;2023.05.14 08:30;4;20,75;21,125;21;386;202;0;
1909;2023.05.14 08:45;4;20,75;21,125;21;386;202;0;
1910;2023.05.14 09:00;4;20,75;21,125;21;386;202;0;
1911;2023.05.14 09:15;4;20,75;21,125;21,0625;386;202;0;
1912;2023.05.14 09:30;4;20,75;21,1875;21,125;386;202;0;
1913;2023.05.14 09:45;4;20,8125;21,1875;21,125;386;202;0;
1914;2023.05.14 10:00;4;20,875;21,25;21,1875;386;202;0;
1915;2023.05.14 10:15;4;20,875;21,25;21,25;387;202;0;
1916;2023.05.14 10:30;4;20,875;21,25;21,25;387;202;0;
1917;2023.05.14 10:45;4;20,875;21,25;21,25;387;202;0;
1918;2023.05.14 11:00;4;20,9375;21,3125;21,375;387;202;0;
1919;2023.05.14 11:15;4;21;21,375;21,375;387;202;0;
1920;2023.05.14 11:30;4;21;21,375;21,5;387;202;0;
1921;2023.05.14 11:45;4;21,125;21,4375;21,5625;388;202;0;
1922;2023.05.14 12:00;4;21,125;21,5;21,625;388;202;0;
1923;2023.05.14 12:15;4;21,25;21,5625;21,6875;388;202;0;
1924;2023.05.14 12:30;4;21,25;21,625;21,75;388;202;0;
1925;2023.05.14 12:45;4;21,3125;21,625;21,875;389;202;0;
1926;2023.05.14 13:00;4;21,375;21,75;21,875;389;202;0;
1927;2023.05.14 13:15;4;21,375;21,75;22;389;202;0;
1928;2023.05.14 13:30;4;21,5;21,8125;22;389;202;0;
1929;2023.05.14 13:45;4;21,5;21,875;22;390;202;0;
1930;2023.05.14 14:00;4;21,5625;21,9375;22,125;390;202;0;
1931;2023.05.14 14:15;4;21,625;22;22,125;390;202;0;
1932;2023.05.14 14:30;4;21,625;22;22,125;390;202;0;
1933;2023.05.14 14:45;4;21,6875;22,0625;22,25;390;202;0;
1934;2023.05.14 15:00;4;21,75;22,125;22,25;390;202;0;
1935;2023.05.14 15:15;4;21,75;22,125;22,25;391;202;0;
1936;2023.05.14 15:30;4;21,8125;22,1875;22,3125;391;202;0;
1937;2023.05.14 15:45;4;21,875;22,25;22,375;391;202;0;
1938;2023.05.14 16:00;4;21,875;22,25;22,375;391;202;0;
1939;2023.05.14 16:15;4;21,875;22,25;22,375;391;202;0;
1940;2023.05.14 16:30;4;21,9375;22,3125;22,375;391;202;0;
1941;2023.05.14 16:45;4;22;22,375;22,4375;392;202;0;
1942;2023.05.14 17:00;4;22;22,375;22,5;392;202;0;
1943;2023.05.14 17:15;4;22;22,375;22,5;392;202;0;
1944;2023.05.14 17:30;4;22,0625;22,4375;22,5;392;202;0;
1945;2023.05.14 17:45;4;22,0625;22,5;22,5;392;202;0;
1946;2023.05.14 18:00;4;22,125;22,5;22,5;392;202;0;
1947;2023.05.14 18:15;4;22,125;22,5;22,5;392;202;0;
1948;2023.05.14 18:30;4;22,125;22,5;22,5;392;202;0;
1949;2023.05.14 18:45;4;22,125;22,5;22,5;392;202;0;
1950;2023.05.14 19:00;4;22,125;22,5;22,5;392;202;0;
1951;2023.05.14 19:15;4;22,125;22,5;22,4375;392;202;0;
1952;2023.05.14 19:30;4;22,125;22,5;22,375;392;202;0;
1953;2023.05.14 19:45;4;22,125;22,5;22,375;392;202;0;
1954;2023.05.14 20:00;4;22,125;22,5;22,375;392;202;0;
1955;2023.05.14 20:15;4;22,0625;22,5;22,3125;392;202;0;
1956;2023.05.14 20:30;4;22,0625;22,5;22,25;392;202;0;
1957;2023.05.14 20:45;4;22;22,4375;22,25;392;202;0;
1958;2023.05.14 21:00;4;22;22,4375;22,25;392;202;0;
1959;2023.05.14 21:15;4;22;22,375;22,1875;392;202;0;
1960;2023.05.14 21:30;4;22;22,375;22,125;392;202;0;
1961;2023.05.14 21:45;4;22;22,375;22,125;392;202;0;
1962;2023.05.14 22:00;4;21,9375;22,375;22,125;391;202;0;
1963;2023.05.14 22:15;4;21,875;22,3125;22,0625;391;202;0;
1964;2023.05.14 22:30;4;21,875;22,25;22;391;202;0;
1965;2023.05.14 22:45;4;21,875;22,25;22;391;202;0;
1966;2023.05.14 23:00;4;21,875;22,25;22;391;202;0;
1967;2023.05.14 23:15;4;21,8125;22,1875;21,9375;391;202;0;
1968;2023.05.14 23:30;4;21,75;22,1875;21,875;391;202;0;
1969;2023.05.14 23:45;4;21,75;22,125;21,875;391;202;0;
1970;2023.05.15 00:00;4;21,75;22,125;21,875;390;202;0;
1971;2023.05.15 00:15;4;21,6875;22,125;21,8125;390;202;0;
1972;2023.05.15 00:30;4;21,625;22,0625;21,75;390;202;0;
1973;2023.05.15 00:45;4;21,625;22;21,75;390;202;0;
1974;2023.05.15 01:00;4;21,625;22;21,75;390;202;0;
1975;2023.05.15 01:15;4;21,5625;22;21,6875;390;202;0;
1976;2023.05.15 01:30;4;21,5;21,9375;21,625;390;202;0;
1977;2023.05.15 01:45;4;21,5;21,875;21,625;389;202;0;
1978;2023.05.15 02:00;4;21,5;21,875;21,5625;389;202;0;
1979;2023.05.15 02:15;4;21,4375;21,8125;21,5;389;202;0;
1980;2023.05.15 02:30;4;21,375;21,75;21,5;389;202;0;
1981;2023.05.15 02:45;4;21,375;21,75;21,5;389;202;0;
1982;2023.05.15 03:00;4;21,3125;21,75;21,4375;389;202;0;
1983;2023.05.15 03:15;4;21,25;21,6875;21,375;389;202;0;
1984;2023.05.15 03:30;4;21,25;21,625;21,375;388;202;0;
1985;2023.05.15 03:45;4;21,25;21,625;21,375;388;202;0;
1986;2023.05.15 04:00;4;21,1875;21,625;21,3125;388;202;0;
1987;2023.05.15 04:15;4;21,125;21,5625;21,25;388;202;0;
1988;2023.05.15 04:30;4;21,125;21,5;21,25;388;202;0;
1989;2023.05.15 04:45;4;21,125;21,5;21,25;388;202;0;
1990;2023.05.15 05:00;4;21,0625;21,5;21,1875;388;202;0;
1991;2023.05.15 05:15;4;21;21,4375;21,125;387;202;0;
1992;2023.05.15 05:30;4;21;21,375;21,125;387;202;0;
1993;2023.05.15 05:45;4;21;21,375;21,125;387;202;0;
1994;2023.05.15 06:00;4;20,9375;21,375;21,0625;387;202;0;
1995;2023.05.15 06:15;4;20,875;21,3125;21,0625;387;202;0;
1996;2023.05.15 06:30;4;20,875;21,25;21;387;202;0;
1997;2023.05.15 06:45;4;20,875;21,25;21;387;202;0;
1998;2023.05.15 07:00;4;20,875;21,25;21;387;202;0;
1999;2023.05.15 07:15;4;20,875;21,25;21;386;202;0;
2000;2023.05.15 07:30;4;20,75;21,25;21;386;202;0;
2001;2023.05.15 07:45;4;20,75;21,1875;21;386;202;0;
2002;2023.05.15 08:00;4;20,75;21,125;21;386;202;0;
2003;2023.05.15 08:15;4;20,75;21,125;21;386;202;0;
2004;2023.05.15 08:30;4;20,75;21,125;21;386;202;0;
2005;2023.05.15 08:45;4;20,75;21,125;21;386;202;0;
2006;2023.05.15 09:00;4;20,6875;21,125;21;386;202;0;
2007;2023.05.15 09:15;4;20,6875;21,125;21;386;202;0;
2008;2023.05.15 09:30;4;20,6875;21,125;21;386;202;0;
2009;2023.05.15 09:45;4;20,75;21,125;21,0625;386;202;0;
2010;2023.05.15 10:00;4;20,75;21,125;21,125;386;202;0;
2011;2023.05.15 10:15;4;20,75;21,125;21,125;386;202;0;
2012;2023.05.15 10:30;4;20,8125;21,125;21,25;386;202;0;
2013;2023.05.15 10:45;4;20,875;21,1875;21,25;384;202;0;
2014;2023.05.15 11:00;4;20,6875;21,25;21,375;383;202;0;
2015;2023.05.15 11:15;4;20,625;21,1875;21,25;382;202;0;
2016;2023.05.15 11:30;4;20,625;21,125;21,25;381;202;0;
2017;2023.05.15 11:45;4;20,625;21,125;21,25;381;202;0;
2018;2023.05.15 12:00;4;20,625;21,125;21,3125;381;202;0;
2019;2023.05.15 12:15;4;20,625;21,125;21,375;381;202;0;
2020;2023.05.15 12:30;4;20,625;21,1875;21,375;382;202;0;
2021;2023.05.15 12:45;4;20,6875;21,1875;21,375;382;202;0;
2022;2023.05.15 13:00;4;20,75;21,25;21,375;382;202;0;
2023;2023.05.15 13:15;4;20,75;21,25;21,625;383;202;0;
2024;2023.05.15 13:30;4;20,75;21,375;22,375;382;202;0;
2025;2023.05.15 13:45;4;20,75;21,5625;22,875;384;202;0;
2026;2023.05.15 14:00;4;20,3125;21,5;22,375;377;202;0;
2027;2023.05.15 14:15;4;19,75;21,0625;21,375;377;202;0;
2028;2023.05.15 14:30;4;19,625;20,8125;21,125;376;202;0;
2029;2023.05.15 14:45;4;19,8125;20,75;21,25;376;202;0;
2030;2023.05.15 15:00;4;20;20,75;21,4375;377;202;0;
2031;2023.05.15 15:15;4;20,3125;20,875;21,75;378;202;0;
2032;2023.05.15 15:30;4;20,6875;21,125;22,25;379;202;0;
2033;2023.05.15 15:45;4;20,9375;21,375;22,375;380;202;0;
2034;2023.05.15 16:00;4;20,9375;21,4375;22,0625;380;202;0;
2035;2023.05.15 16:15;4;20,8125;21,4375;21,75;384;202;0;
2036;2023.05.15 16:30;4;20,6875;21,375;21,5;384;202;0;
2037;2023.05.15 16:45;4;20,5;21,25;21,125;386;202;0;
2038;2023.05.15 17:00;4;20,3125;21,125;20,875;386;202;0;
2039;2023.05.15 17:15;4;20,125;20,9375;20,625;384;202;0;
2040;2023.05.15 17:30;4;20;20,8125;20,5;383;202;0;
2041;2023.05.15 17:45;4;20;20,75;20,5;383;202;0;
2042;2023.05.15 18:00;4;19,9375;20,625;20,5;383;202;0;
2043;2023.05.15 18:15;4;20;20,625;20,625;383;202;0;
2044;2023.05.15 18:30;4;20;20,625;20,625;383;202;0;
2045;2023.05.15 18:45;4;20;20,625;20,625;384;202;0;
2046;2023.05.15 19:00;4;20;20,5;20,5;380;202;0;
2047;2023.05.15 19:15;4;19,75;20,4375;20,125;379;202;0;
2048;2023.05.15 19:30;4;19,5625;20,25;19,75;378;202;0;
2049;2023.05.15 19:45;4;19,25;20;19,375;377;202;0;
2050;2023.05.15 20:00;4;18,9375;19,75;19;376;202;0;
2051;2023.05.15 20:15;4;18,5;19,5;18,5;375;202;0;
2052;2023.05.15 20:30;4;18,125;19,125;18;373;202;0;
2053;2023.05.15 20:45;4;17,6875;18,75;17,5;371;202;0;
2054;2023.05.15 21:00;4;17,25;18,3125;17;369;202;0;
2055;2023.05.15 21:15;4;16,75;17,875;16,4375;367;202;0;
2056;2023.05.15 21:30;4;16,25;17,375;15,875;365;202;0;
2057;2023.05.15 21:45;4;15,75;16,875;15,375;363;202;0;
2058;2023.05.15 22:00;4;15,25;16,4375;14,8125;361;202;0;
2059;2023.05.15 22:15;4;14,75;15,875;14,25;358;202;0;
2060;2023.05.15 22:30;4;14,25;15,375;13,75;356;202;0;
2061;2023.05.15 22:45;4;13,75;14,875;13,25;354;202;0;
2062;2023.05.15 23:00;4;13,25;14,375;12,75;352;202;0;
2063;2023.05.15 23:15;4;12,75;13,875;12,25;349;202;0;
2064;2023.05.15 23:30;4;12,25;13,375;11,75;347;202;0;
2065;2023.05.15 23:45;4;11,75;12,875;11,25;345;202;0;
2066;2023.05.16 00:00;4;11,25;12,4375;10,75;343;202;0;
2067;2023.05.16 00:15;4;10,75;11,9375;10,25;341;202;0;
2068;2023.05.16 00:30;4;10,3125;11,5;9,8125;339;202;0;
2069;2023.05.16 00:45;4;9,875;11;9,375;337;202;0;
2070;2023.05.16 01:00;4;9,375;10,5;9;335;202;0;
2071;2023.05.16 01:15;4;9;10,125;8,5625;333;202;0;
2072;2023.05.16 01:30;4;8,625;9,625;8,125;331;202;0;
2073;2023.05.16 01:45;4;8,1875;9,25;7,8125;329;202;0;
2074;2023.05.16 02:00;4;7,875;8,875;7,5;328;202;0;
2075;2023.05.16 02:15;4;7,5;8,5;7,125;326;202;0;
2076;2023.05.16 02:30;4;7,125;8,125;6,875;325;202;0;
2077;2023.05.16 02:45;4;6,875;7,8125;6,625;323;202;0;
2078;2023.05.16 03:00;4;6,625;7,5;6,375;322;202;0;
2079;2023.05.16 03:15;4;6,3125;7,1875;6,0625;321;202;0;
2080;2023.05.16 03:30;4;6;6,875;5,8125;319;202;0;
2081;2023.05.16 03:45;4;5,75;6,625;5,625;318;202;0;
2082;2023.05.16 04:00;4;5,625;6,375;5,4375;317;202;0;
2083;2023.05.16 04:15;4;5,375;6,1875;5,3125;316;202;0;
2084;2023.05.16 04:30;4;5,25;6;5,25;316;202;0;
2085;2023.05.16 04:45;4;5,125;5,875;5,125;315;202;0;
2086;2023.05.16 05:00;4;5,125;5,75;5,125;315;202;0;
2087;2023.05.16 05:15;4;5;5,625;5,0625;314;202;0;
2088;2023.05.16 05:30;4;5;5,5625;5,125;314;202;0;
2089;2023.05.16 05:45;4;5;5,5;5,125;314;202;0;
2090;2023.05.16 06:00;4;5;5,5;5,25;314;202;0;
2091;2023.05.16 06:15;4;5,0625;5,5;5,4375;314;202;0;
2092;2023.05.16 06:30;4;5,125;5,625;5,625;315;202;0;
2093;2023.05.16 06:45;4;5,25;5,6875;5,9375;315;202;0;
2094;2023.05.16 07:00;4;5,375;5,8125;6,25;316;202;0;
2095;2023.05.16 07:15;4;5,625;6;6,625;316;202;0;
2096;2023.05.16 07:30;4;6,25;6,5;8;316;202;0;
2097;2023.05.16 07:45;4;6,6875;7;8,5;320;202;0;
2098;2023.05.16 08:00;4;7,25;7,5;9;321;202;0;
2099;2023.05.16 08:15;4;7,75;8;9,5625;324;202;0;
2100;2023.05.16 08:30;4;8,125;8,3125;9,75;326;202;0;
2101;2023.05.16 08:45;4;9,125;9;10,3125;326;202;0;
2102;2023.05.16 09:00;4;9,625;9,5;10,5;328;202;0;
2103;2023.05.16 09:15;4;9,75;9,75;10,875;330;202;0;
2104;2023.05.16 09:30;4;10,125;10,125;11,125;331;202;0;
2105;2023.05.16 09:45;4;10,1875;10,375;11,25;333;202;0;
2106;2023.05.16 10:00;4;10,5;10,625;11,5;335;202;0;
2107;2023.05.16 10:15;4;10,6875;10,875;11,75;336;202;0;
2108;2023.05.16 10:30;4;10,875;11,1875;11,75;331;202;0;
2109;2023.05.16 10:45;4;11,125;11,4375;11,9375;333;202;0;
2110;2023.05.16 11:00;4;11,5625;11,75;12,625;333;202;0;
2111;2023.05.16 11:15;4;11,9375;12,125;13,1875;336;202;0;
2112;2023.05.16 11:30;4;12,25;12,5;13,625;328;202;0;
2113;2023.05.16 11:45;4;12,75;13;13,875;330;202;0;
2114;2023.05.16 12:00;4;13;13,3125;14,125;332;202;0;
2115;2023.05.16 12:15;4;13,125;13,625;14,375;330;202;0;
2116;2023.05.16 12:30;4;13,25;13,875;14,5;332;202;0;
2117;2023.05.16 12:45;4;13,625;14,125;15;333;202;0;
2118;2023.05.16 13:00;4;13,6875;14,125;14,5;334;202;0;
2119;2023.05.16 13:15;4;13,6875;14,25;14,375;333;202;0;
2120;2023.05.16 13:30;4;13,375;14,125;13,9375;333;202;0;
2121;2023.05.16 13:45;4;13,625;14,25;14,125;332;202;0;
2122;2023.05.16 14:00;4;13,8125;14,375;14,5625;336;202;0;
2123;2023.05.16 14:15;4;14,5;14,75;15;346;202;0;
2124;2023.05.16 14:30;4;14,75;15,25;15,375;371;202;0;
2125;2023.05.16 14:45;4;9,875;15,25;18,375;3364;202;0;
2126;2023.05.16 15:00;4;9,375;12,5;13,625;3365;202;0;
2127;2023.05.16 15:15;4;9,375;11,875;13,75;3369;202;0;
2128;2023.05.16 15:30;4;9,3125;11,875;14,125;3371;202;0;
2129;2023.05.16 15:45;4;9,375;11,625;13,25;3373;202;0;
2130;2023.05.16 16:00;4;9,3125;11,375;12,5;3375;202;0;
2131;2023.05.16 16:15;4;9,375;11,3125;12,625;3377;202;0;
2132;2023.05.16 16:30;4;9,375;11,25;12,75;3380;202;0;
2133;2023.05.16 16:45;4;9,375;11,25;12,75;3378;202;0;
2134;2023.05.16 17:00;4;9,375;11,3125;13;3379;202;0;
2135;2023.05.16 17:15;4;9,375;11,1875;12,3125;3381;202;0;
2136;2023.05.16 17:30;4;9,375;10,875;11,3125;3382;202;0;
2137;2023.05.16 17:45;4;9,375;10,6875;11;3383;202;0;
2138;2023.05.16 18:00;4;9,375;10,625;11;3384;202;0;
2139;2023.05.16 18:15;4;9,375;10,5625;10,75;3369;202;0;
2140;2023.05.16 18:30;4;9,375;10,5;10,5;3369;202;0;
2141;2023.05.16 18:45;4;9,375;10,5;10,625;3369;202;0;
2142;2023.05.16 19:00;4;9,375;10,4375;10,625;3369;202;0;
2143;2023.05.16 19:15;4;9,375;10,4375;10,625;3370;202;0;
2144;2023.05.16 19:30;4;9,375;10,375;10,3125;3370;202;0;
2145;2023.05.16 19:45;4;9,375;10,25;9,75;3371;202;0;
2146;2023.05.16 20:00;4;9,375;10,125;9,375;3371;202;0;
2147;2023.05.16 20:15;4;9,375;9,9375;9;3372;202;0;
2148;2023.05.16 20:30;4;9,375;9,875;8,6875;3372;202;0;
2149;2023.05.16 20:45;4;9,375;9,6875;8,125;3373;202;0;
2150;2023.05.16 21:00;4;9,375;9,5625;7,75;3365;202;0;
2151;2023.05.16 21:15;4;9,375;9,4375;7,4375;3366;202;0;
2152;2023.05.16 21:30;4;9,375;9,375;7,5625;3366;202;0;
2153;2023.05.16 21:45;4;9,375;9,375;7,5;3367;202;0;
2154;2023.05.16 22:00;4;9,375;9,25;7,375;3368;202;0;
2155;2023.05.16 22:15;4;9,375;9,25;7,375;3369;202;0;
2156;2023.05.16 22:30;4;9,375;9,25;7,375;3368;202;0;
2157;2023.05.16 22:45;4;9,375;9,125;7,125;3369;202;0;
2158;2023.05.16 23:00;4;9,375;9,0625;6,875;3370;202;0;
2159;2023.05.16 23:15;4;9,375;8,9375;6,5;3369;202;0;
2160;2023.05.16 23:30;4;9,375;8,9375;6,9375;3367;202;0;
2161;2023.05.16 23:45;4;9,375;8,9375;6,9375;3368;202;0;
2162;2023.05.17 00:00;4;9,375;8,875;6,75;3369;202;0;
2163;2023.05.17 00:15;4;9,375;8,875;6,5;3369;202;0;
2164;2023.05.17 00:30;4;9,375;8,75;6,375;3369;202;0;
2165;2023.05.17 00:45;4;9,375;8,75;6,375;3369;202;0;
2166;2023.05.17 01:00;4;9,375;8,6875;6,25;3370;202;0;
2167;2023.05.17 01:15;4;9,3125;8,625;6,0625;3370;202;0;
2168;2023.05.17 01:30;4;9,3125;8,5;5,8125;3371;202;0;
2169;2023.05.17 01:45;4;9,3125;8,5;5,5;3371;202;0;
2170;2023.05.17 02:00;4;9,3125;8,375;5,375;3372;202;0;
2171;2023.05.17 02:15;4;9,25;8,3125;5,375;3373;202;0;
2172;2023.05.17 02:30;4;9,25;8,3125;5,4375;3373;202;0;
2173;2023.05.17 02:45;4;9,25;8,25;5,5;3374;202;0;
2174;2023.05.17 03:00;4;9,25;8,25;5,25;3375;202;0;
2175;2023.05.17 03:15;4;9,25;8,125;5,0625;3375;202;0;
2176;2023.05.17 03:30;4;9,25;8,0625;4,875;3376;202;0;
2177;2023.05.17 03:45;4;9,25;8;4,75;3377;202;0;
2178;2023.05.17 04:00;4;9,25;7,9375;4,625;3378;202;0;
2179;2023.05.17 04:15;4;9,25;7,875;4,6875;3379;202;0;
2180;2023.05.17 04:30;4;9,1875;7,875;4,625;3378;202;0;
2181;2023.05.17 04:45;4;9,1875;7,875;5,0625;3377;202;0;
2182;2023.05.17 05:00;4;9,1875;8;5,375;3377;202;0;
2183;2023.05.17 05:15;4;9,1875;8,125;5,875;3377;202;0;
2184;2023.05.17 05:30;4;9,125;8,3125;6,625;3379;202;0;
2185;2023.05.17 05:45;4;9,125;8,5;7,375;3378;202;0;
2186;2023.05.17 06:00;4;9,125;8,75;7,875;3380;202;0;
2187;2023.05.17 06:15;4;9,125;8,875;8,25;3378;202;0;
2188;2023.05.17 06:30;4;9,125;9,0625;8,5;3379;202;0;
2189;2023.05.17 06:45;4;9,125;9,1875;8,875;3369;202;0;
2190;2023.05.17 07:00;4;9,125;9,3125;9,25;3369;202;0;
2191;2023.05.17 07:15;4;9,125;9,4375;9,625;3368;202;0;
2192;2023.05.17 07:30;4;9,125;9,625;10,25;3368;202;0;
2193;2023.05.17 07:45;4;9,125;9,8125;10,75;3368;202;0;
2194;2023.05.17 08:00;4;9,125;9,9375;10,75;3368;202;0;
2195;2023.05.17 08:15;4;9,125;10,125;11,625;3368;202;0;
2196;2023.05.17 08:30;4;9,125;10,5;13,25;3368;202;0;
2197;2023.05.17 08:45;4;9,125;10,8125;13,375;3369;202;0;
2198;2023.05.17 09:00;4;9,125;11,375;14,375;3369;202;0;
2199;2023.05.17 09:15;4;9,125;11,5625;15,125;3369;202;0;
2200;2023.05.17 09:30;4;9,125;11,5625;14,25;3369;202;0;
2201;2023.05.17 09:45;4;9,125;11,625;14,25;3369;202;0;
2202;2023.05.17 10:00;4;9,125;11,75;15;3369;202;0;
2203;2023.05.17 10:15;4;9,125;11,625;13,8125;3370;202;0;
2204;2023.05.17 10:30;4;9,125;12;15,4375;3370;202;0;
2205;2023.05.17 10:45;4;9,125;11,9375;15,125;3368;202;0;
2206;2023.05.17 11:00;4;9,125;12;15,125;3368;202;0;
2207;2023.05.17 11:15;4;9,125;12,6875;17,25;3368;202;0;
2208;2023.05.17 11:30;4;9,125;14,875;21,0625;3368;202;0;
2209;2023.05.17 11:45;4;9,1875;14,875;19,25;3368;202;0;
2210;2023.05.17 12:00;4;9,1875;14,5;18;3368;202;0;
2211;2023.05.17 12:15;4;9,1875;13,875;17,625;3367;202;0;
2212;2023.05.17 12:30;4;9,25;14,125;17,9375;3367;202;0;
2213;2023.05.17 12:45;4;9,25;14,125;18,5;3367;202;0;
2214;2023.05.17 13:00;4;9,25;14,5625;19,125;3367;202;0;
2215;2023.05.17 13:15;4;9,25;14,625;18,875;3366;202;0;
2216;2023.05.17 13:30;4;9,3125;15,25;20,5;3366;202;0;
2217;2023.05.17 13:45;4;9,375;15,625;21,5;3366;202;0;
2218;2023.05.17 14:00;4;9,375;16;22;3366;202;0;
2219;2023.05.17 14:15;4;9,375;15,5;20,0625;3366;202;0;
2220;2023.05.17 14:30;4;9,4375;14,875;18,8125;3366;202;0;
2221;2023.05.17 14:45;4;9,5;14,75;18,875;3366;202;0;
2222;2023.05.17 15:00;4;9,5;14,5;17,6875;3365;202;0;
2223;2023.05.17 15:15;4;9,5;13,875;15,8125;3365;202;0;
2224;2023.05.17 15:30;4;9,5625;13,5;15,0625;3364;202;0;
2225;2023.05.17 15:45;4;9,625;13,125;14,375;3364;202;0;
2226;2023.05.17 16:00;4;9,625;13;14;3364;202;0;
2227;2023.05.17 16:15;4;9,625;12,75;13,8125;3363;202;0;
2228;2023.05.17 16:30;4;9,6875;12,6875;13,5625;3363;202;0;
2229;2023.05.17 16:45;4;9,75;12,5;13,125;3363;202;0;
2230;2023.05.17 17:00;4;9,75;12,375;12,75;3363;202;0;
2231;2023.05.17 17:15;4;9,75;12,25;12,75;3363;202;0;
2232;2023.05.17 17:30;4;9,75;12,125;12,625;3363;202;0;
2233;2023.05.17 17:45;4;9,75;12,0625;12,5625;3363;202;0;
2234;2023.05.17 18:00;4;9,75;12;12,375;3363;202;0;
2235;2023.05.17 18:15;4;9,8125;11,875;12,125;3363;202;0;
2236;2023.05.17 18:30;4;9,8125;11,75;11,75;3363;202;0;
2237;2023.05.17 18:45;4;9,875;11,625;11,4375;3363;202;0;
2238;2023.05.17 19:00;4;9,875;11,5;11,25;3363;202;0;
2239;2023.05.17 19:15;4;9,875;11,375;11,0625;3363;202;0;
2240;2023.05.17 19:30;4;9,875;11,25;10,75;3363;202;0;
2241;2023.05.17 19:45;4;9,875;11,125;10,125;3363;202;0;
2242;2023.05.17 20:00;4;9,875;10,9375;9,625;3364;202;0;
2243;2023.05.17 20:15;4;9,875;10,75;9,25;3364;202;0;
2244;2023.05.17 20:30;4;9,875;10,625;9;3364;202;0;
2245;2023.05.17 20:45;4;9,875;10,5;8,875;3362;202;0;
2246;2023.05.17 21:00;4;9,875;10,4375;8,75;3362;202;0;
2247;2023.05.17 21:15;4;9,875;10,375;8,625;3361;202;0;
2248;2023.05.17 21:30;4;9,875;10,25;8,4375;3361;202;0;
2249;2023.05.17 21:45;4;9,875;10,1875;8,25;3362;202;0;
2250;2023.05.17 22:00;4;9,875;10,0625;8;3362;202;0;
2251;2023.05.17 22:15;4;9,875;10;7,9375;3362;202;0;
2252;2023.05.17 22:30;4;9,875;9,9375;7,9375;3362;202;0;
2253;2023.05.17 22:45;4;9,875;9,875;8;3363;202;0;
2254;2023.05.17 23:00;4;9,8125;9,875;7,8125;3363;202;0;
2255;2023.05.17 23:15;4;9,8125;9,75;7,6875;3363;202;0;
2256;2023.05.17 23:30;4;9,8125;9,75;7,625;3363;202;0;
2257;2023.05.17 23:45;4;9,75;9,6875;7,5;3364;202;0;
2258;2023.05.18 00:00;4;9,75;9,625;7,6875;3364;202;0;
2259;2023.05.18 00:15;4;9,75;9,625;7,75;3365;202;0;
2260;2023.05.18 00:30;4;9,75;9,625;7,75;3364;202;0;
2261;2023.05.18 00:45;4;9,75;9,625;7,875;3366;202;0;
2262;2023.05.18 01:00;4;9,75;9,625;7,9375;3366;202;0;
2263;2023.05.18 01:15;4;9,75;9,625;8;3366;202;0;
2264;2023.05.18 01:30;4;9,75;9,625;7,875;3366;202;0;
2265;2023.05.18 01:45;4;9,75;9,625;7,6875;3367;202;0;
2266;2023.05.18 02:00;4;9,75;9,5;7,5;3368;202;0;
2267;2023.05.18 02:15;4;9,6875;9,5;7,5;3367;202;0;
2268;2023.05.18 02:30;4;9,6875;9,5;7,5;3367;202;0;
2269;2023.05.18 02:45;4;9,6875;9,4375;7,5;3367;202;0;
2270;2023.05.18 03:00;4;9,625;9,375;7,5;3369;202;0;
2271;2023.05.18 03:15;4;9,625;9,375;7,5;3368;202;0;
2272;2023.05.18 03:30;4;9,625;9,375;7,5;3368;202;0;
2273;2023.05.18 03:45;4;9,625;9,375;7,625;3368;202;0;
2274;2023.05.18 04:00;4;9,625;9,375;7,6875;3369;202;0;
2275;2023.05.18 04:15;4;9,625;9,375;7,75;3369;202;0;
2276;2023.05.18 04:30;4;9,625;9,375;7,8125;3369;202;0;
2277;2023.05.18 04:45;4;9,625;9,4375;8,0625;3369;202;0;
2278;2023.05.18 05:00;4;9,625;9,5;8,375;3370;202;0;
2279;2023.05.18 05:15;4;9,5625;9,625;8,75;3370;202;0;
2280;2023.05.18 05:30;4;9,5625;9,75;9,125;3370;202;0;
2281;2023.05.18 05:45;4;9,5625;9,8125;9,4375;3370;202;0;
2282;2023.05.18 06:00;4;9,5625;9,9375;9,8125;3370;202;0;
2283;2023.05.18 06:15;4;9,5625;10;10,125;3371;202;0;
2284;2023.05.18 06:30;4;9,5;10,125;10,375;3371;202;0;
2285;2023.05.18 06:45;4;9,5;10,25;10,75;3372;202;0;
2286;2023.05.18 07:00;4;9,5;10,375;11,25;3371;202;0;
2287;2023.05.18 07:15;4;9,5;10,625;11,875;3371;202;0;
2288;2023.05.18 07:30;4;9,5;10,75;12,375;3372;202;0;
2289;2023.05.18 07:45;4;9,5;11;13,125;3372;202;0;
2290;2023.05.18 08:00;4;9,5;11,25;13,625;3372;202;0;
2291;2023.05.18 08:15;4;9,5;11,4375;13,875;3372;202;0;
2292;2023.05.18 08:30;4;9,5;11,625;14,375;3372;202;0;
2293;2023.05.18 08:45;4;9,5;11,75;14,5;3372;202;0;
2294;2023.05.18 09:00;4;9,5;11,9375;14,75;3372;202;0;
2295;2023.05.18 09:15;4;9,5;12,0625;14,875;3372;202;0;
2296;2023.05.18 09:30;4;9,5;12,125;14,9375;3372;202;0;
2297;2023.05.18 09:45;4;9,5;12,125;14,75;3372;202;0;
2298;2023.05.18 10:00;4;9,5;12,25;15,3125;3372;202;0;
2299;2023.05.18 10:15;4;9,5;12,25;14,8125;3372;202;0;
2300;2023.05.18 10:30;4;9,5;12,25;14,75;3372;202;0;
2301;2023.05.18 10:45;4;9,5625;12,4375;15,0625;3372;202;0;
2302;2023.05.18 11:00;4;9,5625;12,375;14,625;3372;202;0;
2303;2023.05.18 11:15;4;9,5625;12,625;15,8125;3372;202;0;
2304;2023.05.18 11:30;4;9,5625;12,9375;16,25;3372;202;0;
2305;2023.05.18 11:45;4;9,625;12,875;15,3125;3372;202;0;
2306;2023.05.18 12:00;4;9,625;12,6875;15;3372;202;0;
2307;2023.05.18 12:15;4;9,625;12,6875;15,0625;3371;202;0;
2308;2023.05.18 12:30;4;9,625;12,8125;15,5;3371;202;0;
2309;2023.05.18 12:45;4;9,625;12,9375;15,75;3371;202;0;
2310;2023.05.18 13:00;4;9,625;13,1875;16,3125;3370;202;0;
2311;2023.05.18 13:15;4;9,625;13,5;17,125;3371;202;0;
2312;2023.05.18 13:30;4;9,625;13,5;16,375;3370;202;0;
2313;2023.05.18 13:45;4;9,6875;13,6875;17,1875;3370;202;0;
2314;2023.05.18 14:00;4;9,6875;14,4375;19,875;3371;202;0;
2315;2023.05.18 14:15;4;9,75;14,5;18,375;3371;202;0;
2316;2023.05.18 14:30;4;9,75;13,75;15,875;3370;202;0;
2317;2023.05.18 14:45;4;9,75;13,4375;15,3125;3370;202;0;
2318;2023.05.18 15:00;4;9,75;13,125;14,625;3370;202;0;
2319;2023.05.18 15:15;4;9,8125;12,875;14,0625;3367;202;0;
2320;2023.05.18 15:30;4;9,8125;12,75;13,875;3367;202;0;
2321;2023.05.18 15:45;4;9,875;12,625;13,8125;3368;202;0;
2322;2023.05.18 16:00;4;9,875;12,625;13,8125;3367;202;0;
2323;2023.05.18 16:15;4;9,875;12,5;13,6875;3367;202;0;
2324;2023.05.18 16:30;4;9,875;12,375;13,3125;3365;202;0;
2325;2023.05.18 16:45;4;9,875;12,375;13,3125;3368;202;0;
2326;2023.05.18 17:00;4;9,875;12,25;13,1875;3367;202;0;
2327;2023.05.18 17:15;4;9,9375;12,125;12,8125;3367;202;0;
2328;2023.05.18 17:30;4;9,9375;12,125;12,75;3365;202;0;
2329;2023.05.18 17:45;4;9,9375;12;12,5;3346;202;0;
2330;2023.05.18 18:00;4;9,9375;11,875;12,25;3345;202;0;
2331;2023.05.18 18:15;4;10;11,75;11,9375;3345;202;0;
2332;2023.05.18 18:30;4;10;11,625;11,625;3343;202;0;
2333;2023.05.18 18:45;4;10;11,5625;11,5;3343;202;0;
2334;2023.05.18 19:00;4;10;11,5;11,25;3343;202;0;
2335;2023.05.18 19:15;4;10;11,375;10,875;3343;202;0;
2336;2023.05.18 19:30;4;10;11,25;10,625;3342;202;0;
2337;2023.05.18 19:45;4;10;11,125;10,375;3342;202;0;
2338;2023.05.18 20:00;4;10;11;10,1875;3342;202;0;
2339;2023.05.18 20:15;4;10;10,9375;9,9375;3342;202;0;
2340;2023.05.18 20:30;4;10;10,8125;9,625;3342;202;0;
2341;2023.05.18 20:45;4;10;10,625;8,875;3342;202;0;
2342;2023.05.18 21:00;4;10;10,375;8,25;3342;202;0;
2343;2023.05.18 21:15;4;10;10,1875;7,625;3341;202;0;
2344;2023.05.18 21:30;4;10;9,9375;7,125;3341;202;0;
2345;2023.05.18 21:45;4;10;9,8125;7;3341;202;0;
2346;2023.05.18 22:00;4;10;9,8125;7,375;3342;202;0;
2347;2023.05.18 22:15;4;10;9,875;7,875;3342;202;0;
2348;2023.05.18 22:30;4;10;9,9375;8,125;3342;202;0;
2349;2023.05.18 22:45;4;10;10;8,375;3342;202;0;
2350;2023.05.18 23:00;4;9,9375;10;8,5625;3344;202;0;
2351;2023.05.18 23:15;4;9,9375;10,125;8,75;3342;202;0;
2352;2023.05.18 23:30;4;9,9375;10,125;8,875;3344;202;0;
2353;2023.05.18 23:45;4;9,9375;10,125;9;3343;202;0;
2354;2023.05.19 00:00;4;9,875;10,125;9;3343;202;0;
2355;2023.05.19 00:15;4;9,875;10,125;9;3343;202;0;
2356;2023.05.19 00:30;4;9,875;10,125;9,0625;3343;202;0;
2357;2023.05.19 00:45;4;9,875;10,125;9;3343;202;0;
2358;2023.05.19 01:00;4;9,875;10,125;9,125;3343;202;0;
2359;2023.05.19 01:15;4;9,875;10,125;9,125;3343;202;0;
2360;2023.05.19 01:30;4;9,875;10,125;9,1875;3344;202;0;
2361;2023.05.19 01:45;4;9,875;10,125;9,25;3344;202;0;
2362;2023.05.19 02:00;4;9,875;10,125;9,25;3344;202;0;
2363;2023.05.19 02:15;4;9,875;10,125;9,25;3344;202;0;
2364;2023.05.19 02:30;4;9,875;10,125;9,25;3344;202;0;
2365;2023.05.19 02:45;4;9,8125;10,125;9,25;3344;202;0;
2366;2023.05.19 03:00;4;9,8125;10,125;9,25;3344;202;0;
2367;2023.05.19 03:15;4;9,8125;10,125;9,25;3345;202;0;
2368;2023.05.19 03:30;4;9,8125;10,125;9,1875;3345;202;0;
2369;2023.05.19 03:45;4;9,75;10,0625;9,0625;3345;202;0;
2370;2023.05.19 04:00;4;9,75;10;8,75;3345;202;0;
2371;2023.05.19 04:15;4;9,75;9,875;8,5;3345;202;0;
2372;2023.05.19 04:30;4;9,75;9,875;8,3125;3345;202;0;
2373;2023.05.19 04:45;4;9,75;9,75;8;3345;202;0;
2374;2023.05.19 05:00;4;9,75;9,625;7,875;3345;202;0;
2375;2023.05.19 05:15;4;9,75;9,625;8,0625;3346;202;0;
2376;2023.05.19 05:30;4;9,75;9,75;8,75;3346;202;0;
2377;2023.05.19 05:45;4;9,75;9,75;8,875;3346;202;0;
2378;2023.05.19 06:00;4;9,75;9,875;9,5;3346;202;0;
2379;2023.05.19 06:15;4;9,75;10,125;9,75;3347;202;0;
2380;2023.05.19 06:30;4;9,75;10,1875;10;3347;202;0;
2381;2023.05.19 06:45;4;9,75;10,375;10,375;3347;202;0;
2382;2023.05.19 07:00;4;9,75;10,375;10,4375;3347;202;0;
2383;2023.05.19 07:15;4;9,6875;10,5;10,625;3347;202;0;
2384;2023.05.19 07:30;4;9,6875;10,625;11,3125;3347;202;0;
2385;2023.05.19 07:45;4;9,6875;10,75;11,5;3347;202;0;
2386;2023.05.19 08:00;4;9,6875;10,75;11,25;3348;202;0;
2387;2023.05.19 08:15;4;9,6875;10,75;11,625;3348;202;0;
2388;2023.05.19 08:30;4;9,6875;11,25;13,875;3348;202;0;
2389;2023.05.19 08:45;4;9,6875;11,8125;15;3348;202;0;
2390;2023.05.19 09:00;4;9,6875;12,375;15,4375;3348;202;0;
2391;2023.05.19 09:15;4;9,6875;12,3125;15;3348;202;0;
2392;2023.05.19 09:30;4;9,6875;12,625;16;3347;202;0;
2393;2023.05.19 09:45;4;9,6875;12,5;15,125;3347;202;0;
2394;2023.05.19 10:00;4;9,6875;12,4375;15;3346;202;0;
2395;2023.05.19 10:15;4;9,6875;12,25;14,125;3345;202;0;
2396;2023.05.19 10:30;4;9,6875;12,4375;15,375;3345;202;0;
2397;2023.05.19 10:45;4;9,75;12,375;14,75;3344;202;0;
2398;2023.05.19 11:00;4;9,75;12,3125;14,625;3344;202;0;
2399;2023.05.19 11:15;4;9,75;13;17,875;3344;202;0;
2400;2023.05.19 11:30;4;9,75;15,375;22,75;3344;202;0;
2401;2023.05.19 11:45;4;9,75;14,25;17,125;3343;202;0;
2402;2023.05.19 12:00;4;9,75;14,25;18,9375;3342;202;0;
2403;2023.05.19 12:15;4;9,75;14,25;18,9375;3342;202;0;
2404;2023.05.19 12:30;4;9,75;14,25;18,25;3341;202;0;
2405;2023.05.19 12:45;4;9,75;14;18,125;3341;202;0;
2406;2023.05.19 13:00;4;9,8125;14,375;19,25;3340;202;0;
2407;2023.05.19 13:15;4;9,875;14,375;18,375;3340;202;0;
2408;2023.05.19 13:30;4;9,875;14,8125;19,875;3333;202;0;
2409;2023.05.19 13:45;4;9,875;14,5;18,1875;3333;202;0;
2410;2023.05.19 14:00;4;9,875;14,4375;18,75;3332;202;0;
2411;2023.05.19 14:15;4;9,875;14,9375;20,4375;3332;202;0;
2412;2023.05.19 14:30;4;9,9375;15;19,875;3331;202;0;
2413;2023.05.19 14:45;4;10;15,5625;21,625;3331;202;0;
2414;2023.05.19 15:00;4;10;14,875;18,5;3330;202;0;
2415;2023.05.19 15:15;4;10;14,375;17,0625;3330;202;0;
2416;2023.05.19 15:30;4;10;14,125;17,125;3329;202;0;
2417;2023.05.19 15:45;4;10,0625;14;16,75;3329;202;0;
2418;2023.05.19 16:00;4;10,0625;13,75;16;3328;202;0;
2419;2023.05.19 16:15;4;10,125;13,8125;17;3328;202;0;
2420;2023.05.19 16:30;4;10,125;13,625;16;3328;202;0;
2421;2023.05.19 16:45;4;10,125;13,375;15,5;3327;202;0;
2422;2023.05.19 17:00;4;10,125;13,4375;16,125;3327;202;0;
2423;2023.05.19 17:15;4;10,1875;13,25;14,9375;3326;202;0;
2424;2023.05.19 17:30;4;10,1875;13,0625;14,6875;3323;202;0;
2425;2023.05.19 17:45;4;10,25;12,875;14,25;3322;202;0;
2426;2023.05.19 18:00;4;10,25;12,75;14;3321;202;0;
2427;2023.05.19 18:15;4;10,25;12,625;13,5;3321;202;0;
2428;2023.05.19 18:30;4;10,25;12,5;13,3125;3321;202;0;
2429;2023.05.19 18:45;4;10,25;12,4375;13,125;3320;202;0;
2430;2023.05.19 19:00;4;10,25;12,3125;12,75;3320;202;0;
2431;2023.05.19 19:15;4;10,25;12,1875;12,25;3320;202;0;
2432;2023.05.19 19:30;4;10,25;12;11,5;3320;202;0;
2433;2023.05.19 19:45;4;10,25;11,75;11;3319;202;0;
2434;2023.05.19 20:00;4;10,25;11,5625;10,5;3319;202;0;
2435;2023.05.19 20:15;4;10,25;11,375;9,875;3319;202;0;
2436;2023.05.19 20:30;4;10,25;11,125;9,375;3318;202;0;
2437;2023.05.19 20:45;4;10,25;10,9375;8,875;3318;202;0;
2438;2023.05.19 21:00;4;10,25;10,75;8,5;3318;202;0;
2439;2023.05.19 21:15;4;10,25;10,625;8,0625;3318;202;0;
2440;2023.05.19 21:30;4;10,25;10,375;7,5625;3318;202;0;
2441;2023.05.19 21:45;4;10,25;10,25;7,3125;3318;202;0;
2442;2023.05.19 22:00;4;10,25;10,125;7,125;3318;202;0;
2443;2023.05.19 22:15;4;10,25;10;7;3318;202;0;
2444;2023.05.19 22:30;4;10,25;9,9375;7,0625;3318;202;0;
2445;2023.05.19 22:45;4;10,25;9,9375;7,25;3318;202;0;
2446;2023.05.19 23:00;4;10,25;9,9375;7,4375;3318;202;0;
2447;2023.05.19 23:15;4;10,25;9,9375;7,5;3318;202;0;
2448;2023.05.19 23:30;4;10,25;9,875;7,5;3318;202;0;
2449;2023.05.19 23:45;4;10,1875;9,8125;7,1875;3319;202;0;
2450;2023.05.20 00:00;4;10,1875;9,75;7;3318;202;0;
2451;2023.05.20 00:15;4;10,1875;9,6875;7;3318;202;0;
2452;2023.05.20 00:30;4;10,125;9,6875;7,0625;3318;202;0;
2453;2023.05.20 00:45;4;10,125;9,625;7;3317;202;0;
2454;2023.05.20 01:00;4;10,125;9,625;7;3318;202;0;
2455;2023.05.20 01:15;4;10,125;9,625;7,0625;3318;202;0;
2456;2023.05.20 01:30;4;10,125;9,5625;7;3317;202;0;
2457;2023.05.20 01:45;4;10,125;9,5625;7,0625;3317;202;0;
2458;2023.05.20 02:00;4;10,125;9,5;7;3317;202;0;
2459;2023.05.20 02:15;4;10,0625;9,5;7,0625;3317;202;0;
2460;2023.05.20 02:30;4;10,0625;9,5;7;3317;202;0;
2461;2023.05.20 02:45;4;10;9,5;7;3317;202;0;
2462;2023.05.20 03:00;4;10;9,4375;7,0625;3317;202;0;
2463;2023.05.20 03:15;4;10;9,375;6,875;3317;202;0;
2464;2023.05.20 03:30;4;10;9,375;6,875;3317;202;0;
2465;2023.05.20 03:45;4;10;9,3125;6,75;3317;202;0;
2466;2023.05.20 04:00;4;10;9,25;6,75;3318;202;0;
2467;2023.05.20 04:15;4;10;9,25;6,75;3318;202;0;
2468;2023.05.20 04:30;4;9,9375;9,25;6,9375;3318;202;0;
2469;2023.05.20 04:45;4;9,9375;9,3125;7,125;3318;202;0;
2470;2023.05.20 05:00;4;9,9375;9,375;7,5;3318;202;0;
2471;2023.05.20 05:15;4;9,875;9,5;8,0625;3318;202;0;
2472;2023.05.20 05:30;4;9,875;9,75;9;3318;202;0;
2473;2023.05.20 05:45;4;9,875;10;9,75;3318;202;0;
2474;2023.05.20 06:00;4;9,875;10,125;10,125;3318;202;0;
2475;2023.05.20 06:15;4;9,875;10,25;10,5;3320;202;0;
2476;2023.05.20 06:30;4;9,875;10,4375;11;3318;202;0;
2477;2023.05.20 06:45;4;9,875;10,625;11,4375;3318;202;0;
2478;2023.05.20 07:00;4;9,875;10,75;12,0625;3321;202;0;
2479;2023.05.20 07:15;4;9,875;11;12,75;3318;202;0;
2480;2023.05.20 07:30;4;9,8125;11,125;13,25;3319;202;0;
2481;2023.05.20 07:45;4;9,8125;11,375;13,75;3318;202;0;
2482;2023.05.20 08:00;4;9,8125;11,5;14,125;3318;202;0;
2483;2023.05.20 08:15;4;9,8125;11,75;14,8125;3318;202;0;
2484;2023.05.20 08:30;4;9,8125;12,125;16,3125;3317;202;0;
2485;2023.05.20 08:45;4;9,8125;12,625;17,125;3316;202;0;
2486;2023.05.20 09:00;4;9,8125;12,875;16,75;3316;202;0;
2487;2023.05.20 09:15;4;9,8125;12,75;15,9375;3317;202;0;
2488;2023.05.20 09:30;4;9,8125;12,9375;17;3316;202;0;
2489;2023.05.20 09:45;4;9,8125;13,125;17,375;3314;202;0;
2490;2023.05.20 10:00;4;9,8125;13,5;18,5;3313;202;0;
2491;2023.05.20 10:15;4;9,875;13,75;18,25;3313;202;0;
2492;2023.05.20 10:30;4;9,875;13,875;18,5;3313;202;0;
2493;2023.05.20 10:45;4;9,875;13,75;18,3125;3312;202;0;
2494;2023.05.20 11:00;4;9,875;13,75;18,3125;3311;202;0;
2495;2023.05.20 11:15;4;9,875;14,1875;20,625;3311;202;0;
2496;2023.05.20 11:30;4;9,875;15,625;21,25;3311;202;0;
2497;2023.05.20 11:45;4;9,875;14,375;16,8125;3310;202;0;
2498;2023.05.20 12:00;4;9,9375;13,75;16;3310;202;0;
2499;2023.05.20 12:15;4;9,9375;13,8125;17;3310;202;0;
2500;2023.05.20 12:30;4;10;13,875;17,4375;3309;202;0;
2501;2023.05.20 12:45;4;10;14,5;19,8125;3310;202;0;
2502;2023.05.20 13:00;4;10;15,25;21,125;3307;202;0;
2503;2023.05.20 13:15;4;10;15,1875;19,5;3307;202;0;
2504;2023.05.20 13:30;4;10;14,5;17,125;3306;202;0;
2505;2023.05.20 13:45;4;10,0625;15;20,625;3305;202;0;
2506;2023.05.20 14:00;4;10,0625;15,5;20,5625;3305;202;0;
2507;2023.05.20 14:15;4;10,125;15;18,875;3304;202;0;
2508;2023.05.20 14:30;4;10,125;15;19,875;3303;202;0;
2509;2023.05.20 14:45;4;10,125;15,6875;21,3125;3303;202;0;
2510;2023.05.20 15:00;4;10,125;15,8125;20,75;3302;202;0;
2511;2023.05.20 15:15;4;10,1875;15,375;19,375;3302;202;0;
2512;2023.05.20 15:30;4;10,25;14,75;17,375;3300;202;0;
2513;2023.05.20 15:45;4;10,25;14,5;17,75;3300;202;0;
2514;2023.05.20 16:00;4;10,25;14,625;18,625;3299;202;0;
2515;2023.05.20 16:15;4;10,25;14,75;18,75;3299;202;0;
2516;2023.05.20 16:30;4;10,3125;14,8125;19;3299;202;0;
2517;2023.05.20 16:45;4;10,3125;14,75;18,8125;3298;202;0;
2518;2023.05.20 17:00;4;10,375;14,5;17,5;3298;202;0;
2519;2023.05.20 17:15;4;10,375;14,125;16,125;3298;202;0;
2520;2023.05.20 17:30;4;10,375;13,75;15,25;3298;202;0;
2521;2023.05.20 17:45;4;10,375;13,5;14,6875;3298;202;0;
2522;2023.05.20 18:00;4;10,4375;13,25;14,25;3297;202;0;
2523;2023.05.20 18:15;4;10,4375;13,0625;13,875;3296;202;0;
2524;2023.05.20 18:30;4;10,5;12,9375;13,5;3296;202;0;
2525;2023.05.20 18:45;4;10,5;12,875;13,5;3296;202;0;
2526;2023.05.20 19:00;4;10,5;12,75;13,125;3296;202;0;
2527;2023.05.20 19:15;4;10,5;12,625;12,625;3295;202;0;
2528;2023.05.20 19:30;4;10,5;12,5;12,25;3295;202;0;
2529;2023.05.20 19:45;4;10,5;12,3125;11,9375;3294;202;0;
2530;2023.05.20 20:00;4;10,5;12,125;11,5;3294;202;0;
2531;2023.05.20 20:15;4;10,5;12;11,0625;3294;202;0;
2532;2023.05.20 20:30;4;10,5;11,8125;10,625;3294;202;0;
2533;2023.05.20 20:45;4;10,5;11,6875;10,375;3294;202;0;
2534;2023.05.20 21:00;4;10,5;11,5;10,0625;3294;202;0;
2535;2023.05.20 21:15;4;10,5;11,375;9,8125;3294;202;0;
2536;2023.05.20 21:30;4;10,5;11,3125;9,625;3294;202;0;
2537;2023.05.20 21:45;4;10,5;11,25;9,625;3294;202;0;
2538;2023.05.20 22:00;4;10,5;11,1875;9,6875;3294;202;0;
2539;2023.05.20 22:15;4;10,5;11,125;9,75;3294;202;0;
2540;2023.05.20 22:30;4;10,5;11,125;9,875;3294;202;0;
2541;2023.05.20 22:45;4;10,5;11,125;9,875;3294;202;0;
2542;2023.05.20 23:00;4;10,5;11,125;9,75;3294;202;0;
2543;2023.05.20 23:15;4;10,5;11;9,6875;3294;202;0;
2544;2023.05.20 23:30;4;10,5;11;9,5;3294;202;0;
2545;2023.05.20 23:45;4;10,5;10,9375;9,375;3294;202;0;
2546;2023.05.21 00:00;4;10,5;10,875;9,25;3294;202;0;
2547;2023.05.21 00:15;4;10,4375;10,8125;9,25;3294;202;0;
2548;2023.05.21 00:30;4;10,4375;10,75;9,125;3294;202;0;
2549;2023.05.21 00:45;4;10,4375;10,75;9,125;3294;202;0;
2550;2023.05.21 01:00;4;10,4375;10,625;8,9375;3294;202;0;
2551;2023.05.21 01:15;4;10,375;10,625;8,875;3294;202;0;
2552;2023.05.21 01:30;4;10,375;10,5625;8,75;3294;202;0;
2553;2023.05.21 01:45;4;10,375;10,5;8,75;3294;202;0;
2554;2023.05.21 02:00;4;10,375;10,5;8,625;3294;202;0;
2555;2023.05.21 02:15;4;10,375;10,4375;8,625;3294;202;0;
2556;2023.05.21 02:30;4;10,375;10,375;8,625;3294;202;0;
2557;2023.05.21 02:45;4;10,375;10,375;8,625;3295;202;0;
2558;2023.05.21 03:00;4;10,375;10,375;8,625;3295;202;0;
2559;2023.05.21 03:15;4;10,375;10,3125;8,5;3295;202;0;
2560;2023.05.21 03:30;4;10,3125;10,25;8,3125;3298;202;0;
2561;2023.05.21 03:45;4;10,3125;10,1875;8,125;3298;202;0;
2562;2023.05.21 04:00;4;10,3125;10,125;7,875;3298;202;0;
2563;2023.05.21 04:15;4;10,25;10;7,6875;3298;202;0;
2564;2023.05.21 04:30;4;10,25;9,9375;7,625;3298;202;0;
2565;2023.05.21 04:45;4;10,25;9,875;7,6875;3298;202;0;
2566;2023.05.21 05:00;4;10,25;10;8,125;3298;202;0;
2567;2023.05.21 05:15;4;10,25;10,125;8,625;3298;202;0;
2568;2023.05.21 05:30;4;10,25;10,25;9,25;3298;202;0;
2569;2023.05.21 05:45;4;10,25;10,375;9,75;3297;202;0;
2570;2023.05.21 06:00;4;10,25;10,5;10,25;3297;202;0;
2571;2023.05.21 06:15;4;10,1875;10,625;10,625;3297;202;0;
2572;2023.05.21 06:30;4;10,1875;10,75;10,9375;3297;202;0;
2573;2023.05.21 06:45;4;10,1875;10,875;11,25;3297;202;0;
2574;2023.05.21 07:00;4;10,125;11;11,75;3297;202;0;
2575;2023.05.21 07:15;4;10,125;11,1875;12,1875;3297;202;0;
2576;2023.05.21 07:30;4;10,125;11,375;12,6875;3297;202;0;
2577;2023.05.21 07:45;4;10,125;11,5625;13,1875;3297;202;0;
2578;2023.05.21 08:00;4;10,125;11,75;13,5;3297;202;0;
2579;2023.05.21 08:15;4;10,125;11,8125;13,625;3297;202;0;
2580;2023.05.21 08:30;4;10,125;12;14,3125;3297;202;0;
2581;2023.05.21 08:45;4;10,125;12,25;15,1875;3297;202;0;
2582;2023.05.21 09:00;4;10,125;12,5625;15,6875;3296;202;0;
2583;2023.05.21 09:15;4;10,125;12,75;16,25;3296;202;0;
2584;2023.05.21 09:30;4;10,125;12,875;16,25;3295;202;0;
2585;2023.05.21 09:45;4;10,125;13;16,4375;3295;202;0;
2586;2023.05.21 10:00;4;10,125;13,1875;16,75;3294;202;0;
2587;2023.05.21 10:15;4;10,125;13,25;16,75;3294;202;0;
2588;2023.05.21 10:30;4;10,125;13,4375;17,25;3297;202;0;
2589;2023.05.21 10:45;4;10,125;13,5;17,125;3293;202;0;
2590;2023.05.21 11:00;4;10,125;13,625;17,5;3293;202;0;
2591;2023.05.21 11:15;4;10,125;13,8125;17,875;3292;202;0;
2592;2023.05.21 11:30;4;10,125;14,3125;19,0625;3292;202;0;
2593;2023.05.21 11:45;4;10,1875;14,875;20,5;3292;202;0;
2594;2023.05.21 12:00;4;10,1875;14,875;19,125;3292;202;0;
2595;2023.05.21 12:15;4;10,25;14,375;17,75;3291;202;0;
2596;2023.05.21 12:30;4;10,25;14,125;17,1875;3290;202;0;
2597;2023.05.21 12:45;4;10,25;14;17,1875;3289;202;0;
2598;2023.05.21 13:00;4;10,25;14;17,625;3289;202;0;
2599;2023.05.21 13:15;4;10,25;13,875;16,75;3289;202;0;
2600;2023.05.21 13:30;4;10,25;13,75;16,5;3288;202;0;
2601;2023.05.21 13:45;4;10,3125;13,75;16,9375;3288;202;0;
2602;2023.05.21 14:00;4;10,3125;14;17,5625;3287;202;0;
2603;2023.05.21 14:15;4;10,3125;14;17,625;3287;202;0;
2604;2023.05.21 14:30;4;10,375;13,9375;16,8125;3287;202;0;
2605;2023.05.21 14:45;4;10,375;13,625;15,9375;3286;202;0;
2606;2023.05.21 15:00;4;10,375;13,625;16,25;3285;202;0;
2607;2023.05.21 15:15;4;10,375;13,75;16,8125;3283;202;0;
2608;2023.05.21 15:30;4;10,375;13,75;16,5;3283;202;0;
2609;2023.05.21 15:45;4;10,4375;13,625;16,25;3282;202;0;
2610;2023.05.21 16:00;4;10,4375;13,625;16,25;3282;202;0;
2611;2023.05.21 16:15;4;10,5;13,6875;16,4375;3281;202;0;
2612;2023.05.21 16:30;4;10,5;13,6875;16,5;3281;202;0;
2613;2023.05.21 16:45;4;10,5;13,5625;15,875;3279;202;0;
2614;2023.05.21 17:00;4;10,5;13,4375;15,5625;3278;202;0;
2615;2023.05.21 17:15;4;10,5;13,375;15,5;3277;202;0;
2616;2023.05.21 17:30;4;10,5;13,375;15,625;3277;202;0;
2617;2023.05.21 17:45;4;10,5;13,375;15,625;3276;202;0;
2618;2023.05.21 18:00;4;10,5;13,375;15,6875;3268;202;0;
2619;2023.05.21 18:15;4;10,5;13,375;15,625;3268;202;0;
2620;2023.05.21 18:30;4;10,5;13,3125;15,4375;3267;202;0;
2621;2023.05.21 18:45;4;10,5625;13,25;15,25;3266;202;0;
2622;2023.05.21 19:00;4;10,5625;13,125;14,75;3266;202;0;
2623;2023.05.21 19:15;4;10,5625;13;14;3264;202;0;
2624;2023.05.21 19:30;4;10,625;12,75;13,375;3263;202;0;
2625;2023.05.21 19:45;4;10,625;12,5;12,625;3263;202;0;
2626;2023.05.21 20:00;4;10,625;12,375;12,25;3262;202;0;
2627;2023.05.21 20:15;4;10,625;12,25;12;3262;202;0;
2628;2023.05.21 20:30;4;10,625;12,125;11,6875;3262;202;0;
2629;2023.05.21 20:45;4;10,625;12;11,75;3261;202;0;
2630;2023.05.21 21:00;4;10,625;12;11,625;3261;202;0;
2631;2023.05.21 21:15;4;10,625;11,875;11,375;3260;202;0;
2632;2023.05.21 21:30;4;10,625;11,75;10,75;3260;202;0;
2633;2023.05.21 21:45;4;10,625;11,5;10;3260;202;0;
2634;2023.05.21 22:00;4;10,625;11,25;9,5;3259;202;0;
2635;2023.05.21 22:15;4;10,625;11,125;9,0625;3259;202;0;
2636;2023.05.21 22:30;4;10,625;11;8,875;3259;202;0;
2637;2023.05.21 22:45;4;10,625;10,875;8,625;3259;202;0;
2638;2023.05.21 23:00;4;10,625;10,75;8,3125;3259;202;0;
2639;2023.05.21 23:15;4;10,625;10,5625;8;3258;202;0;
2640;2023.05.21 23:30;4;10,5625;10,4375;7,6875;3258;202;0;
2641;2023.05.21 23:45;4;10,5625;10,375;7,5625;3258;202;0;
2642;2023.05.22 00:00;4;10,5625;10,25;7,5;3258;202;0;
2643;2023.05.22 00:15;4;10,5625;10,125;7,25;3258;202;0;
2644;2023.05.22 00:30;4;10,5;10,0625;7,125;3258;202;0;
2645;2023.05.22 00:45;4;10,5;10,125;7,4375;3258;202;0;
2646;2023.05.22 01:00;4;10,5;10,125;7,8125;3258;202;0;
2647;2023.05.22 01:15;4;10,5;10,1875;8,0625;3258;202;0;
2648;2023.05.22 01:30;4;10,5;10,25;8,25;3258;202;0;
2649;2023.05.22 01:45;4;10,5;10,25;8;3258;202;0;
2650;2023.05.22 02:00;4;10,5;10,125;7,875;3258;202;0;
2651;2023.05.22 02:15;4;10,5;10,125;7,875;3258;202;0;
2652;2023.05.22 02:30;4;10,4375;10;7,5;3258;202;0;
2653;2023.05.22 02:45;4;10,4375;9,875;7,0625;3258;202;0;
2654;2023.05.22 03:00;4;10,375;9,75;6,6875;3256;202;0;
2655;2023.05.22 03:15;4;10,375;9,625;6,375;3256;202;0;
2656;2023.05.22 03:30;4;10,375;9,5;6,125;3256;202;0;
2657;2023.05.22 03:45;4;10,375;9,4375;6,375;3256;202;0;
2658;2023.05.22 04:00;4;10,375;9,5;6,875;3256;202;0;
2659;2023.05.22 04:15;4;10,375;9,5625;7;3257;202;0;
2660;2023.05.22 04:30;4;10,375;9,5;6,75;3257;202;0;
2661;2023.05.22 04:45;4;10,3125;9,5;7;3257;202;0;
2662;2023.05.22 05:00;4;10,3125;9,625;7,625;3257;202;0;
2663;2023.05.22 05:15;4;10,25;9,875;8,5;3257;202;0;
2664;2023.05.22 05:30;4;10,25;10,125;9,5;3257;202;0;
2665;2023.05.22 05:45;4;10,25;10,25;9,8125;3257;202;0;
2666;2023.05.22 06:00;4;10,25;10,4375;10,25;3257;202;0;
2667;2023.05.22 06:15;4;10,25;10,625;10,75;3258;202;0;
2668;2023.05.22 06:30;4;10,25;10,625;10,5;3258;202;0;
2669;2023.05.22 06:45;4;10,25;10,75;10,8125;3258;202;0;
2670;2023.05.22 07:00;4;10,1875;10,875;11,25;3257;202;0;
2671;2023.05.22 07:15;4;10,1875;11;11,9375;3257;202;0;
2672;2023.05.22 07:30;4;10,1875;11,1875;12,25;3253;202;0;
2673;2023.05.22 07:45;4;10,1875;11,375;12,75;3253;202;0;
2674;2023.05.22 08:00;4;10,1875;11,5625;13,1875;3253;202;0;
2675;2023.05.22 08:15;4;10,125;11,75;13,875;3253;202;0;
2676;2023.05.22 08:30;4;10,125;12,25;15,625;3252;202;0;
2677;2023.05.22 08:45;4;10,125;12,625;16;3252;202;0;
2678;2023.05.22 09:00;4;10,125;12,8125;16,125;3252;202;0;
2679;2023.05.22 09:15;4;10,125;12,875;16;3251;202;0;
2680;2023.05.22 09:30;4;10,125;12,9375;16,25;3250;202;0;
2681;2023.05.22 09:45;4;10,125;13,125;16,5;3250;202;0;
2682;2023.05.22 10:00;4;10,1875;13,125;16,375;3249;202;0;
2683;2023.05.22 10:15;4;10,1875;13,25;16,75;3248;202;0;
2684;2023.05.22 10:30;4;10,1875;13,3125;16,625;3248;202;0;
2685;2023.05.22 10:45;4;10,1875;13,125;15,75;3247;202;0;
2686;2023.05.22 11:00;4;10,1875;13,125;16;3246;202;0;
2687;2023.05.22 11:15;4;10,25;13,5;18,125;3244;202;0;
2688;2023.05.22 11:30;4;10,25;15,1875;21,6875;3244;202;0;
2689;2023.05.22 11:45;4;10,25;15,75;21,75;3243;202;0;
2690;2023.05.22 12:00;4;10,25;15;18,5625;3242;202;0;
2691;2023.05.22 12:15;4;10,25;14,5625;18,25;3241;202;0;
2692;2023.05.22 12:30;4;10,25;14,875;19,375;3237;202;0;
2693;2023.05.22 12:45;4;10,25;15,125;20,25;3229;202;0;
2694;2023.05.22 13:00;4;10,3125;15,9375;21,875;3228;202;0;
2695;2023.05.22 13:15;4;10,3125;16,25;22,4375;3228;202;0;
2696;2023.05.22 13:30;4;10,375;17,5;25,25;3224;202;0;
2697;2023.05.22 13:45;4;10,375;18,3125;26,1875;3223;202;0;
2698;2023.05.22 14:00;4;10,375;18,3125;26;3221;202;0;
2699;2023.05.22 14:15;4;10,375;18,125;24,625;3220;202;0;
2700;2023.05.22 14:30;4;10,4375;16,5;18,625;3218;202;0;
2701;2023.05.22 14:45;4;10,5;15,5;17,6875;3216;202;0;
2702;2023.05.22 15:00;4;10,5;16;20,625;3215;202;0;
2703;2023.05.22 15:15;4;10,5625;15,9375;19,625;3214;202;0;
2704;2023.05.22 15:30;4;10,625;15,625;19;3212;202;0;
2705;2023.05.22 15:45;4;10,625;15,25;18,3125;3211;202;0;
2706;2023.05.22 16:00;4;10,625;15,0625;18;3210;202;0;
2707;2023.05.22 16:15;4;10,6875;15;18;3208;202;0;
2708;2023.05.22 16:30;4;10,75;14,875;17,625;3207;202;0;
2709;2023.05.22 16:45;4;10,75;14,75;17,75;3206;202;0;
2710;2023.05.22 17:00;4;10,75;14,625;17,125;3205;202;0;
2711;2023.05.22 17:15;4;10,75;14,375;16,5;3203;202;0;
2712;2023.05.22 17:30;4;10,8125;14,1875;15,875;3202;202;0;
2713;2023.05.22 17:45;4;10,875;13,9375;15,25;3200;202;0;
2714;2023.05.22 18:00;4;10,875;13,75;14,875;3199;202;0;
2715;2023.05.22 18:15;4;10,875;13,5;14,4375;3198;202;0;
2716;2023.05.22 18:30;4;10,875;13,3125;13,75;3197;202;0;
2717;2023.05.22 18:45;4;10,875;13,125;13,125;3197;202;0;
2718;2023.05.22 19:00;4;10,875;12,875;12,5;3196;202;0;
2719;2023.05.22 19:15;4;10,9375;12,75;12,25;3196;202;0;
2720;2023.05.22 19:30;4;10,9375;12,625;12,375;3191;202;0;
2721;2023.05.22 19:45;4;10,9375;12,5;12,375;3191;202;0;
2722;2023.05.22 20:00;4;10,9375;12,4375;11,8125;3190;202;0;
2723;2023.05.22 20:15;4;10,9375;12,25;11,25;3190;202;0;
2724;2023.05.22 20:30;4;10,9375;12;10,5625;3189;202;0;
2725;2023.05.22 20:45;4;10,9375;11,875;10,1875;3189;202;0;
2726;2023.05.22 21:00;4;10,9375;11,6875;9,875;3188;202;0;
2727;2023.05.22 21:15;4;10,9375;11,5;9,5;3187;202;0;
2728;2023.05.22 21:30;4;10,9375;11,375;9,0625;3187;202;0;
2729;2023.05.22 21:45;4;10,9375;11,125;8,5;3186;202;0;
2730;2023.05.22 22:00;4;10,9375;10,9375;8;3187;202;0;
2731;2023.05.22 22:15;4;10,9375;10,75;7,625;3187;202;0;
2732;2023.05.22 22:30;4;10,875;10,625;7,5;3186;202;0;
2733;2023.05.22 22:45;4;10,875;10,5;7,375;3186;202;0;
2734;2023.05.22 23:00;4;10,875;10,4375;7,125;3186;202;0;
2735;2023.05.22 23:15;4;10,875;10,25;6,75;3186;202;0;
2736;2023.05.22 23:30;4;10,875;10,125;6,5;3186;202;0;
2737;2023.05.22 23:45;4;10,875;10;6,25;3187;202;0;
2738;2023.05.23 00:00;4;10,875;9,875;6,125;3187;202;0;
2739;2023.05.23 00:15;4;10,8125;9,8125;6;3186;202;0;
2740;2023.05.23 00:30;4;10,8125;9,6875;5,8125;3186;202;0;
2741;2023.05.23 00:45;4;10,75;9,625;5,75;3185;202;0;
2742;2023.05.23 01:00;4;10,75;9,5625;5,75;3185;202;0;
2743;2023.05.23 01:15;4;10,75;9,5;5,6875;3185;202;0;
2744;2023.05.23 01:30;4;10,75;9,5;5,6875;3185;202;0;
2745;2023.05.23 01:45;4;10,75;9,4375;5,75;3184;202;0;
2746;2023.05.23 02:00;4;10,6875;9,4375;5,875;3184;202;0;
2747;2023.05.23 02:15;4;10,625;9,5;6,125;3184;202;0;
2748;2023.05.23 02:30;4;10,625;9,5;6,5;3185;202;0;
2749;2023.05.23 02:45;4;10,625;9,625;6,8125;3186;202;0;
2750;2023.05.23 03:00;4;10,625;9,6875;7,125;3185;202;0;
2751;2023.05.23 03:15;4;10,625;9,75;7,25;3186;202;0;
2752;2023.05.23 03:30;4;10,5625;9,75;7,375;3186;202;0;
2753;2023.05.23 03:45;4;10,5625;9,8125;7,4375;3185;202;0;
2754;2023.05.23 04:00;4;10,5;9,875;7,5625;3185;202;0;
2755;2023.05.23 04:15;4;10,5;9,875;7,875;3185;202;0;
2756;2023.05.23 04:30;4;10,5;10;8,1875;3184;202;0;
2757;2023.05.23 04:45;4;10,5;10;8,4375;3184;202;0;
2758;2023.05.23 05:00;4;10,5;10,125;8,75;3184;202;0;
2759;2023.05.23 05:15;4;10,5;10,1875;8,9375;3185;202;0;
2760;2023.05.23 05:30;4;10,4375;10,3125;9,25;3184;202;0;
2761;2023.05.23 05:45;4;10,375;10,375;9,4375;3184;202;0;
2762;2023.05.23 06:00;4;10,375;10,5;9,75;3184;202;0;
2763;2023.05.23 06:15;4;10,375;10,5625;10;3184;202;0;
2764;2023.05.23 06:30;4;10,375;10,625;10,1875;3183;202;0;
2765;2023.05.23 06:45;4;10,375;10,75;10,5;3183;202;0;
2766;2023.05.23 07:00;4;10,375;10,875;10,9375;3183;202;0;
2767;2023.05.23 07:15;4;10,375;11,0625;11,625;3183;202;0;
2768;2023.05.23 07:30;4;10,375;11,25;12;3181;202;0;
2769;2023.05.23 07:45;4;10,375;11,25;11,6875;3181;202;0;
2770;2023.05.23 08:00;4;10,3125;11,375;12,125;3181;202;0;
2771;2023.05.23 08:15;4;10,3125;11,5;12,3125;3181;202;0;
2772;2023.05.23 08:30;4;10,3125;11,5;12,25;3180;202;0;
2773;2023.05.23 08:45;4;10,3125;11,625;12,5;3180;202;0;
2774;2023.05.23 09:00;4;10,3125;11,75;13,0625;3180;202;0;
2775;2023.05.23 09:15;4;10,3125;11,9375;13,375;3179;202;0;
2776;2023.05.23 09:30;4;10,3125;12,125;13,8125;3179;202;0;
2777;2023.05.23 09:45;4;10,3125;12,5;15;3178;202;0;
2778;2023.05.23 10:00;4;10,3125;12,625;14,8125;3178;202;0;
2779;2023.05.23 10:15;4;10,3125;12,75;15,25;3177;202;0;
2780;2023.05.23 10:30;4;10,3125;12,75;15;3175;202;0;
2781;2023.05.23 10:45;4;10,3125;12,875;15,75;3174;202;0;
2782;2023.05.23 11:00;4;10,3125;13,125;16,625;3173;202;0;
2783;2023.05.23 11:15;4;10,3125;13,25;17,25;3171;202;0;
2784;2023.05.23 11:30;4;10,3125;14,875;20,75;3171;202;0;
2785;2023.05.23 11:45;4;10,375;15,25;19,375;3169;202;0;
2786;2023.05.23 12:00;4;10,375;15;18,75;3168;202;0;
2787;2023.05.23 12:15;4;10,375;14,5;17,5625;3167;202;0;
2788;2023.05.23 12:30;4;10,375;14,375;17,75;3166;202;0;
2789;2023.05.23 12:45;4;10,375;14,1875;17;3165;202;0;
2790;2023.05.23 13:00;4;10,375;14,375;17,75;3164;202;0;
2791;2023.05.23 13:15;4;10,375;14,5;18,125;3162;202;0;
2792;2023.05.23 13:30;4;10,4375;15,75;21,125;3162;202;0;
2793;2023.05.23 13:45;4;10,4375;16,25;20,75;3161;202;0;
2794;2023.05.23 14:00;4;10,5;16,25;21,25;3160;202;0;
2795;2023.05.23 14:15;4;10,5;16,125;19,9375;3159;202;0;
2796;2023.05.23 14:30;4;10,5;16,125;21,125;3158;202;0;
2797;2023.05.23 14:45;4;10,5;15,875;18,125;3156;202;0;
2798;2023.05.23 15:00;4;10,5625;14,75;15,5625;3154;202;0;
2799;2023.05.23 15:15;4;10,625;14,125;14,5625;3153;202;0;
2800;2023.05.23 15:30;4;10,625;13,875;15;3152;202;0;
2801;2023.05.23 15:45;4;10,625;13,75;14,8125;3151;202;0;
2802;2023.05.23 16:00;4;10,6875;13,5;14,375;3148;202;0;
2803;2023.05.23 16:15;4;10,75;13,5;14,5;3147;202;0;
2804;2023.05.23 16:30;4;10,75;13,25;13,5;3145;202;0;
2805;2023.05.23 16:45;4;10,75;13;13,25;3143;202;0;
2806;2023.05.23 17:00;4;10,75;12,9375;13,25;3143;202;0;
2807;2023.05.23 17:15;4;10,75;12,875;13,1875;3142;202;0;
2808;2023.05.23 17:30;4;10,8125;12,8125;13,125;3141;202;0;
2809;2023.05.23 17:45;4;10,8125;12,75;13;3140;202;0;
2810;2023.05.23 18:00;4;10,8125;12,625;12,9375;3139;202;0;
2811;2023.05.23 18:15;4;10,8125;12,5625;12,75;3139;202;0;
2812;2023.05.23 18:30;4;10,875;12,5;12,75;3138;202;0;
2813;2023.05.23 18:45;4;10,875;12,5;12,6875;3137;202;0;
2814;2023.05.23 19:00;4;10,875;12,375;12,4375;3137;202;0;
2815;2023.05.23 19:15;4;10,875;12,25;12;3136;202;0;
2816;2023.05.23 19:30;4;10,875;12,125;11,625;3135;202;0;
2817;2023.05.23 19:45;4;10,875;12;11,3125;3135;202;0;
2818;2023.05.23 20:00;4;10,875;11,875;11,125;3134;202;0;
2819;2023.05.23 20:15;4;10,875;11,75;10,9375;3134;202;0;
2820;2023.05.23 20:30;4;10,875;11,75;10,8125;3133;202;0;
2821;2023.05.23 20:45;4;10,875;11,6875;10,625;3133;202;0;
2822;2023.05.23 21:00;4;10,875;11,625;10,5;3132;202;0;
2823;2023.05.23 21:15;4;10,875;11,5;10,4375;3132;202;0;
2824;2023.05.23 21:30;4;10,875;11,5;10,1875;3132;202;0;
2825;2023.05.23 21:45;4;10,875;11,375;10;3131;202;0;
2826;2023.05.23 22:00;4;10,875;11,25;9,625;3129;202;0;
2827;2023.05.23 22:15;4;10,875;11,125;9,5;3129;202;0;
2828;2023.05.23 22:30;4;10,8125;11,125;9,5;3129;202;0;
2829;2023.05.23 22:45;4;10,8125;11;9;3129;202;0;
2830;2023.05.23 23:00;4;10,75;10,8125;8,5;3128;202;0;
2831;2023.05.23 23:15;4;10,75;10,625;8,125;3127;202;0;
2832;2023.05.23 23:30;4;10,75;10,5625;8,125;3127;202;0;
2833;2023.05.23 23:45;4;10,75;10,5;8,25;3127;202;0;
2834;2023.05.24 00:00;4;10,75;10,5;8,3125;3127;202;0;
2835;2023.05.24 00:15;4;10,75;10,4375;8,5625;3127;202;0;
2836;2023.05.24 00:30;4;10,75;10,4375;8,875;3127;202;0;
2837;2023.05.24 00:45;4;10,75;10,375;8,625;3127;202;0;
2838;2023.05.24 01:00;4;10,75;10,375;8,625;3126;202;0;
2839;2023.05.24 01:15;4;10,75;10,375;8,75;3126;202;0;
2840;2023.05.24 01:30;4;10,6875;10,3125;8,5;3120;202;0;
2841;2023.05.24 01:45;4;10,625;10,25;8,4375;3119;202;0;
2842;2023.05.24 02:00;4;10,625;10,1875;8,375;3119;202;0;
2843;2023.05.24 02:15;4;10,625;10,125;8,0625;3118;202;0;
2844;2023.05.24 02:30;4;10,625;10,0625;7,8125;3118;202;0;
2845;2023.05.24 02:45;4;10,625;10;7,875;3118;202;0;
2846;2023.05.24 03:00;4;10,625;10;8,25;3117;202;0;
2847;2023.05.24 03:15;4;10,625;10;8,3125;3117;202;0;
2848;2023.05.24 03:30;4;10,5625;10;8,375;3117;202;0;
2849;2023.05.24 03:45;4;10,5625;9,9375;8,3125;3116;202;0;
2850;2023.05.24 04:00;4;10,5625;9,875;8;3116;202;0;
2851;2023.05.24 04:15;4;10,5;9,875;7,875;3116;202;0;
2852;2023.05.24 04:30;4;10,5;9,8125;7,75;3115;202;0;
2853;2023.05.24 04:45;4;10,5;9,8125;7,75;3116;202;0;
2854;2023.05.24 05:00;4;10,5;9,8125;8,125;3116;202;0;
2855;2023.05.24 05:15;4;10,5;9,875;8,375;3115;202;0;
2856;2023.05.24 05:30;4;10,5;9,9375;8,625;3115;202;0;
2857;2023.05.24 05:45;4;10,4375;10;9;3115;202;0;
2858;2023.05.24 06:00;4;10,4375;10,125;9,375;3115;202;0;
2859;2023.05.24 06:15;4;10,4375;10,125;9,25;3114;202;0;
2860;2023.05.24 06:30;4;10,375;10,125;9,3125;3113;202;0;
2861;2023.05.24 06:45;4;10,375;10,25;9,75;3113;202;0;
2862;2023.05.24 07:00;4;10,375;10,375;10,125;3113;202;0;
2863;2023.05.24 07:15;4;10,375;10,5;10,6875;3113;202;0;
2864;2023.05.24 07:30;4;10,375;10,75;11,5625;3112;202;0;
2865;2023.05.24 07:45;4;10,375;10,75;10,9375;3111;202;0;
2866;2023.05.24 08:00;4;10,375;11;11,75;3111;202;0;
2867;2023.05.24 08:15;4;10,375;11,1875;12,5625;3111;202;0;
2868;2023.05.24 08:30;4;10,3125;11,5;13,25;3109;202;0;
2869;2023.05.24 08:45;4;10,3125;11,875;13,5;3108;202;0;
2870;2023.05.24 09:00;4;10,3125;11,75;12,8125;3107;202;0;
2871;2023.05.24 09:15;4;10,3125;11,875;13,4375;3107;202;0;
2872;2023.05.24 09:30;4;10,3125;12;13,75;3106;202;0;
2873;2023.05.24 09:45;4;10,3125;12;13,375;3105;202;0;
2874;2023.05.24 10:00;4;10,3125;12,125;14,25;3104;202;0;
2875;2023.05.24 10:15;4;10,3125;12,5;14,8125;3103;202;0;
2876;2023.05.24 10:30;4;10,3125;12,625;14,875;3102;202;0;
2877;2023.05.24 10:45;4;10,3125;12,625;14,875;3101;202;0;
2878;2023.05.24 11:00;4;10,3125;12,75;15,5625;3100;202;0;
2879;2023.05.24 11:15;4;10,3125;13,125;17;3099;202;0;
2880;2023.05.24 11:30;4;10,3125;15;20,375;3098;202;0;
2881;2023.05.24 11:45;4;10,375;15,625;19,75;3098;202;0;
2882;2023.05.24 12:00;4;10,375;15,375;19,125;3096;202;0;
2883;2023.05.24 12:15;4;10,375;14,9375;18,625;3093;202;0;
2884;2023.05.24 12:30;4;10,375;14,875;18,5625;3087;202;0;
2885;2023.05.24 12:45;4;10,375;14,875;18,75;3086;202;0;
2886;2023.05.24 13:00;4;10,375;15,25;19,4375;3084;202;0;
2887;2023.05.24 13:15;4;10,375;15,375;20,375;3082;202;0;
2888;2023.05.24 13:30;4;10,4375;16,5625;22,25;3081;202;0;
2889;2023.05.24 13:45;4;10,5;17,5;23,5;3080;202;0;
2890;2023.05.24 14:00;4;10,5;17,75;24,125;3078;202;0;
2891;2023.05.24 14:15;4;10,5;17,625;23,5;3076;202;0;
2892;2023.05.24 14:30;4;10,5;17,625;23,125;3074;202;0;
2893;2023.05.24 14:45;4;10,5625;17,25;21,1875;3073;202;0;
2894;2023.05.24 15:00;4;10,625;16,375;19,375;3071;202;0;
2895;2023.05.24 15:15;4;10,625;15,625;17,3125;3069;202;0;
2896;2023.05.24 15:30;4;10,625;15,125;16,75;3068;202;0;
2897;2023.05.24 15:45;4;10,6875;14,75;15,875;3066;202;0;
2898;2023.05.24 16:00;4;10,75;14,5625;15,875;3065;202;0;
2899;2023.05.24 16:15;4;10,75;14,625;16,625;3064;202;0;
2900;2023.05.24 16:30;4;10,8125;14,5;16,5;3063;202;0;
2901;2023.05.24 16:45;4;10,875;14,5;16,375;3062;202;0;
2902;2023.05.24 17:00;4;10,875;14,3125;15,625;3060;202;0;
2903;2023.05.24 17:15;4;10,875;14,125;15,25;3059;202;0;
2904;2023.05.24 17:30;4;10,875;13,9375;14,875;3059;202;0;
2905;2023.05.24 17:45;4;10,9375;13,8125;14,6875;3058;202;0;
2906;2023.05.24 18:00;4;10,9375;13,6875;14,5;3057;202;0;
2907;2023.05.24 18:15;4;11;13,625;14,5;3057;202;0;
2908;2023.05.24 18:30;4;11;13,5;14;3056;202;0;
2909;2023.05.24 18:45;4;11;13,25;13,4375;3055;202;0;
2910;2023.05.24 19:00;4;11;13,125;12,875;3055;202;0;
2911;2023.05.24 19:15;4;11;12,875;12,375;3054;202;0;
2912;2023.05.24 19:30;4;11;12,75;12;3054;202;0;
2913;2023.05.24 19:45;4;11;12,5;11,375;3053;202;0;
2914;2023.05.24 20:00;4;11,0625;12,375;11,1875;3053;202;0;
2915;2023.05.24 20:15;4;11;12,1875;10,875;3052;202;0;
2916;2023.05.24 20:30;4;11,0625;12,0625;10,625;3052;202;0;
2917;2023.05.24 20:45;4;11,0625;11,9375;10,5625;3052;202;0;
2918;2023.05.24 21:00;4;11,0625;11,8125;10,25;3051;202;0;
2919;2023.05.24 21:15;4;11,0625;11,75;10;3051;202;0;
2920;2023.05.24 21:30;4;11;11,5;9,25;3052;202;0;
2921;2023.05.24 21:45;4;11;11,25;8,625;3052;202;0;
2922;2023.05.24 22:00;4;11;11,0625;8,125;3050;202;0;
2923;2023.05.24 22:15;4;11;10,875;7,875;3050;202;0;
2924;2023.05.24 22:30;4;11;10,75;7,6875;3050;202;0;
2925;2023.05.24 22:45;4;11;10,625;7,4375;3049;202;0;
2926;2023.05.24 23:00;4;11;10,5;7;3049;202;0;
2927;2023.05.24 23:15;4;11;10,3125;6,6875;3049;202;0;
2928;2023.05.24 23:30;4;11;10,125;6,5;3049;202;0;
2929;2023.05.24 23:45;4;11;10,0625;6,375;3049;202;0;
2930;2023.05.25 00:00;4;10,9375;9,875;6;3049;202;0;
2931;2023.05.25 00:15;4;10,9375;9,75;5,875;3048;202;0;
2932;2023.05.25 00:30;4;10,875;9,625;5,625;3048;202;0;
2933;2023.05.25 00:45;4;10,875;9,5625;5,5;3047;202;0;
2934;2023.05.25 01:00;4;10,875;9,5;5,375;3048;202;0;
2935;2023.05.25 01:15;4;10,875;9,375;5,25;3049;202;0;
2936;2023.05.25 01:30;4;10,875;9,25;5,125;3048;202;0;
2937;2023.05.25 01:45;4;10,8125;9,1875;5;3048;202;0;
2938;2023.05.25 02:00;4;10,8125;9,125;4,8125;3048;202;0;
2939;2023.05.25 02:15;4;10,75;9;4,75;3048;202;0;
2940;2023.05.25 02:30;4;10,75;9;4,75;3048;202;0;
2941;2023.05.25 02:45;4;10,75;8,875;4,5625;3048;202;0;
2942;2023.05.25 03:00;4;10,75;8,8125;4,5;3048;202;0;
2943;2023.05.25 03:15;4;10,6875;8,75;4,5;3048;202;0;
2944;2023.05.25 03:30;4;10,625;8,75;4,5625;3048;202;0;
2945;2023.05.25 03:45;4;10,625;8,6875;4,5;3048;202;0;
2946;2023.05.25 04:00;4;10,625;8,6875;4,5625;3048;202;0;
2947;2023.05.25 04:15;4;10,625;8,6875;4,6875;3048;202;0;
2948;2023.05.25 04:30;4;10,625;8,6875;4,75;3048;202;0;
2949;2023.05.25 04:45;4;10,5625;8,75;4,9375;3048;202;0;
2950;2023.05.25 05:00;4;10,5;8,75;5,25;3048;202;0;
2951;2023.05.25 05:15;4;10,5;8,875;5,75;3048;202;0;
2952;2023.05.25 05:30;4;10,5;9,0625;6,3125;3048;202;0;
2953;2023.05.25 05:45;4;10,5;9,25;7,125;3048;202;0;
2954;2023.05.25 06:00;4;10,4375;9,4375;7,75;3049;202;0;
2955;2023.05.25 06:15;4;10,4375;9,6875;8,5625;3049;202;0;
2956;2023.05.25 06:30;4;10,375;9,9375;9,625;3049;202;0;
2957;2023.05.25 06:45;4;10,375;10,25;10,3125;3048;202;0;
2958;2023.05.25 07:00;4;10,375;10,5;10,9375;3048;202;0;
2959;2023.05.25 07:15;4;10,375;10,75;11,875;3048;202;0;
2960;2023.05.25 07:30;4;10,375;11,125;12,875;3048;202;0;
2961;2023.05.25 07:45;4;10,375;11,375;13,4375;3047;202;0;
2962;2023.05.25 08:00;4;10,375;11,5625;14;3046;202;0;
2963;2023.05.25 08:15;4;10,3125;11,75;14,5;3046;202;0;
2964;2023.05.25 08:30;4;10,3125;12,125;15,75;3044;202;0;
2965;2023.05.25 08:45;4;10,3125;12,625;16,25;3042;202;0;
2966;2023.05.25 09:00;4;10,3125;12,75;15,8125;3041;202;0;
2967;2023.05.25 09:15;4;10,3125;12,875;16,0625;3040;202;0;
2968;2023.05.25 09:30;4;10,3125;12,9375;16,375;3039;202;0;
2969;2023.05.25 09:45;4;10,3125;13;16,125;3039;202;0;
2970;2023.05.25 10:00;4;10,3125;12,9375;15,5;3039;202;0;
2971;2023.05.25 10:15;4;10,375;13,125;16,8125;3036;202;0;
2972;2023.05.25 10:30;4;10,375;13,375;17,25;3038;202;0;
2973;2023.05.25 10:45;4;10,375;13,5;17,25;3035;202;0;
2974;2023.05.25 11:00;4;10,375;13,25;15,75;3036;202;0;
2975;2023.05.25 11:15;4;10,375;13,625;18,5625;3034;202;0;
2976;2023.05.25 11:30;4;10,375;13,5;15,8125;3033;202;0;
2977;2023.05.25 11:45;4;10,375;13,125;15,125;3034;202;0;
2978;2023.05.25 12:00;4;10,375;13;14,75;3032;202;0;
2979;2023.05.25 12:15;4;10,375;13;15,4375;3031;202;0;
2980;2023.05.25 12:30;4;10,375;13,125;15,875;3030;202;0;
2981;2023.05.25 12:45;4;10,4375;14;18,9375;3029;202;0;
2982;2023.05.25 13:00;4;10,4375;14,75;19,75;3027;202;0;
2983;2023.05.25 13:15;4;10,5;15,125;20,6875;3026;202;0;
2984;2023.05.25 13:30;4;10,5;16,625;23,3125;3026;202;0;
2985;2023.05.25 13:45;4;10,5;17,625;24,9375;3025;202;0;
2986;2023.05.25 14:00;4;10,5;17;22,375;3023;202;0;
2987;2023.05.25 14:15;4;10,5;16,8125;22,25;3022;202;0;
2988;2023.05.25 14:30;4;10,5625;16,625;21,125;3021;202;0;
2989;2023.05.25 14:45;4;10,5625;16,75;21,3125;3020;202;0;
2990;2023.05.25 15:00;4;10,625;16;19,625;3018;202;0;
2991;2023.05.25 15:15;4;10,625;15,5;18,375;3016;202;0;
2992;2023.05.25 15:30;4;10,6875;15,125;17,8125;3014;202;0;
2993;2023.05.25 15:45;4;10,6875;14,8125;17,125;3012;202;0;
2994;2023.05.25 16:00;4;10,75;14,6875;17,4375;3011;202;0;
2995;2023.05.25 16:15;4;10,75;14,5625;17,25;3010;202;0;
2996;2023.05.25 16:30;4;10,75;14,5;17,5;3009;202;0;
2997;2023.05.25 16:45;4;10,8125;14,5;17,25;3008;202;0;
2998;2023.05.25 17:00;4;10,875;14,3125;16,75;3007;202;0;
2999;2023.05.25 17:15;4;10,875;14,1875;16,25;3006;202;0;
3000;2023.05.25 17:30;4;10,875;14;15,75;3005;202;0;
3001;2023.05.25 17:45;4;10,875;13,75;15,25;3004;202;0;
3002;2023.05.25 18:00;4;10,9375;13,625;14,875;3003;202;0;
3003;2023.05.25 18:15;4;10,9375;13,5;14,5;3002;202;0;
3004;2023.05.25 18:30;4;11;13,375;14;3002;202;0;
3005;2023.05.25 18:45;4;11;13,25;13,625;3002;202;0;
3006;2023.05.25 19:00;4;11;13;13;3000;202;0;
3007;2023.05.25 19:15;4;11;12,875;12,5;3000;202;0;
3008;2023.05.25 19:30;4;11;12,625;11,875;2999;202;0;
3009;2023.05.25 19:45;4;11;12,4375;11,3125;2999;202;0;
3010;2023.05.25 20:00;4;11;12,25;10,75;2998;202;0;
3011;2023.05.25 20:15;4;11;12;10,125;2998;202;0;
3012;2023.05.25 20:30;4;11;11,75;9,6875;2998;202;0;
3013;2023.05.25 20:45;4;11;11,625;9,375;2997;202;0;
3014;2023.05.25 21:00;4;11;11,375;9;2997;202;0;
3015;2023.05.25 21:15;4;11;11,25;8,5;2996;202;0;
3016;2023.05.25 21:30;4;11;11;8,25;2996;202;0;
3017;2023.05.25 21:45;4;11;10,875;8,0625;2996;202;0;
3018;2023.05.25 22:00;4;11;10,8125;8;2996;202;0;
3019;2023.05.25 22:15;4;11;10,75;8;2996;202;0;
3020;2023.05.25 22:30;4;11;10,75;8;2996;202;0;
3021;2023.05.25 22:45;4;11;10,625;8;2995;202;0;
3022;2023.05.25 23:00;4;11;10,625;7,75;2995;202;0;
3023;2023.05.25 23:15;4;11;10,5;7,625;2994;202;0;
3024;2023.05.25 23:30;4;11;10,375;7,375;2994;202;0;
3025;2023.05.25 23:45;4;10,9375;10,25;7,125;2994;202;0;
3026;2023.05.26 00:00;4;10,9375;10,125;6,875;2994;202;0;
3027;2023.05.26 00:15;4;10,875;10;6,625;2994;202;0;
3028;2023.05.26 00:30;4;10,875;9,875;6,375;2994;202;0;
3029;2023.05.26 00:45;4;10,875;9,75;6,125;2994;202;0;
3030;2023.05.26 01:00;4;10,875;9,625;5,9375;2994;202;0;
3031;2023.05.26 01:15;4;10,875;9,625;5,875;2994;202;0;
3032;2023.05.26 01:30;4;10,875;9,5;5,75;2994;202;0;
3033;2023.05.26 01:45;4;10,8125;9,4375;5,6875;2994;202;0;
3034;2023.05.26 02:00;4;10,8125;9,375;5,625;2994;202;0;
3035;2023.05.26 02:15;4;10,75;9,375;5,625;2993;202;0;
3036;2023.05.26 02:30;4;10,75;9,25;5,625;2994;202;0;
3037;2023.05.26 02:45;4;10,75;9,25;5,375;2994;202;0;
3038;2023.05.26 03:00;4;10,75;9,0625;5,1875;2994;202;0;
3039;2023.05.26 03:15;4;10,75;9;5,125;2994;202;0;
3040;2023.05.26 03:30;4;10,6875;8,875;5;2993;202;0;
3041;2023.05.26 03:45;4;10,625;8,875;5,0625;2993;202;0;
3042;2023.05.26 04:00;4;10,625;8,875;5;2993;202;0;
3043;2023.05.26 04:15;4;10,625;8,875;5,125;2993;202;0;
3044;2023.05.26 04:30;4;10,625;8,875;5,1875;2993;202;0;
3045;2023.05.26 04:45;4;10,625;8,875;5,25;2993;202;0;
3046;2023.05.26 05:00;4;10,5625;8,9375;5,625;2988;202;0;
3047;2023.05.26 05:15;4;10,5625;9,0625;6,125;2988;202;0;
3048;2023.05.26 05:30;4;10,5;9,25;6,6875;2990;202;0;
3049;2023.05.26 05:45;4;10,5;9,375;7,375;2992;202;0;
3050;2023.05.26 06:00;4;10,5;9,625;8,1875;2989;202;0;
3051;2023.05.26 06:15;4;10,5;9,8125;8,875;2989;202;0;
3052;2023.05.26 06:30;4;10,5;10,0625;9,6875;2989;202;0;
3053;2023.05.26 06:45;4;10,4375;10,3125;10,375;2992;202;0;
3054;2023.05.26 07:00;4;10,4375;10,625;11,1875;2990;202;0;
3055;2023.05.26 07:15;4;10,375;10,875;11,9375;2989;202;0;
3056;2023.05.26 07:30;4;10,375;11,125;12,625;2989;202;0;
3057;2023.05.26 07:45;4;10,375;11,375;13;2989;202;0;
3058;2023.05.26 08:00;4;10,375;11,5625;13,5;2989;202;0;
3059;2023.05.26 08:15;4;10,375;11,8125;14,1875;2990;202;0;
3060;2023.05.26 08:30;4;10,375;12,125;15,1875;2989;202;0;
3061;2023.05.26 08:45;4;10,375;12,625;16,25;2989;202;0;
3062;2023.05.26 09:00;4;10,375;12,9375;16,5625;2988;202;0;
3063;2023.05.26 09:15;4;10,375;13,125;17,125;2986;202;0;
3064;2023.05.26 09:30;4;10,375;13,3125;17,25;2983;202;0;
3065;2023.05.26 09:45;4;10,375;13,5625;18,125;2982;202;0;
3066;2023.05.26 10:00;4;10,375;14;18,8125;2982;202;0;
3067;2023.05.26 10:15;4;10,375;14,25;18,9375;2981;202;0;
3068;2023.05.26 10:30;4;10,375;14,25;18,5;2980;202;0;
3069;2023.05.26 10:45;4;10,375;14,0625;17,5;2978;202;0;
3070;2023.05.26 11:00;4;10,375;13,875;16,875;2977;202;0;
3071;2023.05.26 11:15;4;10,4375;13,75;16,75;2977;202;0;
3072;2023.05.26 11:30;4;10,4375;13,8125;16,9375;2976;202;0;
3073;2023.05.26 11:45;4;10,4375;14,25;18,3125;2976;202;0;
3074;2023.05.26 12:00;4;10,5;14,25;17,8125;2976;202;0;
3075;2023.05.26 12:15;4;10,5;14,25;17,75;2975;202;0;
3076;2023.05.26 12:30;4;10,5;14,125;17,125;2974;202;0;
3077;2023.05.26 12:45;4;10,5;14,125;17,25;2974;202;0;
3078;2023.05.26 13:00;4;10,5;14;16,75;2973;202;0;
3079;2023.05.26 13:15;4;10,5625;14;16,625;2972;202;0;
3080;2023.05.26 13:30;4;10,625;14;16,875;2972;202;0;
3081;2023.05.26 13:45;4;10,625;14,0625;17,125;2971;202;0;
3082;2023.05.26 14:00;4;10,625;14,25;17,875;2969;202;0;
3083;2023.05.26 14:15;4;10,625;15,375;21,375;2969;202;0;
3084;2023.05.26 14:30;4;10,625;16,125;23,0625;2968;202;0;
3085;2023.05.26 14:45;4;10,625;16,25;22;2967;202;0;
3086;2023.05.26 15:00;4;10,6875;15,5625;18,75;2966;202;0;
3087;2023.05.26 15:15;4;10,6875;15,25;18,875;2964;202;0;
3088;2023.05.26 15:30;4;10,75;15,1875;19;2961;202;0;
3089;2023.05.26 15:45;4;10,75;15,125;18,875;2955;202;0;
3090;2023.05.26 16:00;4;10,75;15;18,5;2953;202;0;
3091;2023.05.26 16:15;4;10,75;14,875;18,125;2951;202;0;
3092;2023.05.26 16:30;4;10,8125;14,75;18,125;2950;202;0;
3093;2023.05.26 16:45;4;10,875;14,625;17,75;2949;202;0;
3094;2023.05.26 17:00;4;10,875;14,5;17,0625;2948;202;0;
3095;2023.05.26 17:15;4;10,875;14,25;16,4375;2947;202;0;
3096;2023.05.26 17:30;4;10,875;14,125;15,875;2946;202;0;
3097;2023.05.26 17:45;4;10,9375;13,9375;15,4375;2945;202;0;
3098;2023.05.26 18:00;4;10,9375;13,75;15,125;2944;202;0;
3099;2023.05.26 18:15;4;11;13,625;14,625;2943;202;0;
3100;2023.05.26 18:30;4;11;13,375;14;2942;202;0;
3101;2023.05.26 18:45;4;11;13,25;13,25;2940;202;0;
3102;2023.05.26 19:00;4;11;13;12,625;2940;202;0;
3103;2023.05.26 19:15;4;11;12,75;12;2938;202;0;
3104;2023.05.26 19:30;4;11;12,5625;11,625;2937;202;0;
3105;2023.05.26 19:45;4;11;12,375;11,125;2936;202;0;
3106;2023.05.26 20:00;4;11,0625;12,125;10,5;2936;202;0;
3107;2023.05.26 20:15;4;11,0625;11,9375;10;2935;202;0;
3108;2023.05.26 20:30;4;11,0625;11,6875;9,375;2935;202;0;
3109;2023.05.26 20:45;4;11,0625;11,5;8,875;2935;202;0;
3110;2023.05.26 21:00;4;11,0625;11,25;8,5625;2935;202;0;
3111;2023.05.26 21:15;4;11,0625;11,125;8,1875;2935;202;0;
3112;2023.05.26 21:30;4;11;10,9375;8;2935;202;0;
3113;2023.05.26 21:45;4;11,0625;10,8125;7,75;2935;202;0;
3114;2023.05.26 22:00;4;11,0625;10,6875;7,625;2935;202;0;
3115;2023.05.26 22:15;4;11;10,5625;7,4375;2935;202;0;
3116;2023.05.26 22:30;4;11;10,5;7,25;2934;202;0;
3117;2023.05.26 22:45;4;11;10,375;7;2933;202;0;
3118;2023.05.26 23:00;4;11;10,25;6,875;2931;202;0;
3119;2023.05.26 23:15;4;11;10,125;6,6875;2930;202;0;
3120;2023.05.26 23:30;4;11;10,0625;6,625;2931;202;0;
3121;2023.05.26 23:45;4;11;10;6,5;2930;202;0;
3122;2023.05.27 00:00;4;11;9,875;6,375;2929;202;0;
3123;2023.05.27 00:15;4;10,9375;9,875;6,3125;2929;202;0;
3124;2023.05.27 00:30;4;10,9375;9,75;6,25;2929;202;0;
3125;2023.05.27 00:45;4;10,875;9,75;6,125;2928;202;0;
3126;2023.05.27 01:00;4;10,875;9,625;6,0625;2927;202;0;
3127;2023.05.27 01:15;4;10,875;9,625;6,0625;2927;202;0;
3128;2023.05.27 01:30;4;10,875;9,5;6;2927;202;0;
3129;2023.05.27 01:45;4;10,875;9,5;5,9375;2927;202;0;
3130;2023.05.27 02:00;4;10,8125;9,375;5,75;2927;202;0;
3131;2023.05.27 02:15;4;10,8125;9,375;5,75;2927;202;0;
3132;2023.05.27 02:30;4;10,75;9,375;6;2927;202;0;
3133;2023.05.27 02:45;4;10,75;9,4375;6,375;2927;202;0;
3134;2023.05.27 03:00;4;10,75;9,5;6,625;2927;202;0;
3135;2023.05.27 03:15;4;10,75;9,625;7,0625;2927;202;0;
3136;2023.05.27 03:30;4;10,75;9,6875;7,4375;2927;202;0;
3137;2023.05.27 03:45;4;10,6875;9,75;7,75;2927;202;0;
3138;2023.05.27 04:00;4;10,625;9,875;7,875;2927;202;0;
3139;2023.05.27 04:15;4;10,625;9,9375;8,125;2927;202;0;
3140;2023.05.27 04:30;4;10,625;10;8,4375;2927;202;0;
3141;2023.05.27 04:45;4;10,625;10,125;8,6875;2927;202;0;
3142;2023.05.27 05:00;4;10,625;10,1875;8,875;2927;202;0;
3143;2023.05.27 05:15;4;10,625;10,25;9;2927;202;0;
3144;2023.05.27 05:30;4;10,5625;10,375;9,375;2927;202;0;
3145;2023.05.27 05:45;4;10,5625;10,4375;9,6875;2927;202;0;
3146;2023.05.27 06:00;4;10,5625;10,5625;10,0625;2927;202;0;
3147;2023.05.27 06:15;4;10,5;10,6875;10,5;2927;202;0;
3148;2023.05.27 06:30;4;10,5;10,875;11,375;2927;202;0;
3149;2023.05.27 06:45;4;10,5;11,125;12,1875;2926;202;0;
3150;2023.05.27 07:00;4;10,5;11,375;12,875;2926;202;0;
3151;2023.05.27 07:15;4;10,5;11,75;13,8125;2926;202;0;
3152;2023.05.27 07:30;4;10,5;12;14,3125;2924;202;0;
3153;2023.05.27 07:45;4;10,5;12,3125;14,875;2924;202;0;
3154;2023.05.27 08:00;4;10,5;12,5625;15,375;2925;202;0;
3155;2023.05.27 08:15;4;10,5;12,5625;14,875;2925;202;0;
3156;2023.05.27 08:30;4;10,5;12,625;14,75;2923;202;0;
3157;2023.05.27 08:45;4;10,5;12,875;16,125;2923;202;0;
3158;2023.05.27 09:00;4;10,5;13,25;16,5625;2922;202;0;
3159;2023.05.27 09:15;4;10,5;13,3125;16,3125;2921;202;0;
3160;2023.05.27 09:30;4;10,5;13,0625;15,25;2920;202;0;
3161;2023.05.27 09:45;4;10,5;13,125;15,625;2919;202;0;
3162;2023.05.27 10:00;4;10,5;13,125;15,75;2918;202;0;
3163;2023.05.27 10:15;4;10,5;13,375;16,3125;2918;202;0;
3164;2023.05.27 10:30;4;10,5;13,25;15,75;2916;202;0;
3165;2023.05.27 10:45;4;10,5;13,4375;16,875;2915;202;0;
3166;2023.05.27 11:00;4;10,5625;13,75;17,625;2913;202;0;
3167;2023.05.27 11:15;4;10,5625;14,1875;19,25;2913;202;0;
3168;2023.05.27 11:30;4;10,5625;16,125;23;2912;202;0;
3169;2023.05.27 11:45;4;10,5625;16,9375;23,8125;2912;202;0;
3170;2023.05.27 12:00;4;10,625;16,875;22,1875;2911;202;0;
3171;2023.05.27 12:15;4;10,625;16,25;20,75;2909;202;0;
3172;2023.05.27 12:30;4;10,625;15,8125;20,125;2908;202;0;
3173;2023.05.27 12:45;4;10,625;15,875;20,625;2906;202;0;
3174;2023.05.27 13:00;4;10,6875;16,25;21,375;2905;202;0;
3175;2023.05.27 13:15;4;10,75;16,25;21,875;2904;202;0;
3176;2023.05.27 13:30;4;10,75;16,75;22,25;2902;202;0;
3177;2023.05.27 13:45;4;10,75;17;22,125;2900;202;0;
3178;2023.05.27 14:00;4;10,75;17,8125;24,875;2897;202;0;
3179;2023.05.27 14:15;4;10,8125;18;24,625;2895;202;0;
3180;2023.05.27 14:30;4;10,875;18;23,625;2892;202;0;
3181;2023.05.27 14:45;4;10,875;17,5;22,4375;2890;202;0;
3182;2023.05.27 15:00;4;10,9375;16,75;20,375;2888;202;0;
3183;2023.05.27 15:15;4;11;16,25;19,4375;2885;202;0;
3184;2023.05.27 15:30;4;11;15,8125;18,4375;2884;202;0;
3185;2023.05.27 15:45;4;11;15,625;18,5;2882;202;0;
3186;2023.05.27 16:00;4;11,0625;15,375;18,125;2880;202;0;
3187;2023.05.27 16:15;4;11,125;15,25;18,0625;2878;202;0;
3188;2023.05.27 16:30;4;11,125;15,125;17,125;2876;202;0;
3189;2023.05.27 16:45;4;11,125;14,875;16,75;2875;202;0;
3190;2023.05.27 17:00;4;11,1875;14,75;16,5;2873;202;0;
3191;2023.05.27 17:15;4;11,25;14,625;16,25;2870;202;0;
3192;2023.05.27 17:30;4;11,25;14,5;15,875;2870;202;0;
3193;2023.05.27 17:45;4;11,25;14,375;15,4375;2870;202;0;
3194;2023.05.27 18:00;4;11,25;14,125;15;2870;202;0;
3195;2023.05.27 18:15;4;11,3125;14;14,625;2868;202;0;
3196;2023.05.27 18:30;4;11,3125;13,875;14,375;2868;202;0;
3197;2023.05.27 18:45;4;11,375;13,75;14,125;2867;202;0;
3198;2023.05.27 19:00;4;11,375;13,625;13,8125;2867;202;0;
3199;2023.05.27 19:15;4;11,375;13,4375;13,5;2866;202;0;
3200;2023.05.27 19:30;4;11,375;13,375;13,25;2865;202;0;
3201;2023.05.27 19:45;4;11,375;13,25;12,875;2865;202;0;
3202;2023.05.27 20:00;4;11,375;13,0625;12,375;2864;202;0;
3203;2023.05.27 20:15;4;11,375;12,8125;11,625;2863;202;0;
3204;2023.05.27 20:30;4;11,375;12,625;11,3125;2862;202;0;
3205;2023.05.27 20:45;4;11,375;12,5;10,875;2862;202;0;
3206;2023.05.27 21:00;4;11,375;12,3125;10,5;2861;202;0;
3207;2023.05.27 21:15;4;11,375;12,25;10,5;2861;202;0;
3208;2023.05.27 21:30;4;11,375;12,125;10,375;2861;202;0;
3209;2023.05.27 21:45;4;11,375;12;10,125;2861;202;0;
3210;2023.05.27 22:00;4;11,375;11,875;9,875;2860;202;0;
3211;2023.05.27 22:15;4;11,375;11,75;9,75;2860;202;0;
3212;2023.05.27 22:30;4;11,375;11,5625;9,125;2860;202;0;
3213;2023.05.27 22:45;4;11,375;11,375;8,625;2860;202;0;
3214;2023.05.27 23:00;4;11,375;11,1875;8,25;2860;202;0;
3215;2023.05.27 23:15;4;11,375;11;7,9375;2860;202;0;
3216;2023.05.27 23:30;4;11,3125;10,875;7,75;2860;202;0;
3217;2023.05.27 23:45;4;11,3125;10,75;7,5;2860;202;0;
3218;2023.05.28 00:00;4;11,25;10,625;7,375;2859;202;0;
3219;2023.05.28 00:15;4;11,25;10,5;7,3125;2859;202;0;
3220;2023.05.28 00:30;4;11,25;10,5;7,5;2858;202;0;
3221;2023.05.28 00:45;4;11,25;10,5;7,5625;2858;202;0;
3222;2023.05.28 01:00;4;11,25;10,4375;7,5;2859;202;0;
3223;2023.05.28 01:15;4;11,25;10,375;7,5;2859;202;0;
3224;2023.05.28 01:30;4;11,1875;10,25;7;2857;202;0;
3225;2023.05.28 01:45;4;11,1875;10,125;6,5;2858;202;0;
3226;2023.05.28 02:00;4;11,125;9,875;6;2858;202;0;
3227;2023.05.28 02:15;4;11,125;9,75;5,75;2859;202;0;
3228;2023.05.28 02:30;4;11,125;9,625;5,875;2859;202;0;
3229;2023.05.28 02:45;4;11,125;9,6875;6,4375;2860;202;0;
3230;2023.05.28 03:00;4;11,125;9,8125;7;2860;202;0;
3231;2023.05.28 03:15;4;11,0625;9,875;7,125;2860;202;0;
3232;2023.05.28 03:30;4;11,0625;9,875;7;2859;202;0;
3233;2023.05.28 03:45;4;11;9,75;6,75;2859;202;0;
3234;2023.05.28 04:00;4;11;9,6875;6,3125;2860;202;0;
3235;2023.05.28 04:15;4;11;9,5;5,875;2860;202;0;
3236;2023.05.28 04:30;4;11;9,4375;6;2859;202;0;
3237;2023.05.28 04:45;4;10,9375;9,5;6,375;2859;202;0;
3238;2023.05.28 05:00;4;10,9375;9,625;6,875;2859;202;0;
3239;2023.05.28 05:15;4;10,875;9,75;7,375;2859;202;0;
3240;2023.05.28 05:30;4;10,875;9,875;7,6875;2859;202;0;
3241;2023.05.28 05:45;4;10,875;10,0625;8,25;2861;202;0;
3242;2023.05.28 06:00;4;10,875;10,25;9,0625;2861;202;0;
3243;2023.05.28 06:15;4;10,875;10,4375;9,375;2861;202;0;
3244;2023.05.28 06:30;4;10,8125;10,625;10,25;2861;202;0;
3245;2023.05.28 06:45;4;10,8125;10,75;10,8125;2861;202;0;
3246;2023.05.28 07:00;4;10,75;10,875;10,875;2860;202;0;
3247;2023.05.28 07:15;4;10,75;11;11,5;2860;202;0;
3248;2023.05.28 07:30;4;10,75;11,25;11,9375;2859;202;0;
3249;2023.05.28 07:45;4;10,75;11,4375;12,25;2859;202;0;
3250;2023.05.28 08:00;4;10,75;11,5625;12,375;2858;202;0;
3251;2023.05.28 08:15;4;10,75;11,6875;12,75;2858;202;0;
3252;2023.05.28 08:30;4;10,75;11,875;13,625;2856;202;0;
3253;2023.05.28 08:45;4;10,75;12,375;15;2856;202;0;
3254;2023.05.28 09:00;4;10,75;12,625;15;2854;202;0;
3255;2023.05.28 09:15;4;10,75;12,75;15,4375;2853;202;0;
3256;2023.05.28 09:30;4;10,75;13;16;2852;202;0;
3257;2023.05.28 09:45;4;10,75;13,125;16,375;2849;202;0;
3258;2023.05.28 10:00;4;10,75;13,75;17;2849;202;0;
3259;2023.05.28 10:15;4;10,75;13,75;17;2848;202;0;
3260;2023.05.28 10:30;4;10,75;13,75;17,25;2846;202;0;
3261;2023.05.28 10:45;4;10,75;13,75;17,25;2845;202;0;
3262;2023.05.28 11:00;4;10,75;13,9375;18;2843;202;0;
3263;2023.05.28 11:15;4;10,75;14,3125;19,125;2842;202;0;
3264;2023.05.28 11:30;4;10,75;16;22,375;2841;202;0;
3265;2023.05.28 11:45;4;10,75;16,375;22,25;2841;202;0;
3266;2023.05.28 12:00;4;10,75;16,625;21,8125;2841;202;0;
3267;2023.05.28 12:15;4;10,75;16,1875;20,875;2840;202;0;
3268;2023.05.28 12:30;4;10,8125;15,5625;19,1875;2838;202;0;
3269;2023.05.28 12:45;4;10,8125;15,625;20,3125;2831;202;0;
3270;2023.05.28 13:00;4;10,875;15,625;19,75;2827;202;0;
3271;2023.05.28 13:15;4;10,875;15,625;20,6875;2824;202;0;
3272;2023.05.28 13:30;4;10,875;16;21,4375;2820;202;0;
3273;2023.05.28 13:45;4;10,875;17,625;26,5625;2818;202;0;
3274;2023.05.28 14:00;4;10,9375;17,4375;23,125;2814;202;0;
3275;2023.05.28 14:15;4;11;17,75;25,8125;2812;202;0;
3276;2023.05.28 14:30;4;11;18,25;26,375;2809;202;0;
3277;2023.05.28 14:45;4;11;17,625;22,875;2807;202;0;
3278;2023.05.28 15:00;4;11,0625;17;21,875;2804;202;0;
3279;2023.05.28 15:15;4;11,125;16,5;19,8125;2801;202;0;
3280;2023.05.28 15:30;4;11,125;15,9375;18,5;2799;202;0;
3281;2023.05.28 15:45;4;11,125;15,875;19,1875;2797;202;0;
3282;2023.05.28 16:00;4;11,25;15,75;19,25;2793;202;0;
3283;2023.05.28 16:15;4;11,25;15,375;17,375;2790;202;0;
3284;2023.05.28 16:30;4;11,25;15,1875;17,375;2788;202;0;
3285;2023.05.28 16:45;4;11,25;15;16,875;2786;202;0;
3286;2023.05.28 17:00;4;11,3125;14,875;16,8125;2784;202;0;
3287;2023.05.28 17:15;4;11,375;14,75;16,5625;2783;202;0;
3288;2023.05.28 17:30;4;11,375;14,5625;16;2782;202;0;
3289;2023.05.28 17:45;4;11,375;14,375;15,375;2781;202;0;
3290;2023.05.28 18:00;4;11,375;14,1875;15,0625;2779;202;0;
3291;2023.05.28 18:15;4;11,4375;14;14,5;2779;202;0;
3292;2023.05.28 18:30;4;11,4375;13,875;14,5;2777;202;0;
3293;2023.05.28 18:45;4;11,5;13,6875;14,125;2777;202;0;
3294;2023.05.28 19:00;4;11,5;13,5;13,5;2776;202;0;
3295;2023.05.28 19:15;4;11,5;13,25;12,875;2775;202;0;
3296;2023.05.28 19:30;4;11,5;13;12,375;2774;202;0;
3297;2023.05.28 19:45;4;11,5;12,875;12;2773;202;0;
3298;2023.05.28 20:00;4;11,5;12,625;11,5;2772;202;0;
3299;2023.05.28 20:15;4;11,5;12,4375;11;2774;202;0;
3300;2023.05.28 20:30;4;11,5;12,1875;10,75;2774;202;0;
3301;2023.05.28 20:45;4;11,5;12;10,375;2774;202;0;
3302;2023.05.28 21:00;4;11,5;11,875;10;2774;202;0;
3303;2023.05.28 21:15;4;11,5;11,75;9,6875;2773;202;0;
3304;2023.05.28 21:30;4;11,5;11,625;9,375;2773;202;0;
3305;2023.05.28 21:45;4;11,5;11,5;9,0625;2773;202;0;
3306;2023.05.28 22:00;4;11,5;11,375;9;2771;202;0;
3307;2023.05.28 22:15;4;11,5;11,25;8,75;2771;202;0;
3308;2023.05.28 22:30;4;11,4375;11,125;8,625;2771;202;0;
3309;2023.05.28 22:45;4;11,4375;11;8,5625;2771;202;0;
3310;2023.05.28 23:00;4;11,4375;10,9375;8,5625;2771;202;0;
3311;2023.05.28 23:15;4;11,375;10,875;8,4375;2771;202;0;
3312;2023.05.28 23:30;4;11,375;10,75;8,375;2770;202;0;
3313;2023.05.28 23:45;4;11,375;10,6875;8,1875;2770;202;0;
3314;2023.05.29 00:00;4;11,375;10,625;7,875;2770;202;0;
3315;2023.05.29 00:15;4;11,375;10,5;7,625;2769;202;0;
3316;2023.05.29 00:30;4;11,375;10,375;7,25;2769;202;0;
3317;2023.05.29 00:45;4;11,3125;10,25;7;2768;202;0;
3318;2023.05.29 01:00;4;11,3125;10,125;6,75;2768;202;0;
3319;2023.05.29 01:15;4;11,25;10;6,5;2767;202;0;
3320;2023.05.29 01:30;4;11,25;9,875;6,3125;2767;202;0;
3321;2023.05.29 01:45;4;11,25;9,75;6;2769;202;0;
3322;2023.05.29 02:00;4;11,25;9,625;5,6875;2769;202;0;
3323;2023.05.29 02:15;4;11,1875;9,5;5,375;2769;202;0;
3324;2023.05.29 02:30;4;11,1875;9,3125;5,125;2768;202;0;
3325;2023.05.29 02:45;4;11,125;9,1875;4,875;2768;202;0;
3326;2023.05.29 03:00;4;11,125;9;4,5;2768;202;0;
3327;2023.05.29 03:15;4;11,125;8,875;4,125;2768;202;0;
3328;2023.05.29 03:30;4;11,125;8,6875;3,875;2768;202;0;
3329;2023.05.29 03:45;4;11,0625;8,5;3,5625;2768;202;0;
3330;2023.05.29 04:00;4;11;8,375;3,375;2767;202;0;
3331;2023.05.29 04:15;4;11;8,375;3,375;2767;202;0;
3332;2023.05.29 04:30;4;11;8,25;3,375;2768;202;0;
3333;2023.05.29 04:45;4;11;8,25;3,5;2768;202;0;
3334;2023.05.29 05:00;4;10,9375;8,3125;3,875;2769;202;0;
3335;2023.05.29 05:15;4;10,875;8,5;4,5;2768;202;0;
3336;2023.05.29 05:30;4;10,875;8,625;5,125;2768;202;0;
3337;2023.05.29 05:45;4;10,875;8,875;5,75;2769;202;0;
3338;2023.05.29 06:00;4;10,875;9,125;6,5;2769;202;0;
3339;2023.05.29 06:15;4;10,8125;9,375;7,25;2769;202;0;
3340;2023.05.29 06:30;4;10,75;9,625;8,125;2770;202;0;
3341;2023.05.29 06:45;4;10,75;9,875;8,875;2769;202;0;
3342;2023.05.29 07:00;4;10,75;10,125;9,625;2769;202;0;
3343;2023.05.29 07:15;4;10,75;10,4375;10,625;2770;202;0;
3344;2023.05.29 07:30;4;10,75;10,6875;11,3125;2769;202;0;
3345;2023.05.29 07:45;4;10,6875;11;11,8125;2767;202;0;
3346;2023.05.29 08:00;4;10,6875;11,1875;12,375;2766;202;0;
3347;2023.05.29 08:15;4;10,6875;11,5;13,125;2765;202;0;
3348;2023.05.29 08:30;4;10,625;11,75;14,3125;2764;202;0;
3349;2023.05.29 08:45;4;10,625;12,1875;15;2762;202;0;
3350;2023.05.29 09:00;4;10,625;12,375;15,125;2761;202;0;
3351;2023.05.29 09:15;4;10,625;12,625;15,5;2760;202;0;
3352;2023.05.29 09:30;4;10,625;12,875;15,875;2758;202;0;
3353;2023.05.29 09:45;4;10,625;13;16,25;2756;202;0;
3354;2023.05.29 10:00;4;10,625;13,25;16,5;2754;202;0;
3355;2023.05.29 10:15;4;10,625;13,25;16,5625;2751;202;0;
3356;2023.05.29 10:30;4;10,625;13,375;16,75;2747;202;0;
3357;2023.05.29 10:45;4;10,625;13,5;17,1875;2744;202;0;
3358;2023.05.29 11:00;4;10,625;13,625;17,5;2741;202;0;
3359;2023.05.29 11:15;4;10,625;13,875;18,625;2739;202;0;
3360;2023.05.29 11:30;4;10,6875;15,625;22,625;2737;202;0;
3361;2023.05.29 11:45;4;10,6875;16,375;23,125;2736;202;0;
3362;2023.05.29 12:00;4;10,6875;16,375;21,375;2734;202;0;
3363;2023.05.29 12:15;4;10,75;15,875;20;2733;202;0;
3364;2023.05.29 12:30;4;10,75;15,4375;19,125;2730;202;0;
3365;2023.05.29 12:45;4;10,75;15,375;19,5625;2727;202;0;
3366;2023.05.29 13:00;4;10,75;15,75;19,875;2725;202;0;
3367;2023.05.29 13:15;4;10,8125;15,75;20;2723;202;0;
3368;2023.05.29 13:30;4;10,875;16;20,5;2721;202;0;
3369;2023.05.29 13:45;4;10,875;17,25;24,25;2720;202;0;
3370;2023.05.29 14:00;4;10,875;18;25;2719;202;0;
3371;2023.05.29 14:15;4;10,875;17,875;24,375;2718;202;0;
3372;2023.05.29 14:30;4;10,9375;18;23,75;2716;202;0;
3373;2023.05.29 14:45;4;11;17,375;21,875;2714;202;0;
3374;2023.05.29 15:00;4;11;16,6875;19,75;2712;202;0;
3375;2023.05.29 15:15;4;11,0625;16,125;18,6875;2710;202;0;
3376;2023.05.29 15:30;4;11,125;15,75;18,125;2708;202;0;
3377;2023.05.29 15:45;4;11,125;15,5625;18;2706;202;0;
3378;2023.05.29 16:00;4;11,125;15,3125;17,375;2705;202;0;
3379;2023.05.29 16:15;4;11,1875;15,125;17;2703;202;0;
3380;2023.05.29 16:30;4;11,25;15;17;2702;202;0;
3381;2023.05.29 16:45;4;11,25;14,9375;17;2701;202;0;
3382;2023.05.29 17:00;4;11,25;14,75;16,5;2700;202;0;
3383;2023.05.29 17:15;4;11,3125;14,625;16,375;2699;202;0;
3384;2023.05.29 17:30;4;11,3125;14,5;15,75;2697;202;0;
3385;2023.05.29 17:45;4;11,375;14,25;15,1875;2697;202;0;
3386;2023.05.29 18:00;4;11,375;14,125;14,9375;2696;202;0;
3387;2023.05.29 18:15;4;11,375;14;14,4375;2695;202;0;
3388;2023.05.29 18:30;4;11,375;13,8125;14,125;2694;202;0;
3389;2023.05.29 18:45;4;11,375;13,625;13,625;2693;202;0;
3390;2023.05.29 19:00;4;11,4375;13,375;13;2692;202;0;
3391;2023.05.29 19:15;4;11,4375;13,1875;12,25;2692;202;0;
3392;2023.05.29 19:30;4;11,4375;12,9375;11,6875;2692;202;0;
3393;2023.05.29 19:45;4;11,4375;12,75;11,25;2693;202;0;
3394;2023.05.29 20:00;4;11,5;12,5;10,875;2691;202;0;
3395;2023.05.29 20:15;4;11,5;12,375;10,375;2691;202;0;
3396;2023.05.29 20:30;4;11,5;12,125;9,8125;2690;202;0;
3397;2023.05.29 20:45;4;11,5;11,875;9,25;2690;202;0;
3398;2023.05.29 21:00;4;11,5;11,625;8,75;2689;202;0;
3399;2023.05.29 21:15;4;11,4375;11,375;8,375;2688;202;0;
3400;2023.05.29 21:30;4;11,4375;11,25;8,125;2688;202;0;
3401;2023.05.29 21:45;4;11,4375;11,125;8;2688;202;0;
3402;2023.05.29 22:00;4;11,4375;11;7,75;2688;202;0;
3403;2023.05.29 22:15;4;11,375;10,8125;7,4375;2688;202;0;
3404;2023.05.29 22:30;4;11,375;10,625;7,125;2688;202;0;
3405;2023.05.29 22:45;4;11,375;10,5;6,875;2688;202;0;
3406;2023.05.29 23:00;4;11,375;10,375;6,75;2689;202;0;
3407;2023.05.29 23:15;4;11,375;10,25;6,5625;2689;202;0;
3408;2023.05.29 23:30;4;11,375;10,125;6,375;2689;202;0;
3409;2023.05.29 23:45;4;11,3125;10,0625;6,3125;2689;202;0;
3410;2023.05.30 00:00;4;11,3125;10;6,1875;2689;202;0;
3411;2023.05.30 00:15;4;11,25;9,875;6,125;2689;202;0;
3412;2023.05.30 00:30;4;11,25;9,8125;5,875;2689;202;0;
3413;2023.05.30 00:45;4;11,25;9,6875;5,75;2689;202;0;
3414;2023.05.30 01:00;4;11,25;9,625;5,625;2689;202;0;
3415;2023.05.30 01:15;4;11,25;9,5;5,5;2690;202;0;
3416;2023.05.30 01:30;4;11,1875;9,4375;5,375;2689;202;0;
3417;2023.05.30 01:45;4;11,1875;9,375;5,25;2689;202;0;
3418;2023.05.30 02:00;4;11,125;9,25;5,125;2690;202;0;
3419;2023.05.30 02:15;4;11,125;9,1875;5,0625;2690;202;0;
3420;2023.05.30 02:30;4;11,125;9,125;5;2690;202;0;
3421;2023.05.30 02:45;4;11,0625;9,0625;4,875;2690;202;0;
3422;2023.05.30 03:00;4;11,0625;8,9375;4,75;2689;202;0;
3423;2023.05.30 03:15;4;11;8,875;4,625;2689;202;0;
3424;2023.05.30 03:30;4;11;8,8125;4,625;2689;202;0;
3425;2023.05.30 03:45;4;11;8,75;4,5;2689;202;0;
3426;2023.05.30 04:00;4;11;8,6875;4,5;2690;202;0;
3427;2023.05.30 04:15;4;10,9375;8,625;4,4375;2690;202;0;
3428;2023.05.30 04:30;4;10,875;8,625;4,625;2690;202;0;
3429;2023.05.30 04:45;4;10,875;8,6875;4,8125;2689;202;0;
3430;2023.05.30 05:00;4;10,875;8,75;5,125;2689;202;0;
3431;2023.05.30 05:15;4;10,875;8,875;5,75;2690;202;0;
3432;2023.05.30 05:30;4;10,8125;9,125;6,375;2690;202;0;
3433;2023.05.30 05:45;4;10,75;9,3125;7,125;2691;202;0;
3434;2023.05.30 06:00;4;10,75;9,5;7,875;2691;202;0;
3435;2023.05.30 06:15;4;10,75;9,8125;8,75;2690;202;0;
3436;2023.05.30 06:30;4;10,75;10,0625;9,5;2689;202;0;
3437;2023.05.30 06:45;4;10,75;10,3125;10;2689;202;0;
3438;2023.05.30 07:00;4;10,6875;10,5625;10,625;2689;202;0;
3439;2023.05.30 07:15;4;10,6875;10,8125;11,5;2689;202;0;
3440;2023.05.30 07:30;4;10,625;11,125;12,375;2688;202;0;
3441;2023.05.30 07:45;4;10,625;11,375;12,875;2687;202;0;
3442;2023.05.30 08:00;4;10,625;11,625;13,375;2686;202;0;
3443;2023.05.30 08:15;4;10,625;11,75;13,75;2684;202;0;
3444;2023.05.30 08:30;4;10,625;12,0625;14,9375;2683;202;0;
3445;2023.05.30 08:45;4;10,625;12,625;16,25;2682;202;0;
3446;2023.05.30 09:00;4;10,625;12,875;16,5;2679;202;0;
3447;2023.05.30 09:15;4;10,625;13,1875;17,125;2677;202;0;
3448;2023.05.30 09:30;4;10,625;13,375;17,25;2676;202;0;
3449;2023.05.30 09:45;4;10,625;13,5;17,5;2675;202;0;
3450;2023.05.30 10:00;4;10,625;14;18,4375;2674;202;0;
3451;2023.05.30 10:15;4;10,625;14,0625;18,375;2672;202;0;
3452;2023.05.30 10:30;4;10,625;14,125;18,375;2671;202;0;
3453;2023.05.30 10:45;4;10,625;14,1875;18,5;2670;202;0;
3454;2023.05.30 11:00;4;10,6875;14,25;18,1875;2668;202;0;
3455;2023.05.30 11:15;4;10,6875;14,625;19,875;2667;202;0;
3456;2023.05.30 11:30;4;10,6875;16,375;23,375;2666;202;0;
3457;2023.05.30 11:45;4;10,75;17;23,125;2665;202;0;
3458;2023.05.30 12:00;4;10,75;17,0625;22,4375;2663;202;0;
3459;2023.05.30 12:15;4;10,75;16,75;21,625;2660;202;0;
3460;2023.05.30 12:30;4;10,75;16,25;20,75;2658;202;0;
3461;2023.05.30 12:45;4;10,8125;16,125;20,8125;2656;202;0;
3462;2023.05.30 13:00;4;10,875;16,375;21;2653;202;0;
3463;2023.05.30 13:15;4;10,875;16,625;22,375;2651;202;0;
3464;2023.05.30 13:30;4;10,875;17,9375;25,1875;2649;202;0;
3465;2023.05.30 13:45;4;10,9375;19,0625;27,125;2647;202;0;
3466;2023.05.30 14:00;4;11;19,625;28,125;2646;202;0;
3467;2023.05.30 14:15;4;11;19,4375;27,5625;2643;202;0;
3468;2023.05.30 14:30;4;11;19,375;26,5;2641;202;0;
3469;2023.05.30 14:45;4;11,0625;18,75;23,875;2639;202;0;
3470;2023.05.30 15:00;4;11,125;17,875;21,875;2637;202;0;
3471;2023.05.30 15:15;4;11,125;17,25;20,4375;2634;202;0;
3472;2023.05.30 15:30;4;11,25;16,75;19,5;2633;202;0;
3473;2023.05.30 15:45;4;11,25;16,4375;19,375;2631;202;0;
3474;2023.05.30 16:00;4;11,25;16,25;19,125;2630;202;0;
3475;2023.05.30 16:15;4;11,375;16,0625;18,875;2628;202;0;
3476;2023.05.30 16:30;4;11,375;16;19;2627;202;0;
3477;2023.05.30 16:45;4;11,375;16,0625;19,375;2626;202;0;
3478;2023.05.30 17:00;4;11,4375;16;18,9375;2625;202;0;
3479;2023.05.30 17:15;4;11,5;15,8125;18,625;2624;202;0;
3480;2023.05.30 17:30;4;11,5;15,625;18,0625;2623;202;0;
3481;2023.05.30 17:45;4;11,5;15,4375;17,5;2623;202;0;
3482;2023.05.30 18:00;4;11,5625;15,25;17,1875;2622;202;0;
3483;2023.05.30 18:15;4;11,625;15,125;16,75;2621;202;0;
3484;2023.05.30 18:30;4;11,625;15;16,125;2621;202;0;
3485;2023.05.30 18:45;4;11,625;14,75;15,625;2620;202;0;
3486;2023.05.30 19:00;4;11,625;14,5;14,8125;2619;202;0;
3487;2023.05.30 19:15;4;11,625;14,25;14,125;2619;202;0;
3488;2023.05.30 19:30;4;11,625;14;13,625;2619;202;0;
3489;2023.05.30 19:45;4;11,625;13,75;13,1875;2618;202;0;
3490;2023.05.30 20:00;4;11,6875;13,5625;12,75;2618;202;0;
3491;2023.05.30 20:15;4;11,6875;13,375;12,1875;2618;202;0;
3492;2023.05.30 20:30;4;11,6875;13,125;11,6875;2617;202;0;
3493;2023.05.30 20:45;4;11,6875;12,9375;11,375;2617;202;0;
3494;2023.05.30 21:00;4;11,6875;12,75;11,25;2617;202;0;
3495;2023.05.30 21:15;4;11,6875;12,625;10,875;2617;202;0;
3496;2023.05.30 21:30;4;11,6875;12,5;10,4375;2617;202;0;
3497;2023.05.30 21:45;4;11,6875;12,25;10;2617;202;0;
3498;2023.05.30 22:00;4;11,6875;12,125;9,625;2617;202;0;
3499;2023.05.30 22:15;4;11,6875;11,9375;9,375;2617;202;0;
3500;2023.05.30 22:30;4;11,625;11,75;8,875;2618;202;0;
3501;2023.05.30 22:45;4;11,625;11,5625;8,5;2618;202;0;
3502;2023.05.30 23:00;4;11,625;11,375;8,25;2618;202;0;
3503;2023.05.30 23:15;4;11,625;11,25;7,875;2618;202;0;
3504;2023.05.30 23:30;4;11,625;11,0625;7,625;2618;202;0;
3505;2023.05.30 23:45;4;11,625;10,875;7,3125;2618;202;0;
3506;2023.05.31 00:00;4;11,625;10,75;7,0625;2619;202;0;
3507;2023.05.31 00:15;4;11,625;10,625;6,8125;2619;202;0;
3508;2023.05.31 00:30;4;11,5625;10,5;6,625;2619;202;0;
3509;2023.05.31 00:45;4;11,5;10,375;6,375;2619;202;0;
3510;2023.05.31 01:00;4;11,5;10,25;6,125;2620;202;0;
3511;2023.05.31 01:15;4;11,5;10,125;5,9375;2620;202;0;
3512;2023.05.31 01:30;4;11,5;9,9375;5,6875;2620;202;0;
3513;2023.05.31 01:45;4;11,5;9,8125;5,5;2621;202;0;
3514;2023.05.31 02:00;4;11,4375;9,75;5,375;2621;202;0;
3515;2023.05.31 02:15;4;11,4375;9,625;5,25;2620;202;0;
3516;2023.05.31 02:30;4;11,375;9,5;5;2620;202;0;
3517;2023.05.31 02:45;4;11,375;9,375;4,875;2621;202;0;
3518;2023.05.31 03:00;4;11,375;9,25;4,6875;2621;202;0;
3519;2023.05.31 03:15;4;11,3125;9,125;4,375;2621;202;0;
3520;2023.05.31 03:30;4;11,3125;9,0625;4,375;2621;202;0;
3521;2023.05.31 03:45;4;11,25;8,9375;4,125;2622;202;0;
3522;2023.05.31 04:00;4;11,25;8,875;4,125;2622;202;0;
3523;2023.05.31 04:15;4;11,25;8,75;4;2622;202;0;
3524;2023.05.31 04:30;4;11,1875;8,75;4,0625;2623;202;0;
3525;2023.05.31 04:45;4;11,125;8,75;4,25;2623;202;0;
3526;2023.05.31 05:00;4;11,125;8,8125;4,6875;2624;202;0;
3527;2023.05.31 05:15;4;11,125;9;5,375;2624;202;0;
3528;2023.05.31 05:30;4;11,125;9,125;5,875;2624;202;0;
3529;2023.05.31 05:45;4;11,0625;9,3125;6,5;2625;202;0;
3530;2023.05.31 06:00;4;11;9,5625;7,5625;2627;202;0;
3531;2023.05.31 06:15;4;11;9,875;8,375;2625;202;0;
3532;2023.05.31 06:30;4;11;10,125;9,125;2624;202;0;
3533;2023.05.31 06:45;4;11;10,375;9,75;2625;202;0;
3534;2023.05.31 07:00;4;10,9375;10,625;10,3125;2625;202;0;
3535;2023.05.31 07:15;4;10,9375;10,875;11,125;2624;202;0;
3536;2023.05.31 07:30;4;10,875;11,125;11,875;2624;202;0;
3537;2023.05.31 07:45;4;10,875;11,375;12,375;2623;202;0;
3538;2023.05.31 08:00;4;10,875;11,625;13;2622;202;0;
3539;2023.05.31 08:15;4;10,875;11,875;13,4375;2621;202;0;
3540;2023.05.31 08:30;4;10,875;12,125;14,625;2619;202;0;
3541;2023.05.31 08:45;4;10,875;12,625;15,875;2617;202;0;
3542;2023.05.31 09:00;4;10,875;13;16,125;2616;202;0;
3543;2023.05.31 09:15;4;10,875;13,1875;16,5;2614;202;0;
3544;2023.05.31 09:30;4;10,875;13,4375;17;2613;202;0;
3545;2023.05.31 09:45;4;10,875;13,625;17,375;2611;202;0;
3546;2023.05.31 10:00;4;10,875;14,125;18,375;2610;202;0;
3547;2023.05.31 10:15;4;10,875;14,125;18;2608;202;0;
3548;2023.05.31 10:30;4;10,875;14,125;18,0625;2606;202;0;
3549;2023.05.31 10:45;4;10,875;14,25;18,5;2604;202;0;
3550;2023.05.31 11:00;4;10,875;14,5;19,0625;2603;202;0;
3551;2023.05.31 11:15;4;10,875;14,875;20,5625;2601;202;0;
3552;2023.05.31 11:30;4;10,875;16,5625;24,5;2599;202;0;
3553;2023.05.31 11:45;4;10,875;17,4375;24,8125;2597;202;0;
3554;2023.05.31 12:00;4;10,9375;17,75;23,75;2595;202;0;
3555;2023.05.31 12:15;4;11;17,25;21,9375;2593;202;0;
3556;2023.05.31 12:30;4;11;16,6875;21,125;2591;202;0;
3557;2023.05.31 12:45;4;11;16,625;21,5;2589;202;0;
3558;2023.05.31 13:00;4;11;16,875;21,875;2587;202;0;
3559;2023.05.31 13:15;4;11,0625;17,25;23,375;2585;202;0;
3560;2023.05.31 13:30;4;11,125;18,625;26,25;2583;202;0;
3561;2023.05.31 13:45;4;11,125;19,875;28,625;2582;202;0;
3562;2023.05.31 14:00;4;11,125;20,375;29,375;2581;202;0;
3563;2023.05.31 14:15;4;11,1875;20,1875;28,75;2579;202;0;
3564;2023.05.31 14:30;4;11,25;20,125;28,125;2576;202;0;
3565;2023.05.31 14:45;4;11,25;19,375;24,75;2574;202;0;
3566;2023.05.31 15:00;4;11,3125;18,5625;23;2572;202;0;
3567;2023.05.31 15:15;4;11,375;17,75;21;2570;202;0;
3568;2023.05.31 15:30;4;11,375;17,25;20,25;2568;202;0;
3569;2023.05.31 15:45;4;11,5;17;20,1875;2567;202;0;
3570;2023.05.31 16:00;4;11,5;16,75;19,875;2565;202;0;
3571;2023.05.31 16:15;4;11,5625;16,625;19,5625;2564;202;0;
3572;2023.05.31 16:30;4;11,625;16,5;19,625;2563;202;0;
3573;2023.05.31 16:45;4;11,625;16,4375;19,75;2562;202;0;
3574;2023.05.31 17:00;4;11,625;16,3125;19,125;2561;202;0;
3575;2023.05.31 17:15;4;11,6875;16,125;18,75;2560;202;0;
3576;2023.05.31 17:30;4;11,75;15,875;18,125;2560;202;0;
3577;2023.05.31 17:45;4;11,75;15,6875;17,5;2559;202;0;
3578;2023.05.31 18:00;4;11,75;15,5;17,25;2559;202;0;
3579;2023.05.31 18:15;4;11,75;15,375;16,75;2558;202;0;
3580;2023.05.31 18:30;4;11,8125;15,125;16,25;2558;202;0;
3581;2023.05.31 18:45;4;11,875;14,9375;15,5;2558;202;0;
3582;2023.05.31 19:00;4;11,875;14,6875;14,875;2558;202;0;
3583;2023.05.31 19:15;4;11,875;14,4375;14,3125;2557;202;0;
3584;2023.05.31 19:30;4;11,875;14,25;13,75;2558;202;0;
3585;2023.05.31 19:45;4;11,875;14;13,125;2557;202;0;
3586;2023.05.31 20:00;4;11,875;13,75;12,625;2558;202;0;
3587;2023.05.31 20:15;4;11,875;13,5;12,1875;2557;202;0;
3588;2023.05.31 20:30;4;11,875;13,3125;11,625;2557;202;0;
3589;2023.05.31 20:45;4;11,875;13,0625;11;2557;202;0;
3590;2023.05.31 21:00;4;11,875;12,75;10,375;2557;202;0;
3591;2023.05.31 21:15;4;11,875;12,5;9,9375;2557;202;0;
3592;2023.05.31 21:30;4;11,875;12,25;9,5;2558;202;0;
3593;2023.05.31 21:45;4;11,875;12,0625;9;2558;202;0;
3594;2023.05.31 22:00;4;11,875;11,875;8,5;2558;202;0;
3595;2023.05.31 22:15;4;11,875;11,625;8,1875;2558;202;0;
3596;2023.05.31 22:30;4;11,875;11,4375;7,8125;2559;202;0;
3597;2023.05.31 22:45;4;11,875;11,25;7,5;2559;202;0;
3598;2023.05.31 23:00;4;11,875;11,0625;7,25;2559;202;0;
3599;2023.05.31 23:15;4;11,8125;10,875;6,875;2559;202;0;
3600;2023.05.31 23:30;4;11,8125;10,6875;6,625;2559;202;0;
3601;2023.05.31 23:45;4;11,75;10,5;6,3125;2559;202;0;
3602;2023.06.01 00:00;4;11,75;10,375;6,0625;2559;202;0;
3603;2023.06.01 00:15;4;11,75;10,25;5,875;2560;202;0;
3604;2023.06.01 00:30;4;11,75;10,125;5,6875;2560;202;0;
3605;2023.06.01 00:45;4;11,6875;9,9375;5,4375;2560;202;0;
3606;2023.06.01 01:00;4;11,6875;9,8125;5,25;2560;202;0;
3607;2023.06.01 01:15;4;11,625;9,625;5;2560;202;0;
3608;2023.06.01 01:30;4;11,625;9,5;4,8125;2560;202;0;
3609;2023.06.01 01:45;4;11,625;9,4375;4,75;2560;202;0;
3610;2023.06.01 02:00;4;11,5625;9,3125;4,5;2560;202;0;
3611;2023.06.01 02:15;4;11,5625;9,125;4,25;2561;202;0;
3612;2023.06.01 02:30;4;11,5;9;4;2561;202;0;
3613;2023.06.01 02:45;4;11,5;8,875;3,875;2561;202;0;
3614;2023.06.01 03:00;4;11,5;8,8125;3,75;2562;202;0;
3615;2023.06.01 03:15;4;11,4375;8,625;3,4375;2562;202;0;
3616;2023.06.01 03:30;4;11,375;8,5625;3,375;2563;202;0;
3617;2023.06.01 03:45;4;11,375;8,5;3,3125;2563;202;0;
3618;2023.06.01 04:00;4;11,375;8,375;3,1875;2563;202;0;
3619;2023.06.01 04:15;4;11,3125;8,3125;3,125;2563;202;0;
3620;2023.06.01 04:30;4;11,25;8,25;3,375;2563;202;0;
3621;2023.06.01 04:45;4;11,25;8,3125;3,5;2564;202;0;
3622;2023.06.01 05:00;4;11,25;8,375;3,875;2564;202;0;
3623;2023.06.01 05:15;4;11,1875;8,5;4,5;2564;202;0;
3624;2023.06.01 05:30;4;11,125;8,75;5,1875;2565;202;0;
3625;2023.06.01 05:45;4;11,125;9;6,375;2564;202;0;
3626;2023.06.01 06:00;4;11,125;9,375;7,625;2565;202;0;
3627;2023.06.01 06:15;4;11,0625;9,75;8,1875;2565;202;0;
3628;2023.06.01 06:30;4;11,0625;10;9;2566;202;0;
3629;2023.06.01 06:45;4;11;10,375;9,75;2566;202;0;
3630;2023.06.01 07:00;4;11;10,625;10,375;2566;202;0;
3631;2023.06.01 07:15;4;11;10,75;10,625;2566;202;0;
3632;2023.06.01 07:30;4;11;11;11,3125;2566;202;0;
3633;2023.06.01 07:45;4;10,9375;11,25;11,75;2566;202;0;
3634;2023.06.01 08:00;4;10,9375;11,4375;12,25;2565;202;0;
3635;2023.06.01 08:15;4;10,875;11,625;12,75;2565;202;0;
3636;2023.06.01 08:30;4;10,875;11,875;13,875;2564;202;0;
3637;2023.06.01 08:45;4;10,875;12,375;14,9375;2562;202;0;
3638;2023.06.01 09:00;4;10,875;12,625;14,9375;2561;202;0;
3639;2023.06.01 09:15;4;10,875;12,8125;15,375;2559;202;0;
3640;2023.06.01 09:30;4;10,875;13;15,625;2558;202;0;
3641;2023.06.01 09:45;4;10,875;13,125;15,875;2556;202;0;
3642;2023.06.01 10:00;4;10,875;13,5;16,4375;2554;202;0;
3643;2023.06.01 10:15;4;10,875;13,625;16,5;2552;202;0;
3644;2023.06.01 10:30;4;10,875;13,625;16,5;2551;202;0;
3645;2023.06.01 10:45;4;10,875;13,75;16,9375;2550;202;0;
3646;2023.06.01 11:00;4;10,9375;14;17,75;2548;202;0;
3647;2023.06.01 11:15;4;10,9375;14,375;18,9375;2546;202;0;
3648;2023.06.01 11:30;4;10,9375;15,875;22,625;2545;202;0;
3649;2023.06.01 11:45;4;11;16,75;22,875;2543;202;0;
3650;2023.06.01 12:00;4;11;17,1875;22,9375;2541;202;0;
3651;2023.06.01 12:15;4;11;16,875;21,5;2540;202;0;
3652;2023.06.01 12:30;4;11;16,375;20,75;2537;202;0;
3653;2023.06.01 12:45;4;11;16,125;20,5625;2535;202;0;
3654;2023.06.01 13:00;4;11,0625;16,375;21,375;2534;202;0;
3655;2023.06.01 13:15;4;11,125;16,625;22,375;2532;202;0;
3656;2023.06.01 13:30;4;11,125;17,875;25,25;2530;202;0;
3657;2023.06.01 13:45;4;11,125;19,125;28,125;2529;202;0;
3658;2023.06.01 14:00;4;11,125;19,75;28,75;2527;202;0;
3659;2023.06.01 14:15;4;11,1875;18,5;23,1875;2520;202;0;
3660;2023.06.01 14:30;4;11,25;17,75;21,375;2517;202;0;
3661;2023.06.01 14:45;4;11,25;17,25;20,375;2516;202;0;
3662;2023.06.01 15:00;4;11,3125;17;20,875;2513;202;0;
3663;2023.06.01 15:15;4;11,375;16,625;19,5;2512;202;0;
3664;2023.06.01 15:30;4;11,375;16,1875;18,625;2509;202;0;
3665;2023.06.01 15:45;4;11,4375;16;18,75;2507;202;0;
3666;2023.06.01 16:00;4;11,5;15,75;18,25;2505;202;0;
3667;2023.06.01 16:15;4;11,5;15,625;18,1875;2503;202;0;
3668;2023.06.01 16:30;4;11,5;15,625;18,25;2503;202;0;
3669;2023.06.01 16:45;4;11,5625;15,625;18,375;2502;202;0;
3670;2023.06.01 17:00;4;11,625;15,25;17;2501;202;0;
3671;2023.06.01 17:15;4;11,625;14,9375;16,125;2500;202;0;
3672;2023.06.01 17:30;4;11,625;14,625;15,5;2500;202;0;
3673;2023.06.01 17:45;4;11,625;14,375;14,875;2499;202;0;
3674;2023.06.01 18:00;4;11,6875;14,125;14,375;2499;202;0;
3675;2023.06.01 18:15;4;11,6875;13,75;13,625;2499;202;0;
3676;2023.06.01 18:30;4;11,6875;13,625;13,4375;2498;202;0;
3677;2023.06.01 18:45;4;11,75;13,375;12,9375;2498;202;0;
3678;2023.06.01 19:00;4;11,75;13,125;12,375;2497;202;0;
3679;2023.06.01 19:15;4;11,75;12,875;12;2497;202;0;
3680;2023.06.01 19:30;4;11,75;12,75;11,8125;2498;202;0;
3681;2023.06.01 19:45;4;11,75;12,5625;11,5;2498;202;0;
3682;2023.06.01 20:00;4;11,75;12,375;11,25;2498;202;0;
3683;2023.06.01 20:15;4;11,75;12,25;10,875;2497;202;0;
3684;2023.06.01 20:30;4;11,75;12,0625;10,3125;2498;202;0;
3685;2023.06.01 20:45;4;11,75;11,875;10;2498;202;0;
3686;2023.06.01 21:00;4;11,75;11,6875;9,8125;2498;202;0;
3687;2023.06.01 21:15;4;11,6875;11,5;9,75;2498;202;0;
3688;2023.06.01 21:30;4;11,6875;11,4375;9,375;2499;202;0;
3689;2023.06.01 21:45;4;11,6875;11,375;9,125;2499;202;0;
3690;2023.06.01 22:00;4;11,625;11,25;8,875;2499;202;0;
3691;2023.06.01 22:15;4;11,625;11,125;8,875;2499;202;0;
3692;2023.06.01 22:30;4;11,625;11;8,75;2500;202;0;
3693;2023.06.01 22:45;4;11,625;10,9375;8,5;2500;202;0;
3694;2023.06.01 23:00;4;11,625;10,875;8,25;2500;202;0;
3695;2023.06.01 23:15;4;11,5625;10,6875;8;2500;202;0;
3696;2023.06.01 23:30;4;11,5625;10,5;7,75;2500;202;0;
3697;2023.06.01 23:45;4;11,5;10,375;7,6875;2501;202;0;
3698;2023.06.02 00:00;4;11,5;10,25;7,5;2501;202;0;
3699;2023.06.02 00:15;4;11,5;10,125;7,3125;2502;202;0;
3700;2023.06.02 00:30;4;11,5;10;7;2501;202;0;
3701;2023.06.02 00:45;4;11,5;10;6,9375;2501;202;0;
3702;2023.06.02 01:00;4;11,4375;9,9375;6,875;2502;202;0;
3703;2023.06.02 01:15;4;11,375;9,8125;6,125;2502;202;0;
3704;2023.06.02 01:30;4;11,375;9,5;5,375;2502;202;0;
3705;2023.06.02 01:45;4;11,375;9,375;4,875;2502;202;0;
3706;2023.06.02 02:00;4;11,375;9,125;4,4375;2503;202;0;
3707;2023.06.02 02:15;4;11,3125;8,875;4,1875;2503;202;0;
3708;2023.06.02 02:30;4;11,3125;8,8125;4,125;2503;202;0;
3709;2023.06.02 02:45;4;11,25;8,6875;3,875;2503;202;0;
3710;2023.06.02 03:00;4;11,25;8,5;3,5;2503;202;0;
3711;2023.06.02 03:15;4;11,25;8,375;3,375;2504;202;0;
3712;2023.06.02 03:30;4;11,1875;8,25;3,25;2504;202;0;
3713;2023.06.02 03:45;4;11,125;8,125;2,875;2504;202;0;
3714;2023.06.02 04:00;4;11,125;7,9375;2,75;2504;202;0;
3715;2023.06.02 04:15;4;11,125;7,875;2,75;2504;202;0;
3716;2023.06.02 04:30;4;11,125;7,8125;2,75;2505;202;0;
3717;2023.06.02 04:45;4;11,0625;7,8125;2,875;2505;202;0;
3718;2023.06.02 05:00;4;11;7,875;3,375;2505;202;0;
3719;2023.06.02 05:15;4;11;8,0625;3,8125;2506;202;0;
3720;2023.06.02 05:30;4;11;8,25;4,6875;2507;202;0;
3721;2023.06.02 05:45;4;10,9375;8,5;5,5625;2507;202;0;
3722;2023.06.02 06:00;4;10,875;8,8125;6,3125;2507;202;0;
3723;2023.06.02 06:15;4;10,875;9;6,875;2507;202;0;
3724;2023.06.02 06:30;4;10,875;9,25;7,6875;2508;202;0;
3725;2023.06.02 06:45;4;10,8125;9,5;8,25;2508;202;0;
3726;2023.06.02 07:00;4;10,8125;9,75;8,8125;2508;202;0;
3727;2023.06.02 07:15;4;10,75;10;9,5625;2507;202;0;
3728;2023.06.02 07:30;4;10,75;10,375;10,4375;2507;202;0;
3729;2023.06.02 07:45;4;10,75;10,5625;10,875;2507;202;0;
3730;2023.06.02 08:00;4;10,75;10,75;11,375;2506;202;0;
3731;2023.06.02 08:15;4;10,75;11;11,875;2505;202;0;
3732;2023.06.02 08:30;4;10,75;11,25;12,8125;2504;202;0;
3733;2023.06.02 08:45;4;10,75;11,75;14,3125;2503;202;0;
3734;2023.06.02 09:00;4;10,6875;12,125;14,625;2502;202;0;
3735;2023.06.02 09:15;4;10,6875;12,375;14,875;2500;202;0;
3736;2023.06.02 09:30;4;10,6875;12,5;15,25;2499;202;0;
3737;2023.06.02 09:45;4;10,6875;12,75;15,625;2498;202;0;
3738;2023.06.02 10:00;4;10,6875;13,1875;16,5625;2495;202;0;
3739;2023.06.02 10:15;4;10,6875;13,375;16,625;2494;202;0;
3740;2023.06.02 10:30;4;10,6875;13,375;16,6875;2492;202;0;
3741;2023.06.02 10:45;4;10,75;13,375;17;2491;202;0;
3742;2023.06.02 11:00;4;10,75;13,625;17,5;2489;202;0;
3743;2023.06.02 11:15;4;10,75;13,9375;18,75;2487;202;0;
3744;2023.06.02 11:30;4;10,75;15,375;22,75;2488;202;0;
3745;2023.06.02 11:45;4;10,75;16,375;23,4375;2484;202;0;
3746;2023.06.02 12:00;4;10,75;16,75;22,9375;2482;202;0;
3747;2023.06.02 12:15;4;10,75;16,5625;21,8125;2480;202;0;
3748;2023.06.02 12:30;4;10,75;16;20,6875;2478;202;0;
3749;2023.06.02 12:45;4;10,8125;15,8125;20,875;2477;202;0;
3750;2023.06.02 13:00;4;10,875;16,0625;21,5;2475;202;0;
3751;2023.06.02 13:15;4;10,875;16,25;22,5;2472;202;0;
3752;2023.06.02 13:30;4;10,875;17,875;26;2471;202;0;
3753;2023.06.02 13:45;4;10,9375;19,1875;29,1875;2470;202;0;
3754;2023.06.02 14:00;4;11;19,8125;30,5;2468;202;0;
3755;2023.06.02 14:15;4;11;19,5;28,8125;2465;202;0;
3756;2023.06.02 14:30;4;11;19,625;28,25;2464;202;0;
3757;2023.06.02 14:45;4;11,0625;19;25,625;2461;202;0;
3758;2023.06.02 15:00;4;11,125;18,1875;22,875;2458;202;0;
3759;2023.06.02 15:15;4;11,125;17,375;21,25;2456;202;0;
3760;2023.06.02 15:30;4;11,25;16,875;20,5;2455;202;0;
3761;2023.06.02 15:45;4;11,25;16,625;20;2453;202;0;
3762;2023.06.02 16:00;4;11,25;16,375;19,75;2452;202;0;
3763;2023.06.02 16:15;4;11,3125;16,125;19,375;2450;202;0;
3764;2023.06.02 16:30;4;11,375;16;19,25;2448;202;0;
3765;2023.06.02 16:45;4;11,375;16;19,6875;2447;202;0;
3766;2023.06.02 17:00;4;11,4375;15,875;18,625;2446;202;0;
3767;2023.06.02 17:15;4;11,5;15,625;17,875;2446;202;0;
3768;2023.06.02 17:30;4;11,5;15,4375;17,625;2444;202;0;
3769;2023.06.02 17:45;4;11,5;15,1875;16,875;2442;202;0;
3770;2023.06.02 18:00;4;11,5;15;16,5;2442;202;0;
3771;2023.06.02 18:15;4;11,5625;14,8125;15,9375;2441;202;0;
3772;2023.06.02 18:30;4;11,5625;14,5;15,0625;2441;202;0;
3773;2023.06.02 18:45;4;11,625;14,25;14,5;2441;202;0;
3774;2023.06.02 19:00;4;11,625;14;13,625;2440;202;0;
3775;2023.06.02 19:15;4;11,625;13,625;12,875;2440;202;0;
3776;2023.06.02 19:30;4;11,625;13,375;12,375;2440;202;0;
3777;2023.06.02 19:45;4;11,625;13,125;11,875;2440;202;0;
3778;2023.06.02 20:00;4;11,625;12,875;11,5;2440;202;0;
3779;2023.06.02 20:15;4;11,625;12,625;10,8125;2440;202;0;
3780;2023.06.02 20:30;4;11,625;12,3125;10,125;2440;202;0;
3781;2023.06.02 20:45;4;11,625;12;9,3125;2440;202;0;
3782;2023.06.02 21:00;4;11,625;11,6875;8,75;2441;202;0;
3783;2023.06.02 21:15;4;11,625;11,375;8,375;2441;202;0;
3784;2023.06.02 21:30;4;11,625;11,25;8,25;2442;202;0;
3785;2023.06.02 21:45;4;11,625;11,125;8,125;2442;202;0;
3786;2023.06.02 22:00;4;11,625;11;7,75;2442;202;0;
3787;2023.06.02 22:15;4;11,625;10,8125;7,375;2442;202;0;
3788;2023.06.02 22:30;4;11,625;10,625;7,125;2443;202;0;
3789;2023.06.02 22:45;4;11,5625;10,4375;6,75;2443;202;0;
3790;2023.06.02 23:00;4;11,5625;10,25;6,5;2444;202;0;
3791;2023.06.02 23:15;4;11,5;10,125;6,125;2444;202;0;
3792;2023.06.02 23:30;4;11,5;9,9375;5,875;2445;202;0;
3793;2023.06.02 23:45;4;11,5;9,75;5,625;2445;202;0;
3794;2023.06.03 00:00;4;11,5;9,625;5,3125;2446;202;0;
3795;2023.06.03 00:15;4;11,5;9,4375;5,0625;2446;202;0;
3796;2023.06.03 00:30;4;11,4375;9,25;4,75;2447;202;0;
3797;2023.06.03 00:45;4;11,375;9,125;4,5;2447;202;0;
3798;2023.06.03 01:00;4;11,375;8,9375;4,25;2448;202;0;
3799;2023.06.03 01:15;4;11,375;8,75;4;2448;202;0;
3800;2023.06.03 01:30;4;11,375;8,625;3,75;2449;202;0;
3801;2023.06.03 01:45;4;11,3125;8,5;3,5;2449;202;0;
3802;2023.06.03 02:00;4;11,25;8,375;3,375;2449;202;0;
3803;2023.06.03 02:15;4;11,25;8,25;3,125;2449;202;0;
3804;2023.06.03 02:30;4;11,25;8,0625;3;2449;202;0;
3805;2023.06.03 02:45;4;11,1875;8;2,8125;2449;202;0;
3806;2023.06.03 03:00;4;11,125;7,875;2,75;2450;202;0;
3807;2023.06.03 03:15;4;11,125;7,75;2,5625;2450;202;0;
3808;2023.06.03 03:30;4;11,125;7,625;2,4375;2450;202;0;
3809;2023.06.03 03:45;4;11,0625;7,625;2,5;2451;202;0;
3810;2023.06.03 04:00;4;11;7,5;2,4375;2451;202;0;
3811;2023.06.03 04:15;4;11;7,5;2,5;2451;202;0;
3812;2023.06.03 04:30;4;11;7,625;2,875;2452;202;0;
3813;2023.06.03 04:45;4;10,9375;7,625;3,0625;2452;202;0;
3814;2023.06.03 05:00;4;10,875;7,75;3,625;2453;202;0;
3815;2023.06.03 05:15;4;10,875;7,9375;4,125;2453;202;0;
3816;2023.06.03 05:30;4;10,875;8,125;4,9375;2454;202;0;
3817;2023.06.03 05:45;4;10,8125;8,4375;5,625;2454;202;0;
3818;2023.06.03 06:00;4;10,75;8,6875;6,5;2454;202;0;
3819;2023.06.03 06:15;4;10,75;9;7,5625;2454;202;0;
3820;2023.06.03 06:30;4;10,75;9,375;8,5625;2454;202;0;
3821;2023.06.03 06:45;4;10,75;9,75;9,375;2453;202;0;
3822;2023.06.03 07:00;4;10,75;10;9,9375;2453;202;0;
3823;2023.06.03 07:15;4;10,6875;10,3125;10,75;2451;202;0;
3824;2023.06.03 07:30;4;10,6875;10,625;11,8125;2450;202;0;
3825;2023.06.03 07:45;4;10,625;11;12,5;2448;202;0;
3826;2023.06.03 08:00;4;10,625;11,3125;13,25;2447;202;0;
3827;2023.06.03 08:15;4;10,625;11,625;13,75;2445;202;0;
3828;2023.06.03 08:30;4;10,625;11,875;15;2444;202;0;
3829;2023.06.03 08:45;4;10,625;12,5;16,3125;2443;202;0;
3830;2023.06.03 09:00;4;10,625;12,875;16,75;2441;202;0;
3831;2023.06.03 09:15;4;10,625;13,125;17,25;2440;202;0;
3832;2023.06.03 09:30;4;10,625;13,375;17,5625;2437;202;0;
3833;2023.06.03 09:45;4;10,625;13,5;17,875;2435;202;0;
3834;2023.06.03 10:00;4;10,625;13,9375;18,75;2433;202;0;
3835;2023.06.03 10:15;4;10,625;14,25;19,25;2430;202;0;
3836;2023.06.03 10:30;4;10,6875;14,1875;19,125;2425;202;0;
3837;2023.06.03 10:45;4;10,6875;14,3125;19,4375;2423;202;0;
3838;2023.06.03 11:00;4;10,6875;14,4375;19,625;2420;202;0;
3839;2023.06.03 11:15;4;10,6875;14,75;21;2418;202;0;
3840;2023.06.03 11:30;4;10,75;16;24,125;2416;202;0;
3841;2023.06.03 11:45;4;10,75;17;24,625;2414;202;0;
3842;2023.06.03 12:00;4;10,75;17,375;24,625;2413;202;0;
3843;2023.06.03 12:15;4;10,75;17,125;23,5625;2409;202;0;
3844;2023.06.03 12:30;4;10,8125;16,6875;22,625;2406;202;0;
3845;2023.06.03 12:45;4;10,875;16,375;22,375;2403;202;0;
3846;2023.06.03 13:00;4;10,875;16,5625;23,0625;2401;202;0;
3847;2023.06.03 13:15;4;10,875;16,875;24,25;2399;202;0;
3848;2023.06.03 13:30;4;10,9375;18,25;26,8125;2397;202;0;
3849;2023.06.03 13:45;4;10,9375;19,75;30,125;2395;202;0;
3850;2023.06.03 14:00;4;11;20,5;31,5;2393;202;0;
3851;2023.06.03 14:15;4;11;20,375;30,3125;2389;202;0;
3852;2023.06.03 14:30;4;11,0625;20,375;29,5625;2386;202;0;
3853;2023.06.03 14:45;4;11,125;19,625;26,5625;2383;202;0;
3854;2023.06.03 15:00;4;11,125;18,875;24,375;2380;202;0;
3855;2023.06.03 15:15;4;11,25;18,125;22,625;2376;202;0;
3856;2023.06.03 15:30;4;11,25;17,625;21,875;2369;202;0;
3857;2023.06.03 15:45;4;11,3125;17,25;21,3125;2366;202;0;
3858;2023.06.03 16:00;4;11,375;17;20,8125;2364;202;0;
3859;2023.06.03 16:15;4;11,375;16,6875;20,375;2363;202;0;
3860;2023.06.03 16:30;4;11,4375;16,5;20,25;2361;202;0;
3861;2023.06.03 16:45;4;11,5;16,4375;20,375;2359;202;0;
3862;2023.06.03 17:00;4;11,5;16,3125;20;2357;202;0;
3863;2023.06.03 17:15;4;11,5;16,125;19,5;2354;202;0;
3864;2023.06.03 17:30;4;11,5625;16;19,0625;2353;202;0;
3865;2023.06.03 17:45;4;11,625;15,75;18,125;2352;202;0;
3866;2023.06.03 18:00;4;11,625;15,5;17,875;2350;202;0;
3867;2023.06.03 18:15;4;11,625;15,25;16,9375;2349;202;0;
3868;2023.06.03 18:30;4;11,625;15;16,25;2349;202;0;
3869;2023.06.03 18:45;4;11,625;14,75;15,6875;2348;202;0;
3870;2023.06.03 19:00;4;11,6875;14,5;15,25;2347;202;0;
3871;2023.06.03 19:15;4;11,6875;14,25;14,75;2346;202;0;
3872;2023.06.03 19:30;4;11,75;14;14,375;2346;202;0;
3873;2023.06.03 19:45;4;11,75;13,8125;14,0625;2347;202;0;
3874;2023.06.03 20:00;4;11,75;13,625;13,25;2346;202;0;
3875;2023.06.03 20:15;4;11,75;13,375;12,3125;2346;202;0;
3876;2023.06.03 20:30;4;11,75;13;11,5;2346;202;0;
3877;2023.06.03 20:45;4;11,75;12,6875;10,6875;2346;202;0;
3878;2023.06.03 21:00;4;11,75;12,375;10,125;2347;202;0;
3879;2023.06.03 21:15;4;11,75;12,125;9,6875;2347;202;0;
3880;2023.06.03 21:30;4;11,75;11,875;9,5;2347;202;0;
3881;2023.06.03 21:45;4;11,75;11,75;9,25;2348;202;0;
3882;2023.06.03 22:00;4;11,75;11,5625;8,9375;2348;202;0;
3883;2023.06.03 22:15;4;11,6875;11,375;8,5;2348;202;0;
3884;2023.06.03 22:30;4;11,6875;11,25;8,25;2349;202;0;
3885;2023.06.03 22:45;4;11,6875;11,125;8,3125;2350;202;0;
3886;2023.06.03 23:00;4;11,625;11,0625;8,375;2350;202;0;
3887;2023.06.03 23:15;4;11,625;11;8,125;2351;202;0;
3888;2023.06.03 23:30;4;11,625;10,8125;7,75;2352;202;0;
3889;2023.06.03 23:45;4;11,625;10,625;7,375;2352;202;0;
3890;2023.06.04 00:00;4;11,625;10,5;7,125;2353;202;0;
3891;2023.06.04 00:15;4;11,5625;10,375;7,125;2354;202;0;
3892;2023.06.04 00:30;4;11,5;10,25;6,875;2355;202;0;
3893;2023.06.04 00:45;4;11,5;10,125;6,4375;2355;202;0;
3894;2023.06.04 01:00;4;11,5;9,875;6,125;2354;202;0;
3895;2023.06.04 01:15;4;11,5;9,75;5,75;2354;202;0;
3896;2023.06.04 01:30;4;11,5;9,625;5,625;2355;202;0;
3897;2023.06.04 01:45;4;11,4375;9,5;5,375;2355;202;0;
3898;2023.06.04 02:00;4;11,375;9,375;5,1875;2356;202;0;
3899;2023.06.04 02:15;4;11,375;9,25;5,1875;2356;202;0;
3900;2023.06.04 02:30;4;11,375;9,125;5;2357;202;0;
3901;2023.06.04 02:45;4;11,375;9,125;5;2357;202;0;
3902;2023.06.04 03:00;4;11,3125;9;4,9375;2358;202;0;
3903;2023.06.04 03:15;4;11,25;8,875;4,75;2358;202;0;
3904;2023.06.04 03:30;4;11,25;8,875;4,75;2359;202;0;
3905;2023.06.04 03:45;4;11,25;8,8125;4,8125;2359;202;0;
3906;2023.06.04 04:00;4;11,25;8,75;4,625;2359;202;0;
3907;2023.06.04 04:15;4;11,1875;8,75;4,6875;2360;202;0;
3908;2023.06.04 04:30;4;11,125;8,75;4,75;2361;202;0;
3909;2023.06.04 04:45;4;11,125;8,75;5,0625;2361;202;0;
3910;2023.06.04 05:00;4;11,125;8,875;5,625;2361;202;0;
3911;2023.06.04 05:15;4;11,0625;9,125;6,375;2362;202;0;
3912;2023.06.04 05:30;4;11;9,375;7,25;2362;202;0;
3913;2023.06.04 05:45;4;11;9,625;8;2363;202;0;
3914;2023.06.04 06:00;4;11;9,875;8,875;2363;202;0;
3915;2023.06.04 06:15;4;11;10,25;9,75;2363;202;0;
3916;2023.06.04 06:30;4;10,9375;10,5;10,6875;2364;202;0;
3917;2023.06.04 06:45;4;10,9375;10,875;11,5;2363;202;0;
3918;2023.06.04 07:00;4;10,875;11,1875;12,375;2363;202;0;
3919;2023.06.04 07:15;4;10,875;11,5;13,125;2362;202;0;
3920;2023.06.04 07:30;4;10,875;11,875;14;2361;202;0;
3921;2023.06.04 07:45;4;10,875;12,125;14,5;2360;202;0;
3922;2023.06.04 08:00;4;10,875;12,375;14,9375;2359;202;0;
3923;2023.06.04 08:15;4;10,875;12,625;15,5;2357;202;0;
3924;2023.06.04 08:30;4;10,875;12,875;16,5;2356;202;0;
3925;2023.06.04 08:45;4;10,875;13,5;17,875;2354;202;0;
3926;2023.06.04 09:00;4;10,875;13,8125;18;2352;202;0;
3927;2023.06.04 09:15;4;10,875;14;18,375;2351;202;0;
3928;2023.06.04 09:30;4;10,875;14,25;18,625;2349;202;0;
3929;2023.06.04 09:45;4;10,875;14,375;18,8125;2346;202;0;
3930;2023.06.04 10:00;4;10,875;14,75;19,75;2344;202;0;
3931;2023.06.04 10:15;4;10,875;15;19,625;2343;202;0;
3932;2023.06.04 10:30;4;10,9375;14,875;19,25;2341;202;0;
3933;2023.06.04 10:45;4;10,9375;15;19,625;2340;202;0;
3934;2023.06.04 11:00;4;10,9375;15,125;19,4375;2338;202;0;
3935;2023.06.04 11:15;4;11;15,375;20,25;2336;202;0;
3936;2023.06.04 11:30;4;11;15,6875;20,3125;2335;202;0;
3937;2023.06.04 11:45;4;11;16,1875;21,75;2333;202;0;
3938;2023.06.04 12:00;4;11;16,5;21,0625;2331;202;0;
3939;2023.06.04 12:15;4;11,0625;16,375;20,875;2331;202;0;
3940;2023.06.04 12:30;4;11,0625;16,3125;21;2328;202;0;
3941;2023.06.04 12:45;4;11,125;16,3125;20,875;2327;202;0;
3942;2023.06.04 13:00;4;11,125;16,5;22;2324;202;0;
3943;2023.06.04 13:15;4;11,125;17,3125;24,125;2322;202;0;
3944;2023.06.04 13:30;4;11,1875;18,8125;26,3125;2321;202;0;
3945;2023.06.04 13:45;4;11,1875;20;27,9375;2320;202;0;
3946;2023.06.04 14:00;4;11,25;20,5;28,875;2318;202;0;
3947;2023.06.04 14:15;4;11,25;20,25;28,0625;2316;202;0;
3948;2023.06.04 14:30;4;11,3125;20,125;26,625;2314;202;0;
3949;2023.06.04 14:45;4;11,375;19,5;24,4375;2312;202;0;
3950;2023.06.04 15:00;4;11,375;18,625;22,125;2310;202;0;
3951;2023.06.04 15:15;4;11,4375;17,9375;21,1875;2307;202;0;
3952;2023.06.04 15:30;4;11,5;17,3125;20;2306;202;0;
3953;2023.06.04 15:45;4;11,5;17,0625;20;2304;202;0;
3954;2023.06.04 16:00;4;11,5625;16,875;20;2302;202;0;
3955;2023.06.04 16:15;4;11,625;16,625;19,25;2301;202;0;
3956;2023.06.04 16:30;4;11,625;16,5;19,5;2300;202;0;
3957;2023.06.04 16:45;4;11,6875;16,5625;20,25;2298;202;0;
3958;2023.06.04 17:00;4;11,75;16,5;19,875;2297;202;0;
3959;2023.06.04 17:15;4;11,75;16,5;19,875;2296;202;0;
3960;2023.06.04 17:30;4;11,75;16,375;19,25;2295;202;0;
3961;2023.06.04 17:45;4;11,8125;16;18,25;2295;202;0;
3962;2023.06.04 18:00;4;11,8125;15,8125;17,9375;2294;202;0;
3963;2023.06.04 18:15;4;11,875;15,5625;17,0625;2293;202;0;
3964;2023.06.04 18:30;4;11,875;15,375;16,6875;2292;202;0;
3965;2023.06.04 18:45;4;11,875;15,125;16;2292;202;0;
3966;2023.06.04 19:00;4;11,875;14,8125;15,0625;2292;202;0;
3967;2023.06.04 19:15;4;11,875;14,5;14,25;2292;202;0;
3968;2023.06.04 19:30;4;11,875;14,125;13,5;2292;202;0;
3969;2023.06.04 19:45;4;11,875;13,875;12,875;2291;202;0;
3970;2023.06.04 20:00;4;11,9375;13,5;12,25;2291;202;0;
3971;2023.06.04 20:15;4;11,9375;13,25;11,6875;2292;202;0;
3972;2023.06.04 20:30;4;11,9375;13;11,1875;2293;202;0;
3973;2023.06.04 20:45;4;11,9375;12,75;10,75;2292;202;0;
3974;2023.06.04 21:00;4;11,875;12,5;10,375;2293;202;0;
3975;2023.06.04 21:15;4;11,9375;12,3125;10;2293;202;0;
3976;2023.06.04 21:30;4;11,875;12,125;9,75;2293;202;0;
3977;2023.06.04 21:45;4;11,875;12;9,375;2294;202;0;
3978;2023.06.04 22:00;4;11,875;11,75;8,875;2294;202;0;
3979;2023.06.04 22:15;4;11,875;11,5;8,375;2295;202;0;
3980;2023.06.04 22:30;4;11,875;11,3125;8,0625;2296;202;0;
3981;2023.06.04 22:45;4;11,875;11;7,5;2296;202;0;
3982;2023.06.04 23:00;4;11,875;10,875;7,25;2297;202;0;
3983;2023.06.04 23:15;4;11,8125;10,75;7,125;2298;202;0;
3984;2023.06.04 23:30;4;11,8125;10,5625;6,9375;2298;202;0;
3985;2023.06.04 23:45;4;11,75;10,375;6,625;2299;202;0;
3986;2023.06.05 00:00;4;11,75;10,25;6,4375;2300;202;0;
3987;2023.06.05 00:15;4;11,75;10,125;6,1875;2301;202;0;
3988;2023.06.05 00:30;4;11,75;10;6,0625;2301;202;0;
3989;2023.06.05 00:45;4;11,6875;9,875;6;2302;202;0;
3990;2023.06.05 01:00;4;11,625;9,75;5,75;2302;202;0;
3991;2023.06.05 01:15;4;11,625;9,6875;5,625;2303;202;0;
3992;2023.06.05 01:30;4;11,625;9,5625;5,5;2304;202;0;
3993;2023.06.05 01:45;4;11,625;9,5;5,375;2304;202;0;
3994;2023.06.05 02:00;4;11,5625;9,375;5,3125;2305;202;0;
3995;2023.06.05 02:15;4;11,5;9,25;5,1875;2306;202;0;
3996;2023.06.05 02:30;4;11,5;9,1875;5;2307;202;0;
3997;2023.06.05 02:45;4;11,5;9,125;5;2307;202;0;
3998;2023.06.05 03:00;4;11,4375;9;4,9375;2308;202;0;
3999;2023.06.05 03:15;4;11,4375;8,9375;4,75;2309;202;0;
4000;2023.06.05 03:30;4;11,375;8,875;4,75;2310;202;0;
4001;2023.06.05 03:45;4;11,375;8,8125;4,625;2309;202;0;
4002;2023.06.05 04:00;4;11,375;8,75;4,625;2310;202;0;
4003;2023.06.05 04:15;4;11,3125;8,75;4,6875;2311;202;0;
4004;2023.06.05 04:30;4;11,25;8,75;4,75;2311;202;0;
4005;2023.06.05 04:45;4;11,25;8,75;5,125;2311;202;0;
4006;2023.06.05 05:00;4;11,25;8,875;5,5;2311;202;0;
4007;2023.06.05 05:15;4;11,1875;9,0625;6,125;2312;202;0;
4008;2023.06.05 05:30;4;11,125;9,25;6,875;2313;202;0;
4009;2023.06.05 05:45;4;11,125;9,5;7,75;2313;202;0;
4010;2023.06.05 06:00;4;11,125;9,875;8,6875;2313;202;0;
4011;2023.06.05 06:15;4;11,125;10,125;9,5;2313;202;0;
4012;2023.06.05 06:30;4;11,0625;10,4375;10,1875;2314;202;0;
4013;2023.06.05 06:45;4;11;10,75;10,875;2314;202;0;
4014;2023.06.05 07:00;4;11;11;11,625;2315;202;0;
4015;2023.06.05 07:15;4;11;11,375;12,375;2314;202;0;
4016;2023.06.05 07:30;4;11;11,75;13,375;2314;202;0;
4017;2023.06.05 07:45;4;11;12;13,875;2313;202;0;
4018;2023.06.05 08:00;4;11;12,25;14,5;2312;202;0;
4019;2023.06.05 08:15;4;11;12,5625;15,125;2311;202;0;
4020;2023.06.05 08:30;4;11;12,875;16,125;2309;202;0;
4021;2023.06.05 08:45;4;11;13,4375;17,25;2308;202;0;
4022;2023.06.05 09:00;4;11;13,8125;17,625;2307;202;0;
4023;2023.06.05 09:15;4;11;14,125;17,875;2306;202;0;
4024;2023.06.05 09:30;4;11;14,25;18,125;2304;202;0;
4025;2023.06.05 09:45;4;11;14,4375;18,625;2302;202;0;
4026;2023.06.05 10:00;4;11;14,75;19,125;2300;202;0;
4027;2023.06.05 10:15;4;11;14,875;18,9375;2299;202;0;
4028;2023.06.05 10:30;4;11;14,75;18,125;2297;202;0;
4029;2023.06.05 10:45;4;11;14,8125;18,5625;2295;202;0;
4030;2023.06.05 11:00;4;11,0625;15,125;19,25;2293;202;0;
4031;2023.06.05 11:15;4;11,0625;15,5625;20,5;2291;202;0;
4032;2023.06.05 11:30;4;11,125;16,625;22,875;2289;202;0;
4033;2023.06.05 11:45;4;11,125;16,625;21,125;2288;202;0;
4034;2023.06.05 12:00;4;11,125;16,125;19,25;2286;202;0;
4035;2023.06.05 12:15;4;11,125;15,625;18,0625;2284;202;0;
4036;2023.06.05 12:30;4;11,1875;15,5;18,4375;2283;202;0;
4037;2023.06.05 12:45;4;11,1875;15,75;19,625;2281;202;0;
4038;2023.06.05 13:00;4;11,25;16,375;22;2280;202;0;
4039;2023.06.05 13:15;4;11,25;16,875;22,375;2278;202;0;
4040;2023.06.05 13:30;4;11,25;17,1875;22,125;2276;202;0;
4041;2023.06.05 13:45;4;11,3125;18,5;25,625;2275;202;0;
4042;2023.06.05 14:00;4;11,375;18,875;25,125;2273;202;0;
4043;2023.06.05 14:15;4;11,375;19;25,25;2271;202;0;
4044;2023.06.05 14:30;4;11,375;19,5;27,375;2270;202;0;
4045;2023.06.05 14:45;4;11,4375;19;23,5;2268;202;0;
4046;2023.06.05 15:00;4;11,5;17,8125;20,125;2265;202;0;
4047;2023.06.05 15:15;4;11,5;17,625;21,5;2263;202;0;
4048;2023.06.05 15:30;4;11,5625;17,25;20;2261;202;0;
4049;2023.06.05 15:45;4;11,625;17,125;20,625;2260;202;0;
4050;2023.06.05 16:00;4;11,625;16,75;19,25;2258;202;0;
4051;2023.06.05 16:15;4;11,625;16,4375;18,375;2257;202;0;
4052;2023.06.05 16:30;4;11,75;16,25;18,625;2256;202;0;
4053;2023.06.05 16:45;4;11,75;16,0625;17,9375;2255;202;0;
4054;2023.06.05 17:00;4;11,75;15,8125;17,4375;2255;202;0;
4055;2023.06.05 17:15;4;11,75;15,625;17,3125;2254;202;0;
4056;2023.06.05 17:30;4;11,8125;15,5;17,125;2254;202;0;
4057;2023.06.05 17:45;4;11,875;15,5;17,375;2253;202;0;
4058;2023.06.05 18:00;4;11,875;15,5625;17,875;2253;202;0;
4059;2023.06.05 18:15;4;11,875;15,5;17,625;2253;202;0;
4060;2023.06.05 18:30;4;11,875;15,375;17,25;2253;202;0;
4061;2023.06.05 18:45;4;11,875;15,125;16,25;2252;202;0;
4062;2023.06.05 19:00;4;11,875;14,875;15,375;2251;202;0;
4063;2023.06.05 19:15;4;11,9375;14,5625;14,875;2250;202;0;
4064;2023.06.05 19:30;4;11,9375;14,375;14,375;2250;202;0;
4065;2023.06.05 19:45;4;11,9375;14,0625;13,5625;2250;202;0;
4066;2023.06.05 20:00;4;12;13,75;12,875;2250;202;0;
4067;2023.06.05 20:15;4;12;13,5;12,5;2250;202;0;
4068;2023.06.05 20:30;4;12;13,375;12,125;2251;202;0;
4069;2023.06.05 20:45;4;12;13,125;11,625;2251;202;0;
4070;2023.06.05 21:00;4;12;12,875;11,125;2251;202;0;
4071;2023.06.05 21:15;4;12;12,625;10,625;2251;202;0;
4072;2023.06.05 21:30;4;12;12,375;10,25;2251;202;0;
4073;2023.06.05 21:45;4;12;12,1875;9,8125;2252;202;0;
4074;2023.06.05 22:00;4;11,9375;12;9,4375;2252;202;0;
4075;2023.06.05 22:15;4;11,9375;11,8125;9,125;2253;202;0;
4076;2023.06.05 22:30;4;11,9375;11,625;8,75;2253;202;0;
4077;2023.06.05 22:45;4;11,875;11,5;8,5;2254;202;0;
4078;2023.06.05 23:00;4;11,875;11,25;8,125;2255;202;0;
4079;2023.06.05 23:15;4;11,875;11,125;7,8125;2256;202;0;
4080;2023.06.05 23:30;4;11,875;10,875;7,5;2256;202;0;
4081;2023.06.05 23:45;4;11,875;10,75;7,25;2257;202;0;
4082;2023.06.06 00:00;4;11,875;10,625;7,1875;2258;202;0;
4083;2023.06.06 00:15;4;11,8125;10,5;6,875;2259;202;0;
4084;2023.06.06 00:30;4;11,75;10,375;6,8125;2259;202;0;
4085;2023.06.06 00:45;4;11,75;10,25;6,5625;2260;202;0;
4086;2023.06.06 01:00;4;11,75;10,125;6,4375;2260;202;0;
4087;2023.06.06 01:15;4;11,75;10;6,125;2261;202;0;
4088;2023.06.06 01:30;4;11,6875;9,875;5,9375;2261;202;0;
4089;2023.06.06 01:45;4;11,625;9,75;5,8125;2262;202;0;
4090;2023.06.06 02:00;4;11,625;9,625;5,6875;2263;202;0;
4091;2023.06.06 02:15;4;11,625;9,5625;5,6875;2263;202;0;
4092;2023.06.06 02:30;4;11,625;9,4375;5,375;2264;202;0;
4093;2023.06.06 02:45;4;11,5625;9,3125;5,25;2264;202;0;
4094;2023.06.06 03:00;4;11,5;9,1875;4,9375;2265;202;0;
4095;2023.06.06 03:15;4;11,5;9;4,6875;2266;202;0;
4096;2023.06.06 03:30;4;11,5;8,875;4,5;2267;202;0;
4097;2023.06.06 03:45;4;11,5;8,8125;4,5;2267;202;0;
4098;2023.06.06 04:00;4;11,4375;8,75;4,5;2268;202;0;
4099;2023.06.06 04:15;4;11,375;8,6875;4,5;2268;202;0;
4100;2023.06.06 04:30;4;11,375;8,75;4,875;2269;202;0;
4101;2023.06.06 04:45;4;11,375;8,875;5,625;2269;202;0;
4102;2023.06.06 05:00;4;11,3125;9,125;6,375;2270;202;0;
4103;2023.06.06 05:15;4;11,25;9,4375;7,1875;2270;202;0;
4104;2023.06.06 05:30;4;11,25;9,625;7,625;2271;202;0;
4105;2023.06.06 05:45;4;11,25;9,875;8,25;2271;202;0;
4106;2023.06.06 06:00;4;11,25;10;8,5;2271;202;0;
4107;2023.06.06 06:15;4;11,1875;10,125;8,8125;2272;202;0;
4108;2023.06.06 06:30;4;11,125;10,25;9;2272;202;0;
4109;2023.06.06 06:45;4;11,125;10,375;9,25;2272;202;0;
4110;2023.06.06 07:00;4;11,125;10,5;9,5625;2272;202;0;
4111;2023.06.06 07:15;4;11,125;10,625;9,875;2272;202;0;
4112;2023.06.06 07:30;4;11,125;10,75;10,125;2273;202;0;
4113;2023.06.06 07:45;4;11,0625;10,875;10,25;2273;202;0;
4114;2023.06.06 08:00;4;11,0625;10,875;10,375;2273;202;0;
4115;2023.06.06 08:15;4;11,0625;11;10,625;2273;202;0;
4116;2023.06.06 08:30;4;11;11,1875;11,25;2273;202;0;
4117;2023.06.06 08:45;4;11;11,375;11,5;2273;202;0;
4118;2023.06.06 09:00;4;11;11,5;12,0625;2272;202;0;
4119;2023.06.06 09:15;4;11;11,875;12,875;2272;202;0;
4120;2023.06.06 09:30;4;11;12,0625;13,125;2272;202;0;
4121;2023.06.06 09:45;4;11;12,375;14,25;2271;202;0;
4122;2023.06.06 10:00;4;11;12,75;14,9375;2270;202;0;
4123;2023.06.06 10:15;4;11;12,875;14,875;2268;202;0;
4124;2023.06.06 10:30;4;11;12,875;14,375;2267;202;0;
4125;2023.06.06 10:45;4;11;12,9375;14,5;2265;202;0;
4126;2023.06.06 11:00;4;11;13,5;16,625;2264;202;0;
4127;2023.06.06 11:15;4;11;13,75;16,875;2263;202;0;
4128;2023.06.06 11:30;4;11;14,625;19,125;2261;202;0;
4129;2023.06.06 11:45;4;11;15,875;21,9375;2260;202;0;
4130;2023.06.06 12:00;4;11,0625;16,5;22,1875;2258;202;0;
4131;2023.06.06 12:15;4;11,0625;16,375;20,9375;2255;202;0;
4132;2023.06.06 12:30;4;11,125;15,875;19,875;2252;202;0;
4133;2023.06.06 12:45;4;11,125;15,75;19,75;2248;202;0;
4134;2023.06.06 13:00;4;11,125;15,875;20,375;2246;202;0;
4135;2023.06.06 13:15;4;11,125;16,4375;22,0625;2243;202;0;
4136;2023.06.06 13:30;4;11,1875;17,75;24,8125;2241;202;0;
4137;2023.06.06 13:45;4;11,1875;19,25;28,0625;2239;202;0;
4138;2023.06.06 14:00;4;11,25;20,125;29,6875;2237;202;0;
4139;2023.06.06 14:15;4;11,25;19,625;27,75;2234;202;0;
4140;2023.06.06 14:30;4;11,3125;19,5625;26,3125;2230;202;0;
4141;2023.06.06 14:45;4;11,375;19,0625;24,125;2226;202;0;
4142;2023.06.06 15:00;4;11,375;18,25;21,75;2222;202;0;
4143;2023.06.06 15:15;4;11,4375;17,625;20,75;2219;202;0;
4144;2023.06.06 15:30;4;11,5;17,125;19,75;2213;202;0;
4145;2023.06.06 15:45;4;11,5;16,625;18,8125;2210;202;0;
4146;2023.06.06 16:00;4;11,5625;16,1875;18;2208;202;0;
4147;2023.06.06 16:15;4;11,625;15,875;17,375;2206;202;0;
4148;2023.06.06 16:30;4;11,625;15,8125;18,125;2205;202;0;
4149;2023.06.06 16:45;4;11,625;15,8125;18,5;2203;202;0;
4150;2023.06.06 17:00;4;11,6875;15,75;18,1875;2200;202;0;
4151;2023.06.06 17:15;4;11,75;15,5625;17,625;2197;202;0;
4152;2023.06.06 17:30;4;11,75;15,4375;17,375;2196;202;0;
4153;2023.06.06 17:45;4;11,75;15,25;16,625;2194;202;0;
4154;2023.06.06 18:00;4;11,75;15,0625;16,375;2192;202;0;
4155;2023.06.06 18:15;4;11,8125;14,875;15,625;2190;202;0;
4156;2023.06.06 18:30;4;11,8125;14,5625;14,875;2189;202;0;
4157;2023.06.06 18:45;4;11,875;14,375;14,5;2188;202;0;
4158;2023.06.06 19:00;4;11,875;14;13,5625;2188;202;0;
4159;2023.06.06 19:15;4;11,875;13,75;13;2187;202;0;
4160;2023.06.06 19:30;4;11,875;13,4375;12,5;2186;202;0;
4161;2023.06.06 19:45;4;11,875;13,25;12,1875;2186;202;0;
4162;2023.06.06 20:00;4;11,875;13;11,75;2185;202;0;
4163;2023.06.06 20:15;4;11,875;12,8125;11,25;2185;202;0;
4164;2023.06.06 20:30;4;11,875;12,5;10,375;2185;202;0;
4165;2023.06.06 20:45;4;11,875;12,1875;9,75;2186;202;0;
4166;2023.06.06 21:00;4;11,875;11,875;9,25;2186;202;0;
4167;2023.06.06 21:15;4;11,875;11,625;8,75;2187;202;0;
4168;2023.06.06 21:30;4;11,875;11,4375;8,375;2187;202;0;
4169;2023.06.06 21:45;4;11,8125;11,3125;8,5;2188;202;0;
4170;2023.06.06 22:00;4;11,8125;11,125;8,25;2189;202;0;
4171;2023.06.06 22:15;4;11,8125;11;7,75;2190;202;0;
4172;2023.06.06 22:30;4;11,75;10,75;7,375;2191;202;0;
4173;2023.06.06 22:45;4;11,75;10,625;7,25;2192;202;0;
4174;2023.06.06 23:00;4;11,75;10,5;7,5;2193;202;0;
4175;2023.06.06 23:15;4;11,75;10,5;8;2194;202;0;
4176;2023.06.06 23:30;4;11,6875;10,5;7,875;2195;202;0;
4177;2023.06.06 23:45;4;11,6875;10,5;7,75;2196;202;0;
4178;2023.06.07 00:00;4;11,625;10,375;7,5;2196;202;0;
4179;2023.06.07 00:15;4;11,625;10,25;7,25;2197;202;0;
4180;2023.06.07 00:30;4;11,625;10,25;7,25;2198;202;0;
4181;2023.06.07 00:45;4;11,625;10,1875;7,375;2198;202;0;
4182;2023.06.07 01:00;4;11,5625;10,125;7,25;2200;202;0;
4183;2023.06.07 01:15;4;11,5625;10,125;7,125;2200;202;0;
4184;2023.06.07 01:30;4;11,5;10;7,25;2201;202;0;
4185;2023.06.07 01:45;4;11,5;10;7,25;2201;202;0;
4186;2023.06.07 02:00;4;11,5;10;7,375;2202;202;0;
4187;2023.06.07 02:15;4;11,5;10,0625;7,5;2202;202;0;
4188;2023.06.07 02:30;4;11,4375;10,0625;7,5;2203;202;0;
4189;2023.06.07 02:45;4;11,375;10,0625;7,6875;2203;202;0;
4190;2023.06.07 03:00;4;11,375;10;7,5625;2204;202;0;
4191;2023.06.07 03:15;4;11,375;10;7,625;2204;202;0;
4192;2023.06.07 03:30;4;11,375;10,0625;7,875;2205;202;0;
4193;2023.06.07 03:45;4;11,3125;10,125;8;2205;202;0;
4194;2023.06.07 04:00;4;11,3125;10,125;8,1875;2206;202;0;
4195;2023.06.07 04:15;4;11,25;10,125;8,3125;2206;202;0;
4196;2023.06.07 04:30;4;11,25;10,1875;8,375;2207;202;0;
4197;2023.06.07 04:45;4;11,25;10,25;8,5625;2207;202;0;
4198;2023.06.07 05:00;4;11,25;10,25;8,6875;2207;202;0;
4199;2023.06.07 05:15;4;11,25;10,3125;8,625;2207;202;0;
4200;2023.06.07 05:30;4;11,1875;10,25;8,5625;2208;202;0;
4201;2023.06.07 05:45;4;11,1875;10,375;8,875;2208;202;0;
4202;2023.06.07 06:00;4;11,125;10,4375;9,125;2207;202;0;
4203;2023.06.07 06:15;4;11,125;10,5625;9,5;2207;202;0;
4204;2023.06.07 06:30;4;11,125;10,6875;9,875;2207;202;0;
4205;2023.06.07 06:45;4;11,125;10,75;9,875;2207;202;0;
4206;2023.06.07 07:00;4;11,125;10,875;10,375;2208;202;0;
4207;2023.06.07 07:15;4;11,125;11,3125;11,9375;2207;202;0;
4208;2023.06.07 07:30;4;11,125;11,75;12,875;2207;202;0;
4209;2023.06.07 07:45;4;11,0625;11,9375;12,75;2206;202;0;
4210;2023.06.07 08:00;4;11,0625;12;12,625;2205;202;0;
4211;2023.06.07 08:15;4;11,0625;11,75;11,375;2203;202;0;
4212;2023.06.07 08:30;4;11,0625;11,6875;11,4375;2202;202;0;
4213;2023.06.07 08:45;4;11,0625;12,125;13,25;2201;202;0;
4214;2023.06.07 09:00;4;11,0625;12,125;12,5;2201;202;0;
4215;2023.06.07 09:15;4;11,0625;12,1875;12,625;2199;202;0;
4216;2023.06.07 09:30;4;11,0625;12,625;14,0625;2198;202;0;
4217;2023.06.07 09:45;4;11,0625;12,875;14,4375;2197;202;0;
4218;2023.06.07 10:00;4;11,0625;13;14,5625;2195;202;0;
4219;2023.06.07 10:15;4;11,0625;13,0625;14,375;2193;202;0;
4220;2023.06.07 10:30;4;11,0625;13,25;15,125;2191;202;0;
4221;2023.06.07 10:45;4;11,0625;13,5;15,875;2190;202;0;
4222;2023.06.07 11:00;4;11,0625;13,75;16,5;2187;202;0;
4223;2023.06.07 11:15;4;11,0625;14,25;18;2185;202;0;
4224;2023.06.07 11:30;4;11,125;15,4375;21,125;2183;202;0;
4225;2023.06.07 11:45;4;11,125;16;20,5;2181;202;0;
4226;2023.06.07 12:00;4;11,125;16,5625;21,125;2178;202;0;
4227;2023.06.07 12:15;4;11,125;16,4375;20,625;2175;202;0;
4228;2023.06.07 12:30;4;11,125;15,9375;19,25;2172;202;0;
4229;2023.06.07 12:45;4;11,125;15,875;19,6875;2168;202;0;
4230;2023.06.07 13:00;4;11,1875;15,875;19,5;2166;202;0;
4231;2023.06.07 13:15;4;11,25;16,375;21,75;2164;202;0;
4232;2023.06.07 13:30;4;11,25;17,875;25,125;2162;202;0;
4233;2023.06.07 13:45;4;11,25;18,625;25,125;2160;202;0;
4234;2023.06.07 14:00;4;11,3125;19,625;28,75;2157;202;0;
4235;2023.06.07 14:15;4;11,375;19,125;25,5;2149;202;0;
4236;2023.06.07 14:30;4;11,375;19;25;2145;202;0;
4237;2023.06.07 14:45;4;11,375;18,6875;23,875;2139;202;0;
4238;2023.06.07 15:00;4;11,5;18;21,3125;2134;202;0;
4239;2023.06.07 15:15;4;11,5;17,375;20,3125;2129;202;0;
4240;2023.06.07 15:30;4;11,5;16,875;19,125;2124;202;0;
4241;2023.06.07 15:45;4;11,5625;16,4375;18,625;2107;202;0;
4242;2023.06.07 16:00;4;11,625;16,1875;18,4375;2102;202;0;
4243;2023.06.07 16:15;4;11,625;16;18,125;2098;202;0;
4244;2023.06.07 16:30;4;11,6875;15,8125;18;2096;202;0;
4245;2023.06.07 16:45;4;11,6875;15,75;18,25;2093;202;0;
4246;2023.06.07 17:00;4;11,75;15,625;17,875;2089;202;0;
4247;2023.06.07 17:15;4;11,75;15,5;17,3125;2087;202;0;
4248;2023.06.07 17:30;4;11,75;15,25;16,875;2083;202;0;
4249;2023.06.07 17:45;4;11,75;15;16;2081;202;0;
4250;2023.06.07 18:00;4;11,8125;14,75;15,625;2079;202;0;
4251;2023.06.07 18:15;4;11,8125;14,5;14,875;2078;202;0;
4252;2023.06.07 18:30;4;11,875;14,25;14,25;2077;202;0;
4253;2023.06.07 18:45;4;11,875;13,9375;13,75;2076;202;0;
4254;2023.06.07 19:00;4;11,875;13,6875;13,0625;2075;202;0;
4255;2023.06.07 19:15;4;11,875;13,375;12,4375;2075;202;0;
4256;2023.06.07 19:30;4;11,875;13,125;12;2074;202;0;
4257;2023.06.07 19:45;4;11,875;12,875;11,625;2075;202;0;
4258;2023.06.07 20:00;4;11,875;12,625;11,4375;2072;202;0;
4259;2023.06.07 20:15;4;11,875;12,5;11,25;2072;202;0;
4260;2023.06.07 20:30;4;11,875;12,3125;10,875;2072;202;0;
4261;2023.06.07 20:45;4;11,875;12,125;10,5;2074;202;0;
4262;2023.06.07 21:00;4;11,875;12;10,3125;2074;202;0;
4263;2023.06.07 21:15;4;11,8125;11,8125;10,125;2074;202;0;
4264;2023.06.07 21:30;4;11,8125;11,6875;9,8125;2074;202;0;
4265;2023.06.07 21:45;4;11,8125;11,5;9,375;2075;202;0;
4266;2023.06.07 22:00;4;11,75;11,375;9,3125;2075;202;0;
4267;2023.06.07 22:15;4;11,75;11,25;9,4375;2076;202;0;
4268;2023.06.07 22:30;4;11,75;11,1875;9,375;2075;202;0;
4269;2023.06.07 22:45;4;11,75;11,125;9,25;2076;202;0;
4270;2023.06.07 23:00;4;11,75;11;8,9375;2077;202;0;
4271;2023.06.07 23:15;4;11,75;10,875;8,625;2078;202;0;
4272;2023.06.07 23:30;4;11,6875;10,8125;8,375;2079;202;0;
4273;2023.06.07 23:45;4;11,625;10,625;8,125;2080;202;0;
4274;2023.06.08 00:00;4;11,625;10,5;7,875;2080;202;0;
4275;2023.06.08 00:15;4;11,625;10,375;8;2082;202;0;
4276;2023.06.08 00:30;4;11,625;10,3125;7,875;2083;202;0;
4277;2023.06.08 00:45;4;11,625;10,25;7,875;2084;202;0;
4278;2023.06.08 01:00;4;11,5625;10,125;7,875;2085;202;0;
4279;2023.06.08 01:15;4;11,5;10,0625;7,75;2087;202;0;
4280;2023.06.08 01:30;4;11,5;10;7,5625;2086;202;0;
4281;2023.06.08 01:45;4;11,5;9,875;7,5;2086;202;0;
4282;2023.06.08 02:00;4;11,5;9,875;7,375;2088;202;0;
4283;2023.06.08 02:15;4;11,4375;9,75;7,25;2088;202;0;
4284;2023.06.08 02:30;4;11,4375;9,75;7;2089;202;0;
4285;2023.06.08 02:45;4;11,375;9,625;7,0625;2089;202;0;
4286;2023.06.08 03:00;4;11,375;9,625;7,0625;2090;202;0;
4287;2023.06.08 03:15;4;11,375;9,5625;7;2091;202;0;
4288;2023.06.08 03:30;4;11,3125;9,5625;7,125;2091;202;0;
4289;2023.06.08 03:45;4;11,3125;9,5;7;2092;202;0;
4290;2023.06.08 04:00;4;11,25;9,5;7;2092;202;0;
4291;2023.06.08 04:15;4;11,25;9,5;7;2093;202;0;
4292;2023.06.08 04:30;4;11,25;9,5;7;2094;202;0;
4293;2023.06.08 04:45;4;11,25;9,5;7,25;2094;202;0;
4294;2023.06.08 05:00;4;11,1875;9,5;7,5625;2095;202;0;
4295;2023.06.08 05:15;4;11,125;9,625;7,75;2095;202;0;
4296;2023.06.08 05:30;4;11,125;9,6875;7,875;2096;202;0;
4297;2023.06.08 05:45;4;11,125;9,6875;7,875;2094;202;0;
4298;2023.06.08 06:00;4;11,125;9,6875;7,8125;2096;202;0;
4299;2023.06.08 06:15;4;11,125;9,6875;8,125;2096;202;0;
4300;2023.06.08 06:30;4;11,0625;10;9,25;2097;202;0;
4301;2023.06.08 06:45;4;11,0625;10,25;9,875;2097;202;0;
4302;2023.06.08 07:00;4;11;10,5;10,5;2097;202;0;
4303;2023.06.08 07:15;4;11;10,8125;11,125;2097;202;0;
4304;2023.06.08 07:30;4;11;11;11,5;2101;202;0;
4305;2023.06.08 07:45;4;11;11,25;11,875;2097;202;0;
4306;2023.06.08 08:00;4;11;11,4375;12,375;2095;202;0;
4307;2023.06.08 08:15;4;11;11,6875;12,75;2093;202;0;
4308;2023.06.08 08:30;4;11;11,875;13,375;2092;202;0;
4309;2023.06.08 08:45;4;11;12,375;14,125;2091;202;0;
4310;2023.06.08 09:00;4;11;12,625;14,0625;2089;202;0;
4311;2023.06.08 09:15;4;11;12,875;14,6875;2087;202;0;
4312;2023.06.08 09:30;4;11;13,0625;15;2084;202;0;
4313;2023.06.08 09:45;4;10,9375;13,1875;15,5;2081;202;0;
4314;2023.06.08 10:00;4;11;13,5;16;2080;202;0;
4315;2023.06.08 10:15;4;11;14;16,4375;2076;202;0;
4316;2023.06.08 10:30;4;11;13,8125;16,125;2073;202;0;
4317;2023.06.08 10:45;4;11;13,875;16,625;2070;202;0;
4318;2023.06.08 11:00;4;11;14,125;17,375;2067;202;0;
4319;2023.06.08 11:15;4;11;14,625;18,75;2063;202;0;
4320;2023.06.08 11:30;4;11;15,6875;20,875;2061;202;0;
4321;2023.06.08 11:45;4;11;16,875;21,625;2058;202;0;
4322;2023.06.08 12:00;4;11;17,125;21,4375;2055;202;0;
4323;2023.06.08 12:15;4;11,0625;17;21,5;2052;202;0;
4324;2023.06.08 12:30;4;11,125;16,5;20,3125;2050;202;0;
4325;2023.06.08 12:45;4;11,125;16,3125;20,25;2046;202;0;
4326;2023.06.08 13:00;4;11,125;16,375;20,8125;2044;202;0;
4327;2023.06.08 13:15;4;11,125;16,6875;22,0625;2040;202;0;
4328;2023.06.08 13:30;4;11,1875;17,875;24,625;2039;202;0;
4329;2023.06.08 13:45;4;11,25;19,4375;27,75;2036;202;0;
4330;2023.06.08 14:00;4;11,25;20;27,3125;2035;202;0;
4331;2023.06.08 14:15;4;11,25;19;23,875;2032;202;0;
4332;2023.06.08 14:30;4;11,375;18,375;21,875;2028;202;0;
4333;2023.06.08 14:45;4;11,375;18;21,875;2025;202;0;
4334;2023.06.08 15:00;4;11,375;17,625;21,25;2022;202;0;
4335;2023.06.08 15:15;4;11,5;17,25;20,5;2019;202;0;
4336;2023.06.08 15:30;4;11,5;16,9375;19,9375;2017;202;0;
4337;2023.06.08 15:45;4;11,5;16,625;19,5625;2014;202;0;
4338;2023.06.08 16:00;4;11,5625;16,4375;19,25;2010;202;0;
4339;2023.06.08 16:15;4;11,625;16,1875;18,625;2005;202;0;
4340;2023.06.08 16:30;4;11,625;16;18,625;2003;202;0;
4341;2023.06.08 16:45;4;11,625;16;18,75;2000;202;0;
4342;2023.06.08 17:00;4;11,6875;15,9375;18,5;1999;202;0;
4343;2023.06.08 17:15;4;11,75;15,6875;17,8125;1998;202;0;
4344;2023.06.08 17:30;4;11,75;15,5;17,375;1997;202;0;
4345;2023.06.08 17:45;4;11,75;15,125;16,4375;1995;202;0;
4346;2023.06.08 18:00;4;11,75;15;16,25;1994;202;0;
4347;2023.06.08 18:15;4;11,75;14,75;15,5;1993;202;0;
4348;2023.06.08 18:30;4;11,8125;14,5;15,0625;1992;202;0;
4349;2023.06.08 18:45;4;11,8125;14,125;14,4375;1991;202;0;
4350;2023.06.08 19:00;4;11,8125;13,875;13,75;1991;202;0;
4351;2023.06.08 19:15;4;11,8125;13,5625;13,25;1990;202;0;
4352;2023.06.08 19:30;4;11,875;13,375;12,875;1990;202;0;
4353;2023.06.08 19:45;4;11,8125;13,125;12,625;1989;202;0;
4354;2023.06.08 20:00;4;11,875;12,9375;12,375;1989;202;0;
4355;2023.06.08 20:15;4;11,8125;12,75;12;1989;202;0;
4356;2023.06.08 20:30;4;11,8125;12,5625;11,625;1989;202;0;
4357;2023.06.08 20:45;4;11,8125;12,375;11,125;1990;202;0;
4358;2023.06.08 21:00;4;11,8125;12,125;10,625;1990;202;0;
4359;2023.06.08 21:15;4;11,75;11,875;10,3125;1991;202;0;
4360;2023.06.08 21:30;4;11,75;11,75;10,125;1991;202;0;
4361;2023.06.08 21:45;4;11,75;11,5;9,875;1992;202;0;
4362;2023.06.08 22:00;4;11,75;11,375;9,625;1993;202;0;
4363;2023.06.08 22:15;4;11,75;11,25;9,5625;1994;202;0;
4364;2023.06.08 22:30;4;11,75;11,125;9,5;1995;202;0;
4365;2023.06.08 22:45;4;11,75;11;9,25;1997;202;0;
4366;2023.06.08 23:00;4;11,6875;10,875;9,0625;1997;202;0;
4367;2023.06.08 23:15;4;11,625;10,75;8,875;1998;202;0;
4368;2023.06.08 23:30;4;11,625;10,625;8,75;1999;202;0;
4369;2023.06.08 23:45;4;11,625;10,5625;8,625;2000;202;0;
4370;2023.06.09 00:00;4;11,625;10,5;8,5;2001;202;0;
4371;2023.06.09 00:15;4;11,625;10,5;8,4375;2001;202;0;
4372;2023.06.09 00:30;4;11,5625;10,375;8;2002;202;0;
4373;2023.06.09 00:45;4;11,5;10,25;8,25;2003;202;0;
4374;2023.06.09 01:00;4;11,5;10,25;8,125;2004;202;0;
4375;2023.06.09 01:15;4;11,5;10,125;8;2005;202;0;
4376;2023.06.09 01:30;4;11,5;10,125;7,625;2006;202;0;
4377;2023.06.09 01:45;4;11,4375;9,9375;7,0625;2007;202;0;
4378;2023.06.09 02:00;4;11,4375;9,8125;7;2007;202;0;
4379;2023.06.09 02:15;4;11,375;9,75;7;2008;202;0;
4380;2023.06.09 02:30;4;11,375;9,6875;7;2009;202;0;
4381;2023.06.09 02:45;4;11,375;9,625;7,125;2010;202;0;
4382;2023.06.09 03:00;4;11,375;9,625;7,25;2011;202;0;
4383;2023.06.09 03:15;4;11,3125;9,625;7,125;2012;202;0;
4384;2023.06.09 03:30;4;11,25;9,625;7,25;2013;202;0;
4385;2023.06.09 03:45;4;11,25;9,5625;7,375;2013;202;0;
4386;2023.06.09 04:00;4;11,25;9,5625;7,75;2014;202;0;
4387;2023.06.09 04:15;4;11,25;9,625;7,875;2014;202;0;
4388;2023.06.09 04:30;4;11,1875;9,6875;7,75;2015;202;0;
4389;2023.06.09 04:45;4;11,125;9,75;8,125;2015;202;0;
4390;2023.06.09 05:00;4;11,125;9,875;8,375;2015;202;0;
4391;2023.06.09 05:15;4;11,125;10;8,5;2017;202;0;
4392;2023.06.09 05:30;4;11,125;10,125;8,8125;2016;202;0;
4393;2023.06.09 05:45;4;11,125;10,25;9,125;2016;202;0;
4394;2023.06.09 06:00;4;11,0625;10,375;9,75;2016;202;0;
4395;2023.06.09 06:15;4;11,0625;10,625;10,25;2016;202;0;
4396;2023.06.09 06:30;4;11;10,875;11,1875;2016;202;0;
4397;2023.06.09 06:45;4;11;11,25;11,9375;2016;202;0;
4398;2023.06.09 07:00;4;11;11,5;12,5;2015;202;0;
4399;2023.06.09 07:15;4;11;11,6875;12,9375;2014;202;0;
4400;2023.06.09 07:30;4;11;11,875;13,5;2012;202;0;
4401;2023.06.09 07:45;4;11;12,125;14;2011;202;0;
4402;2023.06.09 08:00;4;11;12,3125;14,25;2009;202;0;
4403;2023.06.09 08:15;4;11;12,4375;14,375;2007;202;0;
4404;2023.06.09 08:30;4;11;12,75;15,25;2005;202;0;
4405;2023.06.09 08:45;4;11;13,25;16,125;2003;202;0;
4406;2023.06.09 09:00;4;11;13,6875;16,8125;2001;202;0;
4407;2023.06.09 09:15;4;11;14,0625;17,5;1999;202;0;
4408;2023.06.09 09:30;4;11;14,4375;18,25;1996;202;0;
4409;2023.06.09 09:45;4;11;14,75;19,1875;1993;202;0;
4410;2023.06.09 10:00;4;11;15,0625;19,5625;1990;202;0;
4411;2023.06.09 10:15;4;11;15,3125;19,3125;1988;202;0;
4412;2023.06.09 10:30;4;11;15,3125;19,625;1986;202;0;
4413;2023.06.09 10:45;4;11;15,5;20,375;1982;202;0;
4414;2023.06.09 11:00;4;11,0625;15,8125;20,75;1977;202;0;
4415;2023.06.09 11:15;4;11,0625;16,375;22,375;1975;202;0;
4416;2023.06.09 11:30;4;11,125;17,5;24,8125;1972;202;0;
4417;2023.06.09 11:45;4;11,125;18,75;26,0625;1970;202;0;
4418;2023.06.09 12:00;4;11,125;19,25;25,5625;1967;202;0;
4419;2023.06.09 12:15;4;11,125;19;25,125;1963;202;0;
4420;2023.06.09 12:30;4;11,25;18,625;24,375;1960;202;0;
4421;2023.06.09 12:45;4;11,25;18,375;23,875;1956;202;0;
4422;2023.06.09 13:00;4;11,25;18,375;24,625;1954;202;0;
4423;2023.06.09 13:15;4;11,3125;18,75;26;1951;202;0;
4424;2023.06.09 13:30;4;11,375;20,25;29,5;1950;202;0;
4425;2023.06.09 13:45;4;11,375;21,625;31,625;1949;202;0;
4426;2023.06.09 14:00;4;11,4375;22,875;33,375;1949;202;0;
4427;2023.06.09 14:15;4;11,5;22,625;31,75;1945;202;0;
4428;2023.06.09 14:30;4;11,5;22,75;31,4375;1941;202;0;
4429;2023.06.09 14:45;4;11,625;22;28,625;1938;202;0;
4430;2023.06.09 15:00;4;11,625;21;26,3125;1935;202;0;
4431;2023.06.09 15:15;4;11,75;20,25;25,1875;1932;202;0;
4432;2023.06.09 15:30;4;11,75;19,625;24,0625;1929;202;0;
4433;2023.06.09 15:45;4;11,8125;19,25;23,375;1927;202;0;
4434;2023.06.09 16:00;4;11,875;18,875;23,0625;1924;202;0;
4435;2023.06.09 16:15;4;11,9375;18,625;22,875;1922;202;0;
4436;2023.06.09 16:30;4;12;18,4375;22,5;1920;202;0;
4437;2023.06.09 16:45;4;12;18,375;22,625;1919;202;0;
4438;2023.06.09 17:00;4;12,0625;18,25;22,25;1917;202;0;
4439;2023.06.09 17:15;4;12,125;18,0625;21,75;1914;202;0;
4440;2023.06.09 17:30;4;12,125;17,875;21,25;1912;202;0;
4441;2023.06.09 17:45;4;12,125;17,625;20,625;1911;202;0;
4442;2023.06.09 18:00;4;12,125;17,375;20,125;1910;202;0;
4443;2023.06.09 18:15;4;12,1875;17,0625;19,5;1908;202;0;
4444;2023.06.09 18:30;4;12,25;16,75;19;1906;202;0;
4445;2023.06.09 18:45;4;12,25;16,5625;18,625;1905;202;0;
4446;2023.06.09 19:00;4;12,25;16,3125;18;1904;202;0;
4447;2023.06.09 19:15;4;12,25;16,0625;17,625;1903;202;0;
4448;2023.06.09 19:30;4;12,25;15,8125;17,1875;1903;202;0;
4449;2023.06.09 19:45;4;12,25;15,625;16,75;1901;202;0;
4450;2023.06.09 20:00;4;12,25;15,375;16,375;1902;202;0;
4451;2023.06.09 20:15;4;12,3125;15,25;16,0625;1902;202;0;
4452;2023.06.09 20:30;4;12,25;15;15,75;1902;202;0;
4453;2023.06.09 20:45;4;12,3125;14,875;15,4375;1901;202;0;
4454;2023.06.09 21:00;4;12,3125;14,6875;15,25;1901;202;0;
4455;2023.06.09 21:15;4;12,25;14,5625;15,25;1901;202;0;
4456;2023.06.09 21:30;4;12,25;14,4375;15;1901;202;0;
4457;2023.06.09 21:45;4;12,3125;14,3125;14,875;1900;202;0;
4458;2023.06.09 22:00;4;12,25;14,25;14,8125;1900;202;0;
4459;2023.06.09 22:15;4;12,25;14,125;14,75;1899;202;0;
4460;2023.06.09 22:30;4;12,25;14;14,625;1896;202;0;
4461;2023.06.09 22:45;4;12,25;14;14,9375;1896;202;0;
4462;2023.06.09 23:00;4;12,25;14;15,375;1892;202;0;
4463;2023.06.09 23:15;4;12,25;14,0625;15,5;1888;202;0;
4464;2023.06.09 23:30;4;12,25;14,125;15,5;1885;202;0;
4465;2023.06.09 23:45;4;12,25;14,125;15,5;1886;202;0;
4466;2023.06.10 00:00;4;12,25;14,125;15,4375;1886;202;0;
4467;2023.06.10 00:15;4;12,1875;14,125;15,6875;1885;202;0;
4468;2023.06.10 00:30;4;12,1875;14,125;15,5625;1884;202;0;
4469;2023.06.10 00:45;4;12,1875;14,125;15,625;1884;202;0;
4470;2023.06.10 01:00;4;12,125;14,125;15,5625;1884;202;0;
4471;2023.06.10 01:15;4;12,125;14,125;15,75;1883;202;0;
4472;2023.06.10 01:30;4;12,125;14,1875;15,875;1880;202;0;
4473;2023.06.10 01:45;4;12,125;14,25;15,9375;1882;202;0;
4474;2023.06.10 02:00;4;12,125;14,25;15,9375;1882;202;0;
4475;2023.06.10 02:15;4;12,125;14,25;15,875;1882;202;0;
4476;2023.06.10 02:30;4;12,125;14,25;16,125;1880;202;0;
4477;2023.06.10 02:45;4;12,125;14,3125;16,125;1879;202;0;
4478;2023.06.10 03:00;4;12,125;14,375;16,25;1881;202;0;
4479;2023.06.10 03:15;4;12,125;14,375;16,25;1881;202;0;
4480;2023.06.10 03:30;4;12,125;14,375;16,125;1879;202;0;
4481;2023.06.10 03:45;4;12,125;14,375;16,25;1880;202;0;
4482;2023.06.10 04:00;4;12,0625;14,375;16;1877;202;0;
4483;2023.06.10 04:15;4;12,0625;14,375;16,3125;1874;202;0;
4484;2023.06.10 04:30;4;12,0625;14,375;16,3125;1874;202;0;
4485;2023.06.10 04:45;4;12,0625;14,4375;16,375;1874;202;0;
4486;2023.06.10 05:00;4;12,0625;14,5;16,625;1873;202;0;
4487;2023.06.10 05:15;4;12,0625;14,5625;16,875;1873;202;0;
4488;2023.06.10 05:30;4;12,0625;14,75;17,25;1872;202;0;
4489;2023.06.10 05:45;4;12,0625;14,875;17,5;1872;202;0;
4490;2023.06.10 06:00;4;12;15;18;1871;202;0;
4491;2023.06.10 06:15;4;12;15,25;18,5;1870;202;0;
4492;2023.06.10 06:30;4;12;15,5;19,125;1869;202;0;
4493;2023.06.10 06:45;4;12;15,75;19,5;1867;202;0;
4494;2023.06.10 07:00;4;12;16;20;1867;202;0;
4495;2023.06.10 07:15;4;12;16,25;20,625;1865;202;0;
4496;2023.06.10 07:30;4;12;16,5;21,125;1863;202;0;
4497;2023.06.10 07:45;4;12,0625;16,75;21,25;1863;202;0;
4498;2023.06.10 08:00;4;12,0625;16,875;21,375;1860;202;0;
4499;2023.06.10 08:15;4;12,0625;17,125;21,875;1859;202;0;
4500;2023.06.10 08:30;4;12,125;17,375;22,5625;1857;202;0;
4501;2023.06.10 08:45;4;12,125;17,9375;23,5;1856;202;0;
4502;2023.06.10 09:00;4;12,125;18,375;23,875;1855;202;0;
4503;2023.06.10 09:15;4;12,125;18,625;24,375;1853;202;0;
4504;2023.06.10 09:30;4;12,125;19;25,0625;1852;202;0;
4505;2023.06.10 09:45;4;12,125;19,25;25,125;1850;202;0;
4506;2023.06.10 10:00;4;12,1875;19,75;25,75;1849;202;0;
4507;2023.06.10 10:15;4;12,25;19,9375;26;1848;202;0;
4508;2023.06.10 10:30;4;12,25;19,875;25,875;1845;202;0;
4509;2023.06.10 10:45;4;12,25;19,875;26;1841;202;0;
4510;2023.06.10 11:00;4;12,25;20;26,4375;1840;202;0;
4511;2023.06.10 11:15;4;12,3125;20,375;27,25;1839;202;0;
4512;2023.06.10 11:30;4;12,375;21;28,25;1836;202;0;
4513;2023.06.10 11:45;4;12,375;21,5;29;1836;202;0;
4514;2023.06.10 12:00;4;12,375;22,25;30;1835;202;0;
4515;2023.06.10 12:15;4;12,4375;22,25;29,5;1833;202;0;
4516;2023.06.10 12:30;4;12,5;21,75;27,875;1830;202;0;
4517;2023.06.10 12:45;4;12,5;21,875;29,125;1829;202;0;
4518;2023.06.10 13:00;4;12,5625;22;29,375;1827;202;0;
4519;2023.06.10 13:15;4;12,625;22,4375;30,5;1824;202;0;
4520;2023.06.10 13:30;4;12,625;23,25;31,75;1823;202;0;
4521;2023.06.10 13:45;4;12,6875;24,875;34,625;1822;202;0;
4522;2023.06.10 14:00;4;12,75;26,125;34,625;1820;202;0;
4523;2023.06.10 14:15;4;12,75;24,375;29,5;1816;202;0;
4524;2023.06.10 14:30;4;12,875;23,5;29;1814;202;0;
4525;2023.06.10 14:45;4;12,875;24,25;32,125;1811;202;0;
4526;2023.06.10 15:00;4;12,9375;23,8125;30,125;1810;202;0;
4527;2023.06.10 15:15;4;13;23;27,875;1807;202;0;
4528;2023.06.10 15:30;4;13,0625;22,5;27,75;1805;202;0;
4529;2023.06.10 15:45;4;13,125;22,1875;27,5;1803;202;0;
4530;2023.06.10 16:00;4;13,125;22;27,375;1801;202;0;
4531;2023.06.10 16:15;4;13,1875;21,75;27,125;1799;202;0;
4532;2023.06.10 16:30;4;13,25;21,6875;27,125;1798;202;0;
4533;2023.06.10 16:45;4;13,25;21,5;26,75;1797;202;0;
4534;2023.06.10 17:00;4;13,25;21,25;26;1795;202;0;
4535;2023.06.10 17:15;4;13,3125;20,9375;25,5;1794;202;0;
4536;2023.06.10 17:30;4;13,375;20,625;25;1792;202;0;
4537;2023.06.10 17:45;4;13,375;20,25;24;1791;202;0;
4538;2023.06.10 18:00;4;13,375;19,875;23,3125;1789;202;0;
4539;2023.06.10 18:15;4;13,375;19,75;23,375;1787;202;0;
4540;2023.06.10 18:30;4;13,375;19,625;23,375;1787;202;0;
4541;2023.06.10 18:45;4;13,375;19,5;23,0625;1786;202;0;
4542;2023.06.10 19:00;4;13,375;19,25;22,625;1786;202;0;
4543;2023.06.10 19:15;4;13,4375;19;22,125;1785;202;0;
4544;2023.06.10 19:30;4;13,4375;18,8125;21,75;1784;202;0;
4545;2023.06.10 19:45;4;13,4375;18,5625;21,25;1783;202;0;
4546;2023.06.10 20:00;4;13,4375;18,375;20,875;1783;202;0;
4547;2023.06.10 20:15;4;13,4375;18,125;20,5;1782;202;0;
4548;2023.06.10 20:30;4;13,4375;18;20,25;1782;202;0;
4549;2023.06.10 20:45;4;13,5;17,75;19,3125;1778;202;0;
4550;2023.06.10 21:00;4;13,4375;17,125;17,125;1778;202;0;
4551;2023.06.10 21:15;4;13,4375;16,75;16,5;1778;202;0;
4552;2023.06.10 21:30;4;13,4375;16,4375;16,125;1778;202;0;
4553;2023.06.10 21:45;4;13,4375;16,25;15,9375;1778;202;0;
4554;2023.06.10 22:00;4;13,375;16,125;15,875;1778;202;0;
4555;2023.06.10 22:15;4;13,375;15,9375;15,75;1779;202;0;
4556;2023.06.10 22:30;4;13,375;15,75;15,5625;1779;202;0;
4557;2023.06.10 22:45;4;13,375;15,625;15,375;1779;202;0;
4558;2023.06.10 23:00;4;13,375;15,5625;15,25;1780;202;0;
4559;2023.06.10 23:15;4;13,375;15,5;15,1875;1788;202;0;
4560;2023.06.10 23:30;4;13,375;15,375;15,0625;1785;202;0;
4561;2023.06.10 23:45;4;13,3125;15,25;15;1786;202;0;
4562;2023.06.11 00:00;4;13,3125;15,25;15,125;1787;202;0;
4563;2023.06.11 00:15;4;13,25;15,25;15,125;1788;202;0;
4564;2023.06.11 00:30;4;13,25;15,1875;15,25;1788;202;0;
4565;2023.06.11 00:45;4;13,25;15,125;15,1875;1789;202;0;
4566;2023.06.11 01:00;4;13,25;15,125;15,125;1790;202;0;
4567;2023.06.11 01:15;4;13,25;15,125;15,125;1790;202;0;
4568;2023.06.11 01:30;4;13,25;15,0625;15;1790;202;0;
4569;2023.06.11 01:45;4;13,1875;15;15;1790;202;0;
4570;2023.06.11 02:00;4;13,1875;15;15;1790;202;0;
4571;2023.06.11 02:15;4;13,125;15;15,0625;1790;202;0;
4572;2023.06.11 02:30;4;13,125;15;15,125;1791;202;0;
4573;2023.06.11 02:45;4;13,125;15;15,125;1791;202;0;
4574;2023.06.11 03:00;4;13,125;15;15,0625;1791;202;0;
4575;2023.06.11 03:15;4;13,125;14,875;15;1792;202;0;
4576;2023.06.11 03:30;4;13,125;14,875;14,875;1792;202;0;
4577;2023.06.11 03:45;4;13,125;14,875;14,875;1793;202;0;
4578;2023.06.11 04:00;4;13,0625;14,875;14,9375;1793;202;0;
4579;2023.06.11 04:15;4;13,0625;14,8125;14,875;1793;202;0;
4580;2023.06.11 04:30;4;13,0625;14,75;14,875;1793;202;0;
4581;2023.06.11 04:45;4;13;14,75;14,875;1793;202;0;
4582;2023.06.11 05:00;4;13;14,75;14,875;1793;202;0;
4583;2023.06.11 05:15;4;13;14,75;15;1793;202;0;
4584;2023.06.11 05:30;4;13;14,875;15,25;1794;202;0;
4585;2023.06.11 05:45;4;13;15;15,5;1794;202;0;
4586;2023.06.11 06:00;4;13;15,0625;15,625;1794;202;0;
4587;2023.06.11 06:15;4;13;15,125;15,75;1794;202;0;
4588;2023.06.11 06:30;4;13;15,1875;15,75;1794;202;0;
4589;2023.06.11 06:45;4;12,9375;15,25;15,875;1794;202;0;
4590;2023.06.11 07:00;4;12,9375;15,125;15,4375;1794;202;0;
4591;2023.06.11 07:15;4;12,9375;15,0625;15,375;1794;202;0;
4592;2023.06.11 07:30;4;12,9375;15,125;15,75;1793;202;0;
4593;2023.06.11 07:45;4;12,9375;15,3125;16,25;1793;202;0;
4594;2023.06.11 08:00;4;12,9375;15,625;17,25;1792;202;0;
4595;2023.06.11 08:15;4;12,875;16,1875;18,5;1792;202;0;
4596;2023.06.11 08:30;4;12,875;16,75;19,75;1792;202;0;
4597;2023.06.11 08:45;4;12,875;17,375;20,6875;1790;202;0;
4598;2023.06.11 09:00;4;12,9375;17,625;21;1789;202;0;
4599;2023.06.11 09:15;4;12,9375;18,0625;21,75;1787;202;0;
4600;2023.06.11 09:30;4;12,9375;18,375;22,125;1785;202;0;
4601;2023.06.11 09:45;4;12,9375;18,5625;22,5625;1782;202;0;
4602;2023.06.11 10:00;4;13;19,125;23,3125;1781;202;0;
4603;2023.06.11 10:15;4;13;19,25;23,5;1779;202;0;
4604;2023.06.11 10:30;4;13;19,1875;23,4375;1777;202;0;
4605;2023.06.11 10:45;4;13;19,25;23,625;1775;202;0;
4606;2023.06.11 11:00;4;13,0625;19,5;24,125;1773;202;0;
4607;2023.06.11 11:15;4;13,0625;19,8125;24,9375;1771;202;0;
4608;2023.06.11 11:30;4;13,125;20,9375;28,0625;1770;202;0;
4609;2023.06.11 11:45;4;13,125;22;28,75;1769;202;0;
4610;2023.06.11 12:00;4;13,125;22,375;28,5;1768;202;0;
4611;2023.06.11 12:15;4;13,25;22;27,125;1765;202;0;
4612;2023.06.11 12:30;4;13,25;21,375;25,375;1763;202;0;
4613;2023.06.11 12:45;4;13,25;21,25;25,5;1760;202;0;
4614;2023.06.11 13:00;4;13,375;20,75;23,875;1758;202;0;
4615;2023.06.11 13:15;4;13,375;20,5;23,5;1756;202;0;
4616;2023.06.11 13:30;4;13,375;20,375;23,5625;1755;202;0;
4617;2023.06.11 13:45;4;13,5;20,375;23,5625;1754;202;0;
4618;2023.06.11 14:00;4;13,5;21,125;25,6875;1753;202;0;
4619;2023.06.11 14:15;4;13,5;21,3125;25,9375;1752;202;0;
4620;2023.06.11 14:30;4;13,5625;20,875;24;1750;202;0;
4621;2023.06.11 14:45;4;13,625;20,5;23,4375;1749;202;0;
4622;2023.06.11 15:00;4;13,625;20,375;23,625;1747;202;0;
4623;2023.06.11 15:15;4;13,625;20,3125;23,5;1746;202;0;
4624;2023.06.11 15:30;4;13,6875;20;22,5;1745;202;0;
4625;2023.06.11 15:45;4;13,75;19,5;21,5625;1744;202;0;
4626;2023.06.11 16:00;4;13,75;19,25;21,25;1742;202;0;
4627;2023.06.11 16:15;4;13,75;19,1875;21,625;1741;202;0;
4628;2023.06.11 16:30;4;13,75;19,25;22,0625;1741;202;0;
4629;2023.06.11 16:45;4;13,75;19,5;23,125;1740;202;0;
4630;2023.06.11 17:00;4;13,75;19,625;23;1740;202;0;
4631;2023.06.11 17:15;4;13,8125;19,5;22,5;1739;202;0;
4632;2023.06.11 17:30;4;13,8125;19,4375;22,3125;1738;202;0;
4633;2023.06.11 17:45;4;13,8125;19,375;22,375;1738;202;0;
4634;2023.06.11 18:00;4;13,875;19,3125;22;1738;202;0;
4635;2023.06.11 18:15;4;13,875;19,0625;21,375;1736;202;0;
4636;2023.06.11 18:30;4;13,875;18,75;20,8125;1736;202;0;
4637;2023.06.11 18:45;4;13,875;18,5;20,25;1734;202;0;
4638;2023.06.11 19:00;4;13,875;18,25;19,8125;1734;202;0;
4639;2023.06.11 19:15;4;13,875;18,125;19,5;1733;202;0;
4640;2023.06.11 19:30;4;13,875;18;19,5;1733;202;0;
4641;2023.06.11 19:45;4;13,875;17,875;19,75;1733;202;0;
4642;2023.06.11 20:00;4;13,875;17,75;19,1875;1732;202;0;
4643;2023.06.11 20:15;4;13,875;17,5;18,625;1732;202;0;
4644;2023.06.11 20:30;4;13,875;17,3125;18,125;1731;202;0;
4645;2023.06.11 20:45;4;13,875;17,125;17,75;1731;202;0;
4646;2023.06.11 21:00;4;13,875;16,875;17,125;1731;202;0;
4647;2023.06.11 21:15;4;13,875;16,625;16,8125;1731;202;0;
4648;2023.06.11 21:30;4;13,8125;16,5;16,625;1731;202;0;
4649;2023.06.11 21:45;4;13,8125;16,3125;16,5;1731;202;0;
4650;2023.06.11 22:00;4;13,8125;16,1875;16,25;1731;202;0;
4651;2023.06.11 22:15;4;13,75;16;15,875;1732;202;0;
4652;2023.06.11 22:30;4;13,75;15,8125;15,5;1732;202;0;
4653;2023.06.11 22:45;4;13,75;15,625;15,1875;1732;202;0;
4654;2023.06.11 23:00;4;13,75;15,5;14,875;1732;202;0;
4655;2023.06.11 23:15;4;13,75;15,3125;14,6875;1732;202;0;
4656;2023.06.11 23:30;4;13,6875;15,1875;14,5;1733;202;0;
4657;2023.06.11 23:45;4;13,6875;15,125;14,5;1733;202;0;
4658;2023.06.12 00:00;4;13,625;15;14,375;1734;202;0;
4659;2023.06.12 00:15;4;13,625;14,9375;14,375;1734;202;0;
4660;2023.06.12 00:30;4;13,625;14,875;14,1875;1735;202;0;
4661;2023.06.12 00:45;4;13,625;14,875;14,375;1736;202;0;
4662;2023.06.12 01:00;4;13,5625;14,8125;14,375;1736;202;0;
4663;2023.06.12 01:15;4;13,5625;14,75;14,25;1737;202;0;
4664;2023.06.12 01:30;4;13,5;14,625;13,9375;1737;202;0;
4665;2023.06.12 01:45;4;13,5;14,5;13,75;1738;202;0;
4666;2023.06.12 02:00;4;13,5;14,5;13,875;1738;202;0;
4667;2023.06.12 02:15;4;13,5;14,5;13,875;1739;202;0;
4668;2023.06.12 02:30;4;13,4375;14,4375;13,875;1739;202;0;
4669;2023.06.12 02:45;4;13,4375;14,375;13,75;1740;202;0;
4670;2023.06.12 03:00;4;13,375;14,375;13,75;1740;202;0;
4671;2023.06.12 03:15;4;13,375;14,3125;13,75;1741;202;0;
4672;2023.06.12 03:30;4;13,375;14,25;13,8125;1742;202;0;
4673;2023.06.12 03:45;4;13,375;14,3125;13,9375;1742;202;0;
4674;2023.06.12 04:00;4;13,3125;14,375;14,125;1742;202;0;
4675;2023.06.12 04:15;4;13,3125;14,375;14,25;1743;202;0;
4676;2023.06.12 04:30;4;13,25;14,4375;14,4375;1744;202;0;
4677;2023.06.12 04:45;4;13,25;14,5;14,75;1744;202;0;
4678;2023.06.12 05:00;4;13,25;14,625;15,125;1745;202;0;
4679;2023.06.12 05:15;4;13,25;14,75;15,375;1745;202;0;
4680;2023.06.12 05:30;4;13,25;14,875;15,625;1746;202;0;
4681;2023.06.12 05:45;4;13,25;15,0625;16;1746;202;0;
4682;2023.06.12 06:00;4;13,1875;15,3125;16,625;1746;202;0;
4683;2023.06.12 06:15;4;13,1875;15,625;17,25;1746;202;0;
4684;2023.06.12 06:30;4;13,1875;16;18,25;1747;202;0;
4685;2023.06.12 06:45;4;13,125;16,375;19;1747;202;0;
4686;2023.06.12 07:00;4;13,125;16,75;19,6875;1746;202;0;
4687;2023.06.12 07:15;4;13,125;17,0625;20,375;1746;202;0;
4688;2023.06.12 07:30;4;13,125;17,3125;20,75;1744;202;0;
4689;2023.06.12 07:45;4;13,1875;17,625;21,3125;1743;202;0;
4690;2023.06.12 08:00;4;13,1875;18,125;22,375;1742;202;0;
4691;2023.06.12 08:15;4;13,1875;18,5;23,1875;1741;202;0;
4692;2023.06.12 08:30;4;13,25;19;23,9375;1740;202;0;
4693;2023.06.12 08:45;4;13,25;19,25;24,125;1738;202;0;
4694;2023.06.12 09:00;4;13,25;19,3125;23,8125;1735;202;0;
4695;2023.06.12 09:15;4;13,25;19,375;23,875;1734;202;0;
4696;2023.06.12 09:30;4;13,25;19,5625;24,125;1732;202;0;
4697;2023.06.12 09:45;4;13,3125;19,875;24,8125;1730;202;0;
4698;2023.06.12 10:00;4;13,375;20,0625;24,875;1728;202;0;
4699;2023.06.12 10:15;4;13,375;20,1875;25;1726;202;0;
4700;2023.06.12 10:30;4;13,375;20,375;26,0625;1724;202;0;
4701;2023.06.12 10:45;4;13,4375;20,625;26,6875;1722;202;0;
4702;2023.06.12 11:00;4;13,5;20,9375;27,25;1720;202;0;
4703;2023.06.12 11:15;4;13,5;21,4375;28,5;1719;202;0;
4704;2023.06.12 11:30;4;13,5;22,75;31,5625;1718;202;0;
4705;2023.06.12 11:45;4;13,5625;24,0625;32,875;1718;202;0;
4706;2023.06.12 12:00;4;13,625;24,625;32,375;1716;202;0;
4707;2023.06.12 12:15;4;13,625;24,5;32;1714;202;0;
4708;2023.06.12 12:30;4;13,6875;23,625;28,5625;1711;202;0;
4709;2023.06.12 12:45;4;13,75;23,25;29,5;1708;202;0;
4710;2023.06.12 13:00;4;13,75;23,375;30,25;1706;202;0;
4711;2023.06.12 13:15;4;13,8125;23,125;29,25;1705;202;0;
4712;2023.06.12 13:30;4;13,875;24,625;33,875;1703;202;0;
4713;2023.06.12 13:45;4;13,875;27,1875;37,8125;1704;202;0;
4714;2023.06.12 14:00;4;14;27,625;35,75;1705;202;0;
4715;2023.06.12 14:15;4;14;26,125;32,125;1701;202;0;
4716;2023.06.12 14:30;4;14,0625;26,75;34,75;1699;202;0;
4717;2023.06.12 14:45;4;14,125;24,875;28,625;1695;202;0;
4718;2023.06.12 15:00;4;14,1875;24,25;29,125;1692;202;0;
4719;2023.06.12 15:15;4;14,25;23,5;27,375;1689;202;0;
4720;2023.06.12 15:30;4;14,25;23,25;28,125;1687;202;0;
4721;2023.06.12 15:45;4;14,3125;23,25;28,625;1685;202;0;
4722;2023.06.12 16:00;4;14,3125;22,75;27,125;1684;202;0;
4723;2023.06.12 16:15;4;14,375;22,125;25,5;1681;202;0;
4724;2023.06.12 16:30;4;14,375;21,6875;24,875;1679;202;0;
4725;2023.06.12 16:45;4;14,375;21,5;25,125;1677;202;0;
4726;2023.06.12 17:00;4;14,375;21,125;24;1675;202;0;
4727;2023.06.12 17:15;4;14,375;20,5;21,5;1674;202;0;
4728;2023.06.12 17:30;4;14,4375;19,875;20,625;1672;202;0;
4729;2023.06.12 17:45;4;14,4375;19,4375;20,0625;1672;202;0;
4730;2023.06.12 18:00;4;14,4375;19,125;19,75;1671;202;0;
4731;2023.06.12 18:15;4;14,4375;18,875;19,625;1671;202;0;
4732;2023.06.12 18:30;4;14,375;18,6875;19,625;1670;202;0;
4733;2023.06.12 18:45;4;14,375;18,5;19,25;1670;202;0;
4734;2023.06.12 19:00;4;14,375;18,1875;18,75;1670;202;0;
4735;2023.06.12 19:15;4;14,375;17,9375;18,25;1670;202;0;
4736;2023.06.12 19:30;4;14,375;17,75;18,125;1669;202;0;
4737;2023.06.12 19:45;4;14,375;17,625;18,25;1669;202;0;
4738;2023.06.12 20:00;4;14,375;17,625;18,375;1669;202;0;
4739;2023.06.12 20:15;4;14,3125;17,625;18,625;1669;202;0;
4740;2023.06.12 20:30;4;14,3125;17,6875;18,9375;1669;202;0;
4741;2023.06.12 20:45;4;14,25;17,75;19,125;1669;202;0;
4742;2023.06.12 21:00;4;14,25;17,6875;19;1670;202;0;
4743;2023.06.12 21:15;4;14,25;17,5;18,5;1668;202;0;
4744;2023.06.12 21:30;4;14,25;17,3125;18,0625;1669;202;0;
4745;2023.06.12 21:45;4;14,25;17,0625;17,375;1669;202;0;
4746;2023.06.12 22:00;4;14,25;16,75;16,625;1668;202;0;
4747;2023.06.12 22:15;4;14,1875;16,4375;16;1668;202;0;
4748;2023.06.12 22:30;4;14,125;16,125;15,5;1668;202;0;
4749;2023.06.12 22:45;4;14,125;15,875;15,125;1668;202;0;
4750;2023.06.12 23:00;4;14,125;15,625;14,75;1668;202;0;
4751;2023.06.12 23:15;4;14,125;15,4375;14,5;1668;202;0;
4752;2023.06.12 23:30;4;14,125;15,25;14,3125;1669;202;0;
4753;2023.06.12 23:45;4;14,0625;15,125;14;1669;202;0;
4754;2023.06.13 00:00;4;14;14,9375;14;1670;202;0;
4755;2023.06.13 00:15;4;14;14,9375;14,3125;1671;202;0;
4756;2023.06.13 00:30;4;14;14,9375;14,4375;1671;202;0;
4757;2023.06.13 00:45;4;13,9375;15,125;15,125;1672;202;0;
4758;2023.06.13 01:00;4;13,875;15,375;15,9375;1672;202;0;
4759;2023.06.13 01:15;4;13,875;15,5625;16,375;1673;202;0;
4760;2023.06.13 01:30;4;13,875;15,625;16,375;1674;202;0;
4761;2023.06.13 01:45;4;13,875;15,75;16,5625;1673;202;0;
4762;2023.06.13 02:00;4;13,8125;15,8125;16,75;1674;202;0;
4763;2023.06.13 02:15;4;13,8125;15,875;16,875;1674;202;0;
4764;2023.06.13 02:30;4;13,75;16;17;1674;202;0;
4765;2023.06.13 02:45;4;13,75;16,0625;17,25;1674;202;0;
4766;2023.06.13 03:00;4;13,75;16,0625;17,125;1674;202;0;
4767;2023.06.13 03:15;4;13,75;16;17;1673;202;0;
4768;2023.06.13 03:30;4;13,75;16;16,75;1673;202;0;
4769;2023.06.13 03:45;4;13,75;15,9375;16,75;1673;202;0;
4770;2023.06.13 04:00;4;13,6875;15,875;16,75;1673;202;0;
4771;2023.06.13 04:15;4;13,6875;15,875;16,8125;1672;202;0;
4772;2023.06.13 04:30;4;13,6875;15,875;17,0625;1673;202;0;
4773;2023.06.13 04:45;4;13,6875;15,875;17;1672;202;0;
4774;2023.06.13 05:00;4;13,625;16;17,125;1672;202;0;
4775;2023.06.13 05:15;4;13,625;16,0625;17,25;1672;202;0;
4776;2023.06.13 05:30;4;13,625;16,1875;17,875;1671;202;0;
4777;2023.06.13 05:45;4;13,625;16,375;18,125;1670;202;0;
4778;2023.06.13 06:00;4;13,625;16,5;18,375;1669;202;0;
4779;2023.06.13 06:15;4;13,625;16,5;18;1667;202;0;
4780;2023.06.13 06:30;4;13,625;16,625;18,5;1667;202;0;
4781;2023.06.13 06:45;4;13,625;16,875;19,25;1665;202;0;
4782;2023.06.13 07:00;4;13,625;17,1875;19,875;1664;202;0;
4783;2023.06.13 07:15;4;13,625;17,5;20,625;1663;202;0;
4784;2023.06.13 07:30;4;13,625;17,875;21,5;1662;202;0;
4785;2023.06.13 07:45;4;13,625;18,125;22;1661;202;0;
4786;2023.06.13 08:00;4;13,625;18,5;22,625;1659;202;0;
4787;2023.06.13 08:15;4;13,625;18,8125;23,25;1658;202;0;
4788;2023.06.13 08:30;4;13,625;19,25;24,125;1657;202;0;
4789;2023.06.13 08:45;4;13,625;20;25,75;1656;202;0;
4790;2023.06.13 09:00;4;13,625;20,5;26,1875;1655;202;0;
4791;2023.06.13 09:15;4;13,625;20,8125;26,125;1654;202;0;
4792;2023.06.13 09:30;4;13,6875;21;26,125;1651;202;0;
4793;2023.06.13 09:45;4;13,75;21;26,25;1649;202;0;
4794;2023.06.13 10:00;4;13,75;21,5;27,25;1648;202;0;
4795;2023.06.13 10:15;4;13,75;21,875;27,5;1647;202;0;
4796;2023.06.13 10:30;4;13,75;21,75;27,125;1644;202;0;
4797;2023.06.13 10:45;4;13,8125;21,75;27,5;1642;202;0;
4798;2023.06.13 11:00;4;13,875;22,0625;28,0625;1639;202;0;
4799;2023.06.13 11:15;4;13,875;22,5;28,875;1638;202;0;
4800;2023.06.13 11:30;4;13,875;23,625;30,8125;1636;202;0;
4801;2023.06.13 11:45;4;13,875;24,75;31,125;1636;202;0;
4802;2023.06.13 12:00;4;13,9375;24,875;30,25;1633;202;0;
4803;2023.06.13 12:15;4;14;24,625;30,375;1629;202;0;
4804;2023.06.13 12:30;4;14;24,3125;30;1626;202;0;
4805;2023.06.13 12:45;4;14,0625;24;29,75;1623;202;0;
4806;2023.06.13 13:00;4;14,125;23,9375;30;1620;202;0;
4807;2023.06.13 13:15;4;14,125;24,25;30,875;1617;202;0;
4808;2023.06.13 13:30;4;14,125;25,9375;34;1616;202;0;
4809;2023.06.13 13:45;4;14,1875;27,75;36,6875;1617;202;0;
4810;2023.06.13 14:00;4;14,25;29,125;38,375;1617;202;0;
4811;2023.06.13 14:15;4;14,25;28,625;36,75;1614;202;0;
4812;2023.06.13 14:30;4;14,375;28,1875;34,875;1610;202;0;
4813;2023.06.13 14:45;4;14,375;27,0625;32,5;1606;202;0;
4814;2023.06.13 15:00;4;14,5;25,6875;29,8125;1601;202;0;
4815;2023.06.13 15:15;4;14,5;25;29,375;1597;202;0;
4816;2023.06.13 15:30;4;14,5625;24,4375;28,625;1593;202;0;
4817;2023.06.13 15:45;4;14,5625;24;28,125;1590;202;0;
4818;2023.06.13 16:00;4;14,625;23,75;28;1588;202;0;
4819;2023.06.13 16:15;4;14,625;23,125;26,5;1585;202;0;
4820;2023.06.13 16:30;4;14,625;22,875;26,4375;1583;202;0;
4821;2023.06.13 16:45;4;14,625;22,375;25,5;1580;202;0;
4822;2023.06.13 17:00;4;14,625;22,1875;25,5625;1579;202;0;
4823;2023.06.13 17:15;4;14,625;21,5;23,9375;1577;202;0;
4824;2023.06.13 17:30;4;14,625;21,1875;23,75;1575;202;0;
4825;2023.06.13 17:45;4;14,625;21,125;24,375;1574;202;0;
4826;2023.06.13 18:00;4;14,625;21,0625;24,25;1573;202;0;
4827;2023.06.13 18:15;4;14,625;20,75;23,3125;1570;202;0;
4828;2023.06.13 18:30;4;14,625;20,25;22,25;1570;202;0;
4829;2023.06.13 18:45;4;14,625;19,75;21,3125;1568;202;0;
4830;2023.06.13 19:00;4;14,625;19,3125;20,625;1566;202;0;
4831;2023.06.13 19:15;4;14,625;18,875;19,9375;1565;202;0;
4832;2023.06.13 19:30;4;14,625;18,5625;19,375;1563;202;0;
4833;2023.06.13 19:45;4;14,5625;18,25;19;1561;202;0;
4834;2023.06.13 20:00;4;14,5625;18;19,25;1561;202;0;
4835;2023.06.13 20:15;4;14,5;17,9375;19,3125;1560;202;0;
4836;2023.06.13 20:30;4;14,5;17,875;19,5;1559;202;0;
4837;2023.06.13 20:45;4;14,5;17,75;19,125;1559;202;0;
4838;2023.06.13 21:00;4;14,5;17,4375;18,125;1558;202;0;
4839;2023.06.13 21:15;4;14,4375;17,25;18,125;1558;202;0;
4840;2023.06.13 21:30;4;14,375;17,0625;17,8125;1557;202;0;
4841;2023.06.13 21:45;4;14,375;16,875;17,4375;1557;202;0;
4842;2023.06.13 22:00;4;14,375;16,625;17;1556;202;0;
4843;2023.06.13 22:15;4;14,3125;16,5;17;1557;202;0;
4844;2023.06.13 22:30;4;14,25;16,375;16,9375;1556;202;0;
4845;2023.06.13 22:45;4;14,25;16,25;16,875;1556;202;0;
4846;2023.06.13 23:00;4;14,25;16,125;16,625;1556;202;0;
4847;2023.06.13 23:15;4;14,25;16;16,375;1556;202;0;
4848;2023.06.13 23:30;4;14,1875;15,875;16,25;1555;202;0;
4849;2023.06.13 23:45;4;14,125;15,75;16;1555;202;0;
4850;2023.06.14 00:00;4;14,125;15,625;16;1555;202;0;
4851;2023.06.14 00:15;4;14,125;15,5;15,75;1554;202;0;
4852;2023.06.14 00:30;4;14,0625;15,5;16;1554;202;0;
4853;2023.06.14 00:45;4;14;15,4375;16,125;1555;202;0;
4854;2023.06.14 01:00;4;14;15,4375;16,1875;1555;202;0;
4855;2023.06.14 01:15;4;14;15,375;15,9375;1554;202;0;
4856;2023.06.14 01:30;4;13,9375;15,25;15,75;1554;202;0;
4857;2023.06.14 01:45;4;13,875;15,25;15,6875;1554;202;0;
4858;2023.06.14 02:00;4;13,875;15,125;15,625;1555;202;0;
4859;2023.06.14 02:15;4;13,875;15,0625;15,5;1555;202;0;
4860;2023.06.14 02:30;4;13,8125;15;15,25;1553;202;0;
4861;2023.06.14 02:45;4;13,8125;15;15,5625;1553;202;0;
4862;2023.06.14 03:00;4;13,75;14,875;15,25;1554;202;0;
4863;2023.06.14 03:15;4;13,75;14,75;15,125;1554;202;0;
4864;2023.06.14 03:30;4;13,75;14,6875;15,3125;1555;202;0;
4865;2023.06.14 03:45;4;13,6875;14,75;15,5;1554;202;0;
4866;2023.06.14 04:00;4;13,625;14,75;15,6875;1555;202;0;
4867;2023.06.14 04:15;4;13,625;14,875;15,9375;1554;202;0;
4868;2023.06.14 04:30;4;13,625;14,875;15,375;1555;202;0;
4869;2023.06.14 04:45;4;13,625;14,5625;14,375;1554;202;0;
4870;2023.06.14 05:00;4;13,5625;14,375;14;1554;202;0;
4871;2023.06.14 05:15;4;13,5;14,25;13,9375;1554;202;0;
4872;2023.06.14 05:30;4;13,5;14,25;14,125;1554;202;0;
4873;2023.06.14 05:45;4;13,5;14,375;14,5;1554;202;0;
4874;2023.06.14 06:00;4;13,5;14,5;14,875;1553;202;0;
4875;2023.06.14 06:15;4;13,4375;14,625;15,4375;1553;202;0;
4876;2023.06.14 06:30;4;13,4375;14,875;16;1553;202;0;
4877;2023.06.14 06:45;4;13,375;15,125;16,375;1553;202;0;
4878;2023.06.14 07:00;4;13,375;15,375;16,875;1552;202;0;
4879;2023.06.14 07:15;4;13,375;15,625;17,5;1551;202;0;
4880;2023.06.14 07:30;4;13,375;16,0625;18,25;1551;202;0;
4881;2023.06.14 07:45;4;13,375;16,375;18,625;1550;202;0;
4882;2023.06.14 08:00;4;13,375;16,625;19;1549;202;0;
4883;2023.06.14 08:15;4;13,375;16,875;19,375;1548;202;0;
4884;2023.06.14 08:30;4;13,375;17,125;19,875;1547;202;0;
4885;2023.06.14 08:45;4;13,375;17,6875;20,6875;1546;202;0;
4886;2023.06.14 09:00;4;13,375;18,125;21,25;1545;202;0;
4887;2023.06.14 09:15;4;13,375;18,625;21,875;1543;202;0;
4888;2023.06.14 09:30;4;13,375;19;22,5625;1543;202;0;
4889;2023.06.14 09:45;4;13,375;19,3125;23,125;1541;202;0;
4890;2023.06.14 10:00;4;13,375;19,75;23,625;1540;202;0;
4891;2023.06.14 10:15;4;13,4375;20,25;24;1540;202;0;
4892;2023.06.14 10:30;4;13,4375;20,125;24,125;1537;202;0;
4893;2023.06.14 10:45;4;13,5;20,25;24,375;1535;202;0;
4894;2023.06.14 11:00;4;13,5;20,375;24,5;1533;202;0;
4895;2023.06.14 11:15;4;13,5;20,875;25,75;1532;202;0;
4896;2023.06.14 11:30;4;13,5;22,5;28,75;1532;202;0;
4897;2023.06.14 11:45;4;13,5625;24,125;29,875;1534;202;0;
4898;2023.06.14 12:00;4;13,5625;24,625;29,0625;1532;202;0;
4899;2023.06.14 12:15;4;13,625;24,5;28,75;1530;202;0;
4900;2023.06.14 12:30;4;13,625;23,875;28;1527;202;0;
4901;2023.06.14 12:45;4;13,75;23,3125;27,3125;1519;202;0;
4902;2023.06.14 13:00;4;13,75;23,125;27,5;1520;202;0;
4903;2023.06.14 13:15;4;13,8125;23,625;28,375;1519;202;0;
4904;2023.06.14 13:30;4;13,875;25,125;31,625;1519;202;0;
4905;2023.06.14 13:45;4;13,875;27;34,5;1521;202;0;
4906;2023.06.14 14:00;4;13,875;28,375;36,125;1519;202;0;
4907;2023.06.14 14:15;4;14;28,1875;34,375;1519;202;0;
4908;2023.06.14 14:30;4;14;27,75;32,5;1516;202;0;
4909;2023.06.14 14:45;4;14,125;26,4375;30,1875;1512;202;0;
4910;2023.06.14 15:00;4;14,125;25;27,6875;1508;202;0;
4911;2023.06.14 15:15;4;14,25;24,0625;26,8125;1504;202;0;
4912;2023.06.14 15:30;4;14,25;23,1875;25,75;1501;202;0;
4913;2023.06.14 15:45;4;14,25;22,625;25,375;1498;202;0;
4914;2023.06.14 16:00;4;14,3125;22,125;24,875;1495;202;0;
4915;2023.06.14 16:15;4;14,3125;21,8125;24,625;1494;202;0;
4916;2023.06.14 16:30;4;14,3125;21,625;24,5625;1492;202;0;
4917;2023.06.14 16:45;4;14,375;21,375;24,25;1490;202;0;
4918;2023.06.14 17:00;4;14,375;21,1875;24,125;1488;202;0;
4919;2023.06.14 17:15;4;14,3125;20,75;23,25;1486;202;0;
4920;2023.06.14 17:30;4;14,3125;20,4375;22,75;1485;202;0;
4921;2023.06.14 17:45;4;14,3125;20,125;22,125;1483;202;0;
4922;2023.06.14 18:00;4;14,3125;19,75;21,8125;1482;202;0;
4923;2023.06.14 18:15;4;14,25;19,375;20,875;1481;202;0;
4924;2023.06.14 18:30;4;14,25;18,9375;20,125;1479;202;0;
4925;2023.06.14 18:45;4;14,25;18,5;19,75;1478;202;0;
4926;2023.06.14 19:00;4;14,25;18,125;19,125;1477;202;0;
4927;2023.06.14 19:15;4;14,25;17,75;18,25;1476;202;0;
4928;2023.06.14 19:30;4;14,1875;17,375;17,8125;1475;202;0;
4929;2023.06.14 19:45;4;14,125;17;17,375;1474;202;0;
4930;2023.06.14 20:00;4;14,125;16,75;17,5;1473;202;0;
4931;2023.06.14 20:15;4;14,125;16,5625;17,25;1473;202;0;
4932;2023.06.14 20:30;4;14,125;16,375;16,8125;1472;202;0;
4933;2023.06.14 20:45;4;14,0625;16,0625;16,25;1471;202;0;
4934;2023.06.14 21:00;4;14;15,75;15,75;1471;202;0;
4935;2023.06.14 21:15;4;14;15,5;15,25;1471;202;0;
4936;2023.06.14 21:30;4;13,9375;15,125;14,625;1470;202;0;
4937;2023.06.14 21:45;4;13,875;14,875;14,125;1470;202;0;
4938;2023.06.14 22:00;4;13,875;14,5;14;1470;202;0;
4939;2023.06.14 22:15;4;13,875;14,375;14,1875;1470;202;0;
4940;2023.06.14 22:30;4;13,8125;14,3125;13,875;1470;202;0;
4941;2023.06.14 22:45;4;13,75;14,125;13,5;1470;202;0;
4942;2023.06.14 23:00;4;13,75;14;13,75;1470;202;0;
4943;2023.06.14 23:15;4;13,6875;13,875;13,4375;1470;202;0;
4944;2023.06.14 23:30;4;13,625;13,8125;13,25;1471;202;0;
4945;2023.06.14 23:45;4;13,625;13,6875;13,25;1471;202;0;
4946;2023.06.15 00:00;4;13,5625;13,625;13,125;1471;202;0;
4947;2023.06.15 00:15;4;13,5;13,5625;13,3125;1472;202;0;
4948;2023.06.15 00:30;4;13,5;13,5625;13,5;1472;202;0;
4949;2023.06.15 00:45;4;13,5;13,625;13,625;1472;202;0;
4950;2023.06.15 01:00;4;13,4375;13,625;13,5625;1473;202;0;
4951;2023.06.15 01:15;4;13,375;13,5625;13,375;1473;202;0;
4952;2023.06.15 01:30;4;13,375;13,5;13,5;1473;202;0;
4953;2023.06.15 01:45;4;13,3125;13,5;13,3125;1474;202;0;
4954;2023.06.15 02:00;4;13,25;13,3125;12,625;1474;202;0;
4955;2023.06.15 02:15;4;13,25;13,125;12,625;1474;202;0;
4956;2023.06.15 02:30;4;13,25;13,125;12,75;1474;202;0;
4957;2023.06.15 02:45;4;13,1875;13,125;12,75;1474;202;0;
4958;2023.06.15 03:00;4;13,1875;13,125;12,75;1475;202;0;
4959;2023.06.15 03:15;4;13,125;13,125;12,9375;1475;202;0;
4960;2023.06.15 03:30;4;13,125;13,125;12,875;1476;202;0;
4961;2023.06.15 03:45;4;13,0625;12,9375;12,375;1476;202;0;
4962;2023.06.15 04:00;4;13,0625;12,875;12,25;1476;202;0;
4963;2023.06.15 04:15;4;13;12,875;12,5;1476;202;0;
4964;2023.06.15 04:30;4;13;13;13;1477;202;0;
4965;2023.06.15 04:45;4;13;13,25;13,625;1477;202;0;
4966;2023.06.15 05:00;4;13;13,5;14;1477;202;0;
4967;2023.06.15 05:15;4;12,9375;13,625;14,125;1478;202;0;
4968;2023.06.15 05:30;4;12,875;13,8125;14,375;1478;202;0;
4969;2023.06.15 05:45;4;12,875;14;14,625;1478;202;0;
4970;2023.06.15 06:00;4;12,875;14,25;15,125;1478;202;0;
4971;2023.06.15 06:15;4;12,875;14,5;15,625;1478;202;0;
4972;2023.06.15 06:30;4;12,875;14,8125;16,1875;1478;202;0;
4973;2023.06.15 06:45;4;12,875;15,125;16,75;1478;202;0;
4974;2023.06.15 07:00;4;12,875;15,4375;17,25;1477;202;0;
4975;2023.06.15 07:15;4;12,875;15,75;17,875;1476;202;0;
4976;2023.06.15 07:30;4;12,875;16,25;18,75;1476;202;0;
4977;2023.06.15 07:45;4;12,875;16,625;19,1875;1475;202;0;
4978;2023.06.15 08:00;4;12,875;16,875;19,625;1473;202;0;
4979;2023.06.15 08:15;4;12,875;17,1875;19,9375;1473;202;0;
4980;2023.06.15 08:30;4;12,875;17,5;20,4375;1471;202;0;
4981;2023.06.15 08:45;4;12,9375;18,125;21,375;1471;202;0;
4982;2023.06.15 09:00;4;12,9375;18,5625;21,8125;1470;202;0;
4983;2023.06.15 09:15;4;13;18,875;22,125;1469;202;0;
4984;2023.06.15 09:30;4;13;19,25;22,625;1468;202;0;
4985;2023.06.15 09:45;4;13;19,5;23,1875;1467;202;0;
4986;2023.06.15 10:00;4;13,0625;19,9375;23,625;1466;202;0;
4987;2023.06.15 10:15;4;13,125;20,375;23,875;1465;202;0;
4988;2023.06.15 10:30;4;13,125;20,3125;23,9375;1464;202;0;
4989;2023.06.15 10:45;4;13,125;20,4375;24,4375;1462;202;0;
4990;2023.06.15 11:00;4;13,1875;20,625;24,625;1461;202;0;
4991;2023.06.15 11:15;4;13,25;21;25,375;1460;202;0;
4992;2023.06.15 11:30;4;13,25;22,4375;28,3125;1460;202;0;
4993;2023.06.15 11:45;4;13,25;24,25;30,125;1462;202;0;
4994;2023.06.15 12:00;4;13,3125;24,875;29,875;1461;202;0;
4995;2023.06.15 12:15;4;13,375;25;29,5;1460;202;0;
4996;2023.06.15 12:30;4;13,4375;24,25;28,25;1457;202;0;
4997;2023.06.15 12:45;4;13,5;23,625;27,625;1454;202;0;
4998;2023.06.15 13:00;4;13,5;23,5;27,9375;1452;202;0;
4999;2023.06.15 13:15;4;13,625;23,75;28,625;1451;202;0;
5000;2023.06.15 13:30;4;13,625;25,4375;31,875;1451;202;0;
5001;2023.06.15 13:45;4;13,625;27,625;35,125;1453;202;0;
5002;2023.06.15 14:00;4;13,75;29,125;36,5;1454;202;0;
5003;2023.06.15 14:15;4;13,75;28,875;35,375;1452;202;0;
5004;2023.06.15 14:30;4;13,875;28,5;34,125;1450;202;0;
5005;2023.06.15 14:45;4;13,9375;27,25;31,125;1446;202;0;
5006;2023.06.15 15:00;4;14;25,8125;28,75;1442;202;0;
5007;2023.06.15 15:15;4;14,0625;24,625;27,375;1438;202;0;
5008;2023.06.15 15:30;4;14,125;23,75;26,25;1435;202;0;
5009;2023.06.15 15:45;4;14,125;23,0625;25,75;1432;202;0;
5010;2023.06.15 16:00;4;14,125;22,625;25,375;1430;202;0;
5011;2023.06.15 16:15;4;14,1875;22,25;25,1875;1428;202;0;
5012;2023.06.15 16:30;4;14,1875;22;24,9375;1427;202;0;
5013;2023.06.15 16:45;4;14,1875;21,75;24,6875;1425;202;0;
5014;2023.06.15 17:00;4;14,1875;21,625;24,75;1424;202;0;
5015;2023.06.15 17:15;4;14,1875;21,3125;24,125;1422;202;0;
5016;2023.06.15 17:30;4;14,1875;21;23,5;1421;202;0;
5017;2023.06.15 17:45;4;14,1875;20,5625;22,5625;1419;202;0;
5018;2023.06.15 18:00;4;14,1875;20,125;21,875;1418;202;0;
5019;2023.06.15 18:15;4;14,125;19,625;20,875;1417;202;0;
5020;2023.06.15 18:30;4;14,125;19,125;20,125;1415;202;0;
5021;2023.06.15 18:45;4;14,125;18,75;19,375;1414;202;0;
5022;2023.06.15 19:00;4;14,125;18,25;18,5625;1413;202;0;
5023;2023.06.15 19:15;4;14,125;17,6875;17,75;1412;202;0;
5024;2023.06.15 19:30;4;14,0625;17,25;17,125;1409;202;0;
5025;2023.06.15 19:45;4;14,0625;16,75;16,625;1407;202;0;
5026;2023.06.15 20:00;4;14;16,4375;16,125;1406;202;0;
5027;2023.06.15 20:15;4;14;16,25;16,3125;1405;202;0;
5028;2023.06.15 20:30;4;14;16,375;17,0625;1405;202;0;
5029;2023.06.15 20:45;4;13,9375;16,5;17,375;1405;202;0;
5030;2023.06.15 21:00;4;13,875;16,5;17,375;1406;202;0;
5031;2023.06.15 21:15;4;13,875;16,5;17,4375;1405;202;0;
5032;2023.06.15 21:30;4;13,875;16,5;17,4375;1406;202;0;
5033;2023.06.15 21:45;4;13,8125;16,375;17,3125;1405;202;0;
5034;2023.06.15 22:00;4;13,75;16,25;17;1405;202;0;
5035;2023.06.15 22:15;4;13,75;16,1875;17;1405;202;0;
5036;2023.06.15 22:30;4;13,75;16,125;17,0625;1404;202;0;
5037;2023.06.15 22:45;4;13,75;16,0625;16,875;1405;202;0;
5038;2023.06.15 23:00;4;13,6875;15,9375;16,5;1404;202;0;
5039;2023.06.15 23:15;4;13,6875;15,75;16,125;1404;202;0;
5040;2023.06.15 23:30;4;13,625;15,5;15,5;1404;202;0;
5041;2023.06.15 23:45;4;13,625;15,25;15;1404;202;0;
5042;2023.06.16 00:00;4;13,625;15;14,75;1404;202;0;
5043;2023.06.16 00:15;4;13,625;14,8125;14,4375;1403;202;0;
5044;2023.06.16 00:30;4;13,5625;14,625;14,0625;1403;202;0;
5045;2023.06.16 00:45;4;13,5;14,375;13,75;1403;202;0;
5046;2023.06.16 01:00;4;13,5;14,25;13,75;1403;202;0;
5047;2023.06.16 01:15;4;13,5;14,125;13,5625;1403;202;0;
5048;2023.06.16 01:30;4;13,4375;14,0625;13,5;1403;202;0;
5049;2023.06.16 01:45;4;13,4375;13,875;13,125;1403;202;0;
5050;2023.06.16 02:00;4;13,375;13,6875;12,6875;1403;202;0;
5051;2023.06.16 02:15;4;13,375;13,375;12,25;1403;202;0;
5052;2023.06.16 02:30;4;13,375;13,25;12;1403;202;0;
5053;2023.06.16 02:45;4;13,3125;13;11,75;1403;202;0;
5054;2023.06.16 03:00;4;13,25;12,875;11,625;1404;202;0;
5055;2023.06.16 03:15;4;13,25;12,8125;11,75;1404;202;0;
5056;2023.06.16 03:30;4;13,1875;12,75;11,75;1405;202;0;
5057;2023.06.16 03:45;4;13,125;12,625;11,5;1405;202;0;
5058;2023.06.16 04:00;4;13,125;12,625;11,4375;1406;202;0;
5059;2023.06.16 04:15;4;13,125;12,625;11,625;1406;202;0;
5060;2023.06.16 04:30;4;13,0625;12,75;12,25;1407;202;0;
5061;2023.06.16 04:45;4;13;12,875;12,5625;1408;202;0;
5062;2023.06.16 05:00;4;13;13,125;13;1409;202;0;
5063;2023.06.16 05:15;4;13;13,375;13,375;1409;202;0;
5064;2023.06.16 05:30;4;13;13,625;13,875;1410;202;0;
5065;2023.06.16 05:45;4;12,9375;13,875;14,375;1410;202;0;
5066;2023.06.16 06:00;4;12,9375;14,25;15,125;1411;202;0;
5067;2023.06.16 06:15;4;12,9375;14,625;15,9375;1411;202;0;
5068;2023.06.16 06:30;4;12,875;15,0625;16,6875;1411;202;0;
5069;2023.06.16 06:45;4;12,875;15,5;17,5;1411;202;0;
5070;2023.06.16 07:00;4;12,875;15,9375;18,0625;1410;202;0;
5071;2023.06.16 07:15;4;12,875;16,3125;18,625;1410;202;0;
5072;2023.06.16 07:30;4;12,9375;16,75;19,375;1409;202;0;
5073;2023.06.16 07:45;4;12,9375;17,1875;20;1409;202;0;
5074;2023.06.16 08:00;4;13;17,5;20,3125;1409;202;0;
5075;2023.06.16 08:15;4;13;17,8125;20,875;1408;202;0;
5076;2023.06.16 08:30;4;13;18,1875;21,5;1407;202;0;
5077;2023.06.16 08:45;4;13;18,875;22,5625;1407;202;0;
5078;2023.06.16 09:00;4;13,0625;19,375;23,25;1406;202;0;
5079;2023.06.16 09:15;4;13,125;19,75;23,375;1405;202;0;
5080;2023.06.16 09:30;4;13,125;20,125;23,75;1404;202;0;
5081;2023.06.16 09:45;4;13,125;20,3125;23,9375;1403;202;0;
5082;2023.06.16 10:00;4;13,1875;20,8125;25,125;1403;202;0;
5083;2023.06.16 10:15;4;13,25;21,375;25,625;1402;202;0;
5084;2023.06.16 10:30;4;13,25;21,375;25,5;1400;202;0;
5085;2023.06.16 10:45;4;13,3125;21,375;25,5;1399;202;0;
5086;2023.06.16 11:00;4;13,375;21,625;26,0625;1398;202;0;
5087;2023.06.16 11:15;4;13,375;22,125;27;1397;202;0;
5088;2023.06.16 11:30;4;13,375;22,625;27,3125;1396;202;0;
5089;2023.06.16 11:45;4;13,5;21,875;24,875;1395;202;0;
5090;2023.06.16 12:00;4;13,5;23,5;28,6875;1395;202;0;
5091;2023.06.16 12:15;4;13,5;24,1875;29;1395;202;0;
5092;2023.06.16 12:30;4;13,625;23,125;26,3125;1392;202;0;
5093;2023.06.16 12:45;4;13,625;22,625;25,875;1390;202;0;
5094;2023.06.16 13:00;4;13,6875;23,25;28,25;1390;202;0;
5095;2023.06.16 13:15;4;13,75;23,1875;27,25;1388;202;0;
5096;2023.06.16 13:30;4;13,75;23,3125;26,75;1388;202;0;
5097;2023.06.16 13:45;4;13,75;25,5;32,25;1388;202;0;
5098;2023.06.16 14:00;4;13,8125;28;35,375;1391;202;0;
5099;2023.06.16 14:15;4;13,875;28,3125;34,5625;1391;202;0;
5100;2023.06.16 14:30;4;13,9375;27,875;32,25;1389;202;0;
5101;2023.06.16 14:45;4;14;27;31,125;1386;202;0;
5102;2023.06.16 15:00;4;14,0625;25,875;29,125;1383;202;0;
5103;2023.06.16 15:15;4;14,125;25;28;1380;202;0;
5104;2023.06.16 15:30;4;14,1875;24,25;27;1377;202;0;
5105;2023.06.16 15:45;4;14,25;23,6875;26,5;1375;202;0;
5106;2023.06.16 16:00;4;14,25;23,25;26,25;1373;202;0;
5107;2023.06.16 16:15;4;14,25;23,0625;26,0625;1371;202;0;
5108;2023.06.16 16:30;4;14,25;22,875;26;1370;202;0;
5109;2023.06.16 16:45;4;14,25;22,75;25,875;1369;202;0;
5110;2023.06.16 17:00;4;14,25;22,4375;25,375;1367;202;0;
5111;2023.06.16 17:15;4;14,25;22,0625;24,625;1366;202;0;
5112;2023.06.16 17:30;4;14,3125;21,75;24,25;1365;202;0;
5113;2023.06.16 17:45;4;14,3125;21,375;23,5625;1363;202;0;
5114;2023.06.16 18:00;4;14,3125;21,0625;23,25;1362;202;0;
5115;2023.06.16 18:15;4;14,25;20,625;22,5625;1361;202;0;
5116;2023.06.16 18:30;4;14,25;20,25;21,8125;1360;202;0;
5117;2023.06.16 18:45;4;14,25;19,8125;21,1875;1359;202;0;
5118;2023.06.16 19:00;4;14,25;19,4375;20,625;1358;202;0;
5119;2023.06.16 19:15;4;14,25;19,0625;20,0625;1357;202;0;
5120;2023.06.16 19:30;4;14,25;18,75;19,75;1357;202;0;
5121;2023.06.16 19:45;4;14,25;18,4375;19,1875;1356;202;0;
5122;2023.06.16 20:00;4;14,25;18,125;18,625;1356;202;0;
5123;2023.06.16 20:15;4;14,1875;17,8125;18,375;1355;202;0;
5124;2023.06.16 20:30;4;14,125;17,6875;18,625;1355;202;0;
5125;2023.06.16 20:45;4;14,125;17,5625;18,375;1354;202;0;
5126;2023.06.16 21:00;4;14,125;17,375;17,875;1354;202;0;
5127;2023.06.16 21:15;4;14,125;17,0625;17,25;1354;202;0;
5128;2023.06.16 21:30;4;14,0625;16,75;16,6875;1353;202;0;
5129;2023.06.16 21:45;4;14;16,4375;16,25;1353;202;0;
5130;2023.06.16 22:00;4;14;16,1875;16;1353;202;0;
5131;2023.06.16 22:15;4;14;15,875;15,5;1352;202;0;
5132;2023.06.16 22:30;4;14;15,6875;15,1875;1353;202;0;
5133;2023.06.16 22:45;4;13,9375;15,375;14,75;1352;202;0;
5134;2023.06.16 23:00;4;13,875;15,125;14,5;1352;202;0;
5135;2023.06.16 23:15;4;13,875;15,1875;15,125;1352;202;0;
5136;2023.06.16 23:30;4;13,875;15,375;15,75;1353;202;0;
5137;2023.06.16 23:45;4;13,8125;15,5;16;1353;202;0;
5138;2023.06.17 00:00;4;13,75;15,5625;16;1353;202;0;
5139;2023.06.17 00:15;4;13,75;15,625;16,3125;1354;202;0;
5140;2023.06.17 00:30;4;13,75;15,625;16,5;1354;202;0;
5141;2023.06.17 00:45;4;13,6875;15,6875;16,5;1354;202;0;
5142;2023.06.17 01:00;4;13,6875;15,75;16,5;1354;202;0;
5143;2023.06.17 01:15;4;13,625;15,6875;16,3125;1354;202;0;
5144;2023.06.17 01:30;4;13,625;15,625;16,375;1354;202;0;
5145;2023.06.17 01:45;4;13,625;15,625;16,375;1354;202;0;
5146;2023.06.17 02:00;4;13,625;15,5;16,125;1354;202;0;
5147;2023.06.17 02:15;4;13,625;15,375;15,625;1354;202;0;
5148;2023.06.17 02:30;4;13,5625;15,1875;15,375;1354;202;0;
5149;2023.06.17 02:45;4;13,5;15;15,125;1353;202;0;
5150;2023.06.17 03:00;4;13,5;14,8125;14,5;1353;202;0;
5151;2023.06.17 03:15;4;13,5;14,625;14,25;1353;202;0;
5152;2023.06.17 03:30;4;13,5;14,4375;14,125;1353;202;0;
5153;2023.06.17 03:45;4;13,5;14,3125;14;1353;202;0;
5154;2023.06.17 04:00;4;13,4375;14,125;13,625;1352;202;0;
5155;2023.06.17 04:15;4;13,375;13,875;13,25;1352;202;0;
5156;2023.06.17 04:30;4;13,375;13,75;13;1352;202;0;
5157;2023.06.17 04:45;4;13,375;13,75;13,375;1352;202;0;
5158;2023.06.17 05:00;4;13,3125;13,9375;13,875;1353;202;0;
5159;2023.06.17 05:15;4;13,25;14,125;14,375;1353;202;0;
5160;2023.06.17 05:30;4;13,25;14,375;14,75;1354;202;0;
5161;2023.06.17 05:45;4;13,25;14,625;15,125;1354;202;0;
5162;2023.06.17 06:00;4;13,25;14,875;15,625;1354;202;0;
5163;2023.06.17 06:15;4;13,25;15,125;16,125;1354;202;0;
5164;2023.06.17 06:30;4;13,25;15,375;16,5;1355;202;0;
5165;2023.06.17 06:45;4;13,1875;15,6875;17,125;1355;202;0;
5166;2023.06.17 07:00;4;13,1875;16;17,625;1355;202;0;
5167;2023.06.17 07:15;4;13,1875;16,25;17,875;1355;202;0;
5168;2023.06.17 07:30;4;13,1875;16,5;18,125;1355;202;0;
5169;2023.06.17 07:45;4;13,1875;16,625;18,125;1355;202;0;
5170;2023.06.17 08:00;4;13,25;16,5;17,75;1354;202;0;
5171;2023.06.17 08:15;4;13,25;16,375;17,5;1353;202;0;
5172;2023.06.17 08:30;4;13,25;16,5625;18;1353;202;0;
5173;2023.06.17 08:45;4;13,25;16,625;18,125;1353;202;0;
5174;2023.06.17 09:00;4;13,25;16,75;18,4375;1353;202;0;
5175;2023.06.17 09:15;4;13,25;16,75;18,125;1352;202;0;
5176;2023.06.17 09:30;4;13,25;16,625;17,8125;1351;202;0;
5177;2023.06.17 09:45;4;13,25;16,6875;18,125;1350;202;0;
5178;2023.06.17 10:00;4;13,25;16,75;18,375;1350;202;0;
5179;2023.06.17 10:15;4;13,25;17;18,75;1350;202;0;
5180;2023.06.17 10:30;4;13,25;17,125;18,875;1349;202;0;
5181;2023.06.17 10:45;4;13,25;17,25;19,25;1349;202;0;
5182;2023.06.17 11:00;4;13,25;17,5;19,625;1349;202;0;
5183;2023.06.17 11:15;4;13,25;17,75;19,875;1348;202;0;
5184;2023.06.17 11:30;4;13,25;18,3125;21,125;1348;202;0;
5185;2023.06.17 11:45;4;13,3125;18,375;20,5625;1347;202;0;
5186;2023.06.17 12:00;4;13,3125;18,375;20,125;1346;202;0;
5187;2023.06.17 12:15;4;13,3125;18,4375;20,5;1346;202;0;
5188;2023.06.17 12:30;4;13,375;18,375;20,125;1345;202;0;
5189;2023.06.17 12:45;4;13,375;18,625;20,125;1344;202;0;
5190;2023.06.17 13:00;4;13,375;18,6875;20,5;1344;202;0;
5191;2023.06.17 13:15;4;13,375;18,9375;20,9375;1344;202;0;
5192;2023.06.17 13:30;4;13,375;19;20,875;1343;202;0;
5193;2023.06.17 13:45;4;13,375;18,9375;20,75;1342;202;0;
5194;2023.06.17 14:00;4;13,4375;19,3125;21,5;1342;202;0;
5195;2023.06.17 14:15;4;13,5;19,125;20,75;1341;202;0;
5196;2023.06.17 14:30;4;13,5;18,9375;20,5;1340;202;0;
5197;2023.06.17 14:45;4;13,5;19,25;21,75;1339;202;0;
5198;2023.06.17 15:00;4;13,5;19,375;21,5;1339;202;0;
5199;2023.06.17 15:15;4;13,5;19,125;20,75;1338;202;0;
5200;2023.06.17 15:30;4;13,5;18,75;20;1336;202;0;
5201;2023.06.17 15:45;4;13,5;18,5;19,875;1335;202;0;
5202;2023.06.17 16:00;4;13,5625;18,375;19,9375;1334;202;0;
5203;2023.06.17 16:15;4;13,5625;18,25;19,5;1333;202;0;
5204;2023.06.17 16:30;4;13,5625;18;19,125;1333;202;0;
5205;2023.06.17 16:45;4;13,5625;17,75;18,9375;1332;202;0;
5206;2023.06.17 17:00;4;13,5625;17,75;19,1875;1331;202;0;
5207;2023.06.17 17:15;4;13,5625;17,75;19,3125;1331;202;0;
5208;2023.06.17 17:30;4;13,5625;17,75;19,25;1330;202;0;
5209;2023.06.17 17:45;4;13,5625;17,625;18,875;1330;202;0;
5210;2023.06.17 18:00;4;13,5625;17,5;18,875;1330;202;0;
5211;2023.06.17 18:15;4;13,5625;17,5;18,9375;1329;202;0;
5212;2023.06.17 18:30;4;13,5;17,375;18,6875;1329;202;0;
5213;2023.06.17 18:45;4;13,5;17,25;18,5;1328;202;0;
5214;2023.06.17 19:00;4;13,5;17,125;18,375;1328;202;0;
5215;2023.06.17 19:15;4;13,5;17;18,125;1327;202;0;
5216;2023.06.17 19:30;4;13,5;16,8125;17,75;1327;202;0;
5217;2023.06.17 19:45;4;13,5;16,625;17,5;1327;202;0;
5218;2023.06.17 20:00;4;13,5;16,5;17,375;1326;202;0;
5219;2023.06.17 20:15;4;13,5;16,375;17,25;1326;202;0;
5220;2023.06.17 20:30;4;13,5;16,25;17,125;1326;202;0;
5221;2023.06.17 20:45;4;13,5;16,1875;17,125;1326;202;0;
5222;2023.06.17 21:00;4;13,5;16,125;16,875;1326;202;0;
5223;2023.06.17 21:15;4;13,4375;15,9375;16,625;1326;202;0;
5224;2023.06.17 21:30;4;13,4375;15,75;16,5;1325;202;0;
5225;2023.06.17 21:45;4;13,375;15,625;16,125;1325;202;0;
5226;2023.06.17 22:00;4;13,375;15,5;16,0625;1325;202;0;
5227;2023.06.17 22:15;4;13,375;15,375;16;1323;202;0;
5228;2023.06.17 22:30;4;13,375;15,375;16,0625;1324;202;0;
5229;2023.06.17 22:45;4;13,375;15,25;16;1324;202;0;
5230;2023.06.17 23:00;4;13,375;15,1875;15,75;1323;202;0;
5231;2023.06.17 23:15;4;13,3125;15,125;15,6875;1324;202;0;
5232;2023.06.17 23:30;4;13,3125;15,0625;15,625;1324;202;0;
5233;2023.06.17 23:45;4;13,25;15,0625;15,75;1324;202;0;
5234;2023.06.18 00:00;4;13,25;15;15,5625;1324;202;0;
5235;2023.06.18 00:15;4;13,25;15;15,5625;1324;202;0;
5236;2023.06.18 00:30;4;13,25;15;15,75;1324;202;0;
5237;2023.06.18 00:45;4;13,25;15;15,75;1324;202;0;
5238;2023.06.18 01:00;4;13,1875;14,9375;15,625;1325;202;0;
5239;2023.06.18 01:15;4;13,1875;14,9375;15,5625;1324;202;0;
5240;2023.06.18 01:30;4;13,125;15;15,875;1324;202;0;
5241;2023.06.18 01:45;4;13,125;15,0625;16,125;1324;202;0;
5242;2023.06.18 02:00;4;13,125;15,125;16,25;1325;202;0;
5243;2023.06.18 02:15;4;13,125;15,1875;16,375;1325;202;0;
5244;2023.06.18 02:30;4;13,125;15,25;16,375;1325;202;0;
5245;2023.06.18 02:45;4;13,125;15,25;16,125;1325;202;0;
5246;2023.06.18 03:00;4;13,125;15,125;15,5;1325;202;0;
5247;2023.06.18 03:15;4;13,125;14,75;14,125;1325;202;0;
5248;2023.06.18 03:30;4;13,0625;14,375;13,25;1324;202;0;
5249;2023.06.18 03:45;4;13,0625;13,9375;12,625;1324;202;0;
5250;2023.06.18 04:00;4;13;13,625;12,375;1323;202;0;
5251;2023.06.18 04:15;4;13;13,375;12,125;1323;202;0;
5252;2023.06.18 04:30;4;13;13,25;12,125;1323;202;0;
5253;2023.06.18 04:45;4;13;13,25;12,375;1324;202;0;
5254;2023.06.18 05:00;4;13;13,25;12,5;1324;202;0;
5255;2023.06.18 05:15;4;12,9375;13,3125;12,625;1325;202;0;
5256;2023.06.18 05:30;4;12,875;13,375;12,6875;1325;202;0;
5257;2023.06.18 05:45;4;12,875;13,5;13,0625;1325;202;0;
5258;2023.06.18 06:00;4;12,875;13,625;13,5;1325;202;0;
5259;2023.06.18 06:15;4;12,875;14;14,375;1326;202;0;
5260;2023.06.18 06:30;4;12,875;14,5;15,125;1326;202;0;
5261;2023.06.18 06:45;4;12,875;14,875;15,75;1327;202;0;
5262;2023.06.18 07:00;4;12,875;15,1875;16,25;1311;202;0;
5263;2023.06.18 07:15;4;12,875;15,5625;17;1310;202;0;
5264;2023.06.18 07:30;4;12,875;15,875;17,5;1309;202;0;
5265;2023.06.18 07:45;4;12,875;16;17,4375;1309;202;0;
5266;2023.06.18 08:00;4;12,875;16,625;18,875;1309;202;0;
5267;2023.06.18 08:15;4;12,875;17,125;19,125;1309;202;0;
5268;2023.06.18 08:30;4;12,875;16,9375;18,125;1308;202;0;
5269;2023.06.18 08:45;4;12,875;16,6875;17,625;1307;202;0;
5270;2023.06.18 09:00;4;12,9375;16,625;17,375;1306;202;0;
5271;2023.06.18 09:15;4;13;16,875;17,75;1306;202;0;
5272;2023.06.18 09:30;4;13;17,3125;18,75;1306;202;0;
5273;2023.06.18 09:45;4;13;18,1875;20,9375;1307;202;0;
5274;2023.06.18 10:00;4;13;18,25;20,1875;1306;202;0;
5275;2023.06.18 10:15;4;13;19,5;22,75;1306;202;0;
5276;2023.06.18 10:30;4;13,0625;20;23,375;1306;202;0;
5277;2023.06.18 10:45;4;13,125;20,25;23,4375;1304;202;0;
5278;2023.06.18 11:00;4;13,125;20,625;24;1304;202;0;
5279;2023.06.18 11:15;4;13,1875;21,25;25;1303;202;0;
5280;2023.06.18 11:30;4;13,25;22,375;26,625;1303;202;0;
5281;2023.06.18 11:45;4;13,25;23,5;27,625;1303;202;0;
5282;2023.06.18 12:00;4;13,375;23,9375;27,25;1303;202;0;
5283;2023.06.18 12:15;4;13,375;23,9375;27,375;1301;202;0;
5284;2023.06.18 12:30;4;13,5;23,4375;26,125;1299;202;0;
5285;2023.06.18 12:45;4;13,5;23,125;25,8125;1297;202;0;
5286;2023.06.18 13:00;4;13,5625;22,6875;25;1295;202;0;
5287;2023.06.18 13:15;4;13,625;22,4375;24,6875;1293;202;0;
5288;2023.06.18 13:30;4;13,625;21,625;23,0625;1291;202;0;
5289;2023.06.18 13:45;4;13,6875;21,125;22,75;1289;202;0;
5290;2023.06.18 14:00;4;13,75;21,625;24,375;1288;202;0;
5291;2023.06.18 14:15;4;13,75;21,1875;23;1287;202;0;
5292;2023.06.18 14:30;4;13,75;20,75;22,25;1285;202;0;
5293;2023.06.18 14:45;4;13,75;20,5;22,0625;1284;202;0;
5294;2023.06.18 15:00;4;13,75;20;21,4375;1283;202;0;
5295;2023.06.18 15:15;4;13,8125;19,75;21,25;1282;202;0;
5296;2023.06.18 15:30;4;13,8125;19,75;21,6875;1281;202;0;
5297;2023.06.18 15:45;4;13,8125;19,75;21,875;1280;202;0;
5298;2023.06.18 16:00;4;13,8125;19,6875;21,625;1280;202;0;
5299;2023.06.18 16:15;4;13,8125;19,6875;21,75;1279;202;0;
5300;2023.06.18 16:30;4;13,8125;19,75;21,75;1279;202;0;
5301;2023.06.18 16:45;4;13,8125;19,4375;21;1278;202;0;
5302;2023.06.18 17:00;4;13,8125;19,125;20,5;1277;202;0;
5303;2023.06.18 17:15;4;13,875;18,875;20;1277;202;0;
5304;2023.06.18 17:30;4;13,875;18,5;19,4375;1276;202;0;
5305;2023.06.18 17:45;4;13,8125;18,25;19,125;1275;202;0;
5306;2023.06.18 18:00;4;13,8125;17,875;18,375;1274;202;0;
5307;2023.06.18 18:15;4;14,125;16;14,875;1473;202;0;
5308;2023.06.18 18:30;4;14,1875;15,0625;14,25;1519;202;0;
5309;2023.06.18 18:45;4;14,125;14,75;14,125;1481;202;0;
5310;2023.06.18 19:00;4;14,125;14,6875;14,25;1552;202;0;
5311;2023.06.18 19:15;4;14;14,625;14,25;1529;202;0;
5312;2023.06.18 19:30;4;14;14,6875;14,25;1517;202;0;
5313;2023.06.18 19:45;4;13,875;14,6875;14,25;1482;202;0;
5314;2023.06.18 20:00;4;13,875;14,625;14,125;1564;202;0;
5315;2023.06.18 20:15;4;13,875;14,625;14,125;1602;202;0;
5316;2023.06.18 20:30;4;14;14,625;14,125;1665;202;0;
5317;2023.06.18 20:45;4;14;14,5625;14,0625;1698;202;0;
5318;2023.06.18 21:00;4;13,9375;14,5;14;1719;202;0;
5319;2023.06.18 21:15;4;13,875;14,5;13,9375;1684;202;0;
5320;2023.06.18 21:30;4;13,875;14,5;13,8125;1695;202;0;
5321;2023.06.18 21:45;4;13,875;14,4375;13,75;1710;202;0;
5322;2023.06.18 22:00;4;13,875;14,375;13,75;1718;202;0;
5323;2023.06.18 22:15;4;13,875;14,375;13,625;1728;202;0;
5324;2023.06.18 22:30;4;13,8125;14,3125;13,625;1686;202;0;
5325;2023.06.18 22:45;4;13,8125;14,25;13,5;1686;202;0;
5326;2023.06.18 23:00;4;13,75;14,25;13,4375;1685;202;0;
5327;2023.06.18 23:15;4;13,75;14,25;13,375;1689;202;0;
5328;2023.06.18 23:30;4;13,75;14,1875;13,375;1707;202;0;
5329;2023.06.18 23:45;4;13,75;14,125;13,375;1713;202;0;
5330;2023.06.19 00:00;4;13,75;14,125;13,25;1710;202;0;
5331;2023.06.19 00:15;4;13,75;14,125;13,25;1707;202;0;
5332;2023.06.19 00:30;4;13,6875;14,125;13,25;1703;202;0;
5333;2023.06.19 00:45;4;13,625;14,0625;13,25;1699;202;0;
5334;2023.06.19 01:00;4;13,625;14,0625;13,375;1695;202;0;
5335;2023.06.19 01:15;4;13,625;14,125;13,375;1692;202;0;
5336;2023.06.19 01:30;4;13,625;14,125;13,375;1687;202;0;
5337;2023.06.19 01:45;4;13,5625;14,0625;13,375;1684;202;0;
5338;2023.06.19 02:00;4;13,5625;14,0625;13,375;1680;202;0;
5339;2023.06.19 02:15;4;13,5;14,0625;13,375;1677;202;0;
5340;2023.06.19 02:30;4;13,5;14;13,375;1680;202;0;
5341;2023.06.19 02:45;4;13,5;14;13,3125;1701;202;0;
5342;2023.06.19 03:00;4;13,625;13,9375;13,25;1970;202;0;
5343;2023.06.19 03:15;4;13,625;13,875;13,375;2039;202;0;
5344;2023.06.19 03:30;4;13,625;13,875;13,5;2036;202;0;
5345;2023.06.19 03:45;4;13,625;13,9375;13,625;2003;202;0;
5346;2023.06.19 04:00;4;13,625;14;13,625;1943;202;0;
5347;2023.06.19 04:15;4;13,5625;14;13,625;1926;202;0;
5348;2023.06.19 04:30;4;13,5625;14;13,6875;1868;202;0;
5349;2023.06.19 04:45;4;13,5;14,0625;13,6875;1855;202;0;
5350;2023.06.19 05:00;4;13,5;14,0625;13,75;1843;202;0;
5351;2023.06.19 05:15;4;13,5;14,125;13,875;1835;202;0;
5352;2023.06.19 05:30;4;13,5;14,1875;14,0625;1826;202;0;
5353;2023.06.19 05:45;4;13,5;14,25;14,25;1818;202;0;
5354;2023.06.19 06:00;4;13,4375;14,375;14,5;1810;202;0;
5355;2023.06.19 06:15;4;13,4375;14,375;14,3125;1815;202;0;
5356;2023.06.19 06:30;4;13,4375;14,375;14,125;1817;202;0;
5357;2023.06.19 06:45;4;13,4375;14,375;14,125;1816;202;0;
5358;2023.06.19 07:00;4;13,4375;14,375;14,125;1812;202;0;
5359;2023.06.19 07:15;4;13,375;14,375;14,3125;1807;202;0;
5360;2023.06.19 07:30;4;13,375;14,5;14,375;1801;202;0;
5361;2023.06.19 07:45;4;13,375;14,625;14,75;1800;202;0;
5362;2023.06.19 08:00;4;13,375;14,625;14,75;1799;202;0;
5363;2023.06.19 08:15;4;13,375;14,75;14,625;1797;202;0;
5364;2023.06.19 08:30;4;13,375;14,75;14,875;1795;202;0;
5365;2023.06.19 08:45;4;13,375;14,875;15,125;1790;202;0;
5366;2023.06.19 09:00;4;13,375;14,9375;14,9375;1787;202;0;
5367;2023.06.19 09:15;4;13,375;15,125;15,3125;1783;202;0;
5368;2023.06.19 09:30;4;13,375;15,1875;15,3125;1779;202;0;
5369;2023.06.19 09:45;4;13,375;15,3125;15,75;1775;202;0;
5370;2023.06.19 10:00;4;13,375;15,375;15,375;1771;202;0;
5371;2023.06.19 10:15;4;13,375;15,5;16;1767;202;0;
5372;2023.06.19 10:30;4;13,375;15,5;15,875;1765;202;0;
5373;2023.06.19 10:45;4;13,375;15,625;16,125;1763;202;0;
5374;2023.06.19 11:00;4;13,375;16;16,5;1759;202;0;
5375;2023.06.19 11:15;4;13,375;16,375;17,4375;1755;202;0;
5376;2023.06.19 11:30;4;13,375;16,625;17,125;1752;202;0;
5377;2023.06.19 11:45;4;13,375;17,125;18;1748;202;0;
5378;2023.06.19 12:00;4;13,375;17,125;17,25;1744;202;0;
5379;2023.06.19 12:15;4;13,375;17;17,125;1739;202;0;
5380;2023.06.19 12:30;4;13,375;17,125;17,875;1736;202;0;
5381;2023.06.19 12:45;4;13,375;17,125;17,875;1731;202;0;
5382;2023.06.19 13:00;4;13,4375;17,375;18,625;1727;202;0;
5383;2023.06.19 13:15;4;13,4375;17,9375;19,625;1724;202;0;
5384;2023.06.19 13:30;4;13,5;18,875;21,75;1721;202;0;
5385;2023.06.19 13:45;4;13,5;19,25;21;1718;202;0;
5386;2023.06.19 14:00;4;13,5;20,125;23,25;1714;202;0;
